Date,Open,High,Low,Close,Volume,Delivery Month,Open Interest
1988-04-22,83.523,83.523,83.473,83.503,62.0,198806.0,51.0
1988-04-25,83.523,83.523,83.423,83.473,37.0,198806.0,78.0
1988-04-26,83.493,83.493,83.493,83.493,6.0,198806.0,72.0
1988-04-27,83.483,83.523,83.483,83.513,28.0,198806.0,95.0
1988-04-28,83.473,83.473,83.473,83.473,37.0,198806.0,132.0
1988-04-29,83.443,83.453,83.433,83.433,40.0,198806.0,162.0
1988-05-02,83.433,83.433,83.433,83.433,7.0,198806.0,157.0
1988-05-03,83.433,83.433,83.423,83.423,13.0,198806.0,149.0
1988-05-04,83.423,83.423,83.423,83.423,0.0,198806.0,149.0
1988-05-05,83.473,83.483,83.473,83.473,47.0,198806.0,164.0
1988-05-06,83.483,83.483,83.453,83.453,40.0,198806.0,189.0
1988-05-09,83.453,83.453,83.453,83.453,20.0,198806.0,199.0
1988-05-10,83.493,83.493,83.483,83.483,30.0,198806.0,224.0
1988-05-11,83.473,83.473,83.463,83.463,71.0,198806.0,290.0
1988-05-12,83.473,83.493,83.473,83.493,23.0,198806.0,300.0
1988-05-13,83.513,83.553,83.503,83.543,74.0,198806.0,345.0
1988-05-16,83.533,83.533,83.533,83.533,13.0,198806.0,350.0
1988-05-17,83.533,83.533,83.533,83.533,45.0,198806.0,360.0
1988-05-18,83.543,83.543,83.543,83.543,40.0,198806.0,390.0
1988-05-19,83.533,83.533,83.533,83.533,25.0,198806.0,400.0
1988-05-20,83.533,83.533,83.533,83.533,10.0,198806.0,410.0
1988-05-24,83.533,83.533,83.533,83.533,0.0,198806.0,410.0
1988-05-25,83.533,83.533,83.533,83.533,0.0,198806.0,410.0
1988-05-26,83.473,83.493,83.473,83.483,120.0,198806.0,480.0
1988-05-27,83.453,83.453,83.453,83.453,10.0,198806.0,460.0
1988-05-30,83.453,83.453,83.453,83.453,0.0,198806.0,460.0
1988-05-31,83.423,83.423,83.373,83.373,60.0,198806.0,450.0
1988-06-01,83.353,83.353,83.323,83.323,60.0,198806.0,465.0
1988-06-03,83.173,83.173,83.173,83.173,20.0,198806.0,520.0
1988-06-06,83.163,83.163,83.163,83.163,20.0,198806.0,520.0
1988-06-07,83.163,83.163,83.163,83.163,85.0,198806.0,580.0
1988-06-08,83.193,83.193,83.193,83.193,5.0,198806.0,585.0
1988-06-09,83.193,83.193,83.193,83.193,10.0,198806.0,595.0
1988-06-10,83.283,83.283,83.283,83.283,0.0,198806.0,550.0
1988-06-13,83.283,83.283,83.283,83.283,0.0,198809.0,550.0
1988-06-14,83.333,83.473,83.333,83.473,10.0,198809.0,350.0
1988-06-15,83.433,83.433,83.413,83.423,100.0,198809.0,440.0
1988-06-16,83.433,83.433,83.433,83.433,23.0,198809.0,448.0
1988-06-17,83.383,83.393,83.383,83.383,62.0,198809.0,495.0
1988-06-20,83.303,83.303,83.283,83.283,50.0,198809.0,435.0
1988-06-21,83.303,83.353,83.303,83.353,35.0,198809.0,450.0
1988-06-22,83.443,83.443,83.443,83.443,15.0,198809.0,460.0
1988-06-23,83.443,83.443,83.443,83.443,0.0,198809.0,460.0
1988-06-24,83.443,83.443,83.443,83.443,0.0,198809.0,460.0
1988-06-27,83.443,83.443,83.443,83.443,0.0,198809.0,378.0
1988-06-28,83.413,83.413,83.413,83.413,30.0,198809.0,398.0
1988-06-29,83.383,83.473,83.373,83.473,310.0,198809.0,533.0
1988-06-30,83.483,83.483,83.483,83.483,22.0,198809.0,540.0
1988-07-04,83.483,83.483,83.483,83.483,10.0,198809.0,550.0
1988-07-05,83.483,83.483,83.483,83.483,0.0,198809.0,545.0
1988-07-06,83.443,83.443,83.443,83.443,18.0,198809.0,550.0
1988-07-07,83.393,83.393,83.383,83.393,33.0,198809.0,548.0
1988-07-08,83.333,83.333,83.333,83.333,9.0,198809.0,557.0
1988-07-11,83.323,83.333,83.323,83.333,64.0,198809.0,603.0
1988-07-12,83.323,83.323,83.323,83.323,0.0,198809.0,603.0
1988-07-13,83.253,83.283,83.253,83.283,58.0,198809.0,622.0
1988-07-15,83.303,83.303,83.303,83.303,0.0,198809.0,622.0
1988-07-18,83.283,83.283,83.283,83.283,5.0,198809.0,627.0
1988-07-19,83.293,83.323,83.293,83.293,20.0,198809.0,647.0
1988-07-20,83.313,83.333,83.313,83.333,56.0,198809.0,692.0
1988-07-21,83.293,83.293,83.263,83.293,50.0,198809.0,697.0
1988-07-22,83.283,83.313,83.273,83.313,70.0,198809.0,704.0
1988-07-25,83.283,83.283,83.253,83.253,30.0,198809.0,719.0
1988-07-26,83.233,83.273,83.233,83.253,100.0,198809.0,791.0
1988-07-27,83.263,83.263,83.233,83.233,70.0,198809.0,834.0
1988-07-28,83.223,83.223,83.183,83.203,40.0,198809.0,813.0
1988-07-29,83.223,83.223,83.183,83.183,65.0,198809.0,801.0
1988-08-01,83.183,83.183,83.183,83.183,0.0,198809.0,801.0
1988-08-02,83.223,83.223,83.223,83.223,25.0,198809.0,806.0
1988-08-03,83.233,83.233,83.213,83.213,70.0,198809.0,851.0
1988-08-04,83.223,83.223,83.223,83.223,35.0,198809.0,857.0
1988-08-05,83.203,83.203,83.083,83.143,243.0,198809.0,987.0
1988-08-08,83.143,83.153,83.143,83.153,100.0,198809.0,867.0
1988-08-09,83.133,83.153,83.053,83.053,235.0,198809.0,854.0
1988-08-10,82.943,82.943,82.943,82.943,119.0,198809.0,821.0
1988-08-11,83.003,83.003,82.943,82.943,113.0,198809.0,701.0
1988-08-12,82.943,82.983,82.943,82.963,87.0,198809.0,718.0
1988-08-15,82.933,82.933,82.883,82.883,45.0,198809.0,737.0
1988-08-16,82.853,82.873,82.843,82.873,128.0,198809.0,704.0
1988-08-17,82.923,82.923,82.923,82.923,114.0,198809.0,745.0
1988-08-18,82.913,82.913,82.883,82.883,70.0,198809.0,722.0
1988-08-19,82.883,82.883,82.883,82.883,15.0,198809.0,662.0
1988-08-22,82.883,82.883,82.883,82.883,90.0,198809.0,729.0
1988-08-23,82.933,82.933,82.903,82.903,142.0,198809.0,819.0
1988-08-25,82.803,82.803,82.773,82.773,209.0,198809.0,827.0
1988-08-26,82.773,82.773,82.773,82.773,69.0,198809.0,768.0
1988-08-29,82.793,82.793,82.793,82.793,60.0,198809.0,768.0
1988-08-30,82.833,82.833,82.823,82.823,90.0,198809.0,773.0
1988-08-31,82.823,82.823,82.823,82.823,160.0,198809.0,858.0
1988-09-01,82.823,82.823,82.783,82.783,180.0,198809.0,918.0
1988-09-02,82.783,82.783,82.783,82.783,170.0,198809.0,907.0
1988-09-06,82.783,82.783,82.783,82.783,65.0,198809.0,912.0
1988-09-07,82.783,82.783,82.783,82.783,60.0,198809.0,949.0
1988-09-08,82.703,82.703,82.703,82.703,45.0,198809.0,889.0
1988-09-09,82.683,82.703,82.663,82.683,123.0,198809.0,977.0
1988-09-12,82.683,82.683,82.683,82.683,15.0,198809.0,921.0
1988-09-13,82.553,82.553,82.533,82.533,49.0,198809.0,910.0
1988-09-14,82.483,82.483,82.483,82.483,65.0,198809.0,861.0
1988-09-15,82.353,82.383,82.353,82.383,79.0,198809.0,872.0
1988-09-16,82.383,82.383,82.383,82.383,170.0,198809.0,817.0
1988-09-19,82.423,82.423,82.423,82.423,10.0,198812.0,570.0
1988-09-20,82.433,82.463,82.433,82.443,38.0,198812.0,540.0
1988-09-21,82.473,82.513,82.473,82.513,37.0,198812.0,554.0
1988-09-22,82.533,82.533,82.533,82.533,25.0,198812.0,503.0
1988-09-23,82.483,82.503,82.453,82.503,60.0,198812.0,523.0
1988-09-26,82.493,82.503,82.493,82.503,40.0,198812.0,558.0
1988-09-27,82.453,82.523,82.453,82.483,328.0,198812.0,871.0
1988-09-28,82.453,82.453,82.443,82.443,69.0,198812.0,935.0
1988-09-29,82.473,82.473,82.443,82.443,32.0,198812.0,910.0
1988-09-30,82.453,82.523,82.453,82.483,32.0,198812.0,900.0
1988-10-03,82.583,82.633,82.583,82.623,40.0,198812.0,925.0
1988-10-04,82.653,82.683,82.653,82.653,20.0,198812.0,910.0
1988-10-05,82.723,82.793,82.703,82.703,88.0,198812.0,916.0
1988-10-06,82.653,82.703,82.653,82.703,53.0,198812.0,871.0
1988-10-07,82.703,82.753,82.703,82.753,70.0,198812.0,906.0
1988-10-11,82.753,82.753,82.753,82.753,5.0,198812.0,906.0
1988-10-12,82.753,82.753,82.753,82.753,5.0,198812.0,911.0
1988-10-13,82.773,82.803,82.773,82.803,74.0,198812.0,965.0
1988-10-14,82.953,82.953,82.853,82.853,71.0,198812.0,952.0
1988-10-17,82.903,82.903,82.873,82.873,45.0,198812.0,927.0
1988-10-18,82.903,82.963,82.903,82.963,95.0,198812.0,907.0
1988-10-19,82.953,82.973,82.943,82.963,90.0,198812.0,912.0
1988-10-20,82.903,82.963,82.903,82.963,120.0,198812.0,967.0
1988-10-21,82.933,82.933,82.933,82.933,70.0,198812.0,1027.0
1988-10-24,82.853,82.853,82.853,82.853,25.0,198812.0,1032.0
1988-10-25,82.833,82.853,82.833,82.853,130.0,198812.0,1038.0
1988-10-26,82.813,82.813,82.813,82.813,45.0,198812.0,1068.0
1988-10-27,82.803,82.813,82.803,82.803,65.0,198812.0,1128.0
1988-10-28,82.803,82.803,82.803,82.803,0.0,198812.0,1088.0
1988-10-31,82.653,82.663,82.653,82.653,45.0,198812.0,1113.0
1988-11-01,82.603,82.603,82.573,82.573,150.0,198812.0,1223.0
1988-11-02,82.623,82.623,82.583,82.603,65.0,198812.0,1238.0
1988-11-03,82.643,82.643,82.633,82.633,124.0,198812.0,1352.0
1988-11-04,82.573,82.613,82.573,82.613,25.0,198812.0,1198.0
1988-11-07,82.513,82.513,82.403,82.403,80.0,198812.0,1233.0
1988-11-08,82.403,82.403,82.403,82.403,25.0,198812.0,1085.0
1988-11-09,82.313,82.333,82.283,82.333,184.0,198812.0,1150.0
1988-11-10,82.333,82.333,82.333,82.333,0.0,198812.0,1150.0
1988-11-11,82.303,82.303,82.303,82.303,15.0,198812.0,1150.0
1988-11-14,82.333,82.333,82.333,82.333,15.0,198812.0,1165.0
1988-11-15,82.293,82.293,82.283,82.283,35.0,198812.0,1200.0
1988-11-16,82.253,82.253,82.173,82.173,60.0,198812.0,1140.0
1988-11-17,82.153,82.153,82.153,82.153,20.0,198812.0,1110.0
1988-11-18,82.153,82.153,82.153,82.153,0.0,198812.0,1110.0
1988-11-21,82.353,82.353,82.353,82.353,87.0,198812.0,1130.0
1988-11-22,82.203,82.253,82.203,82.253,68.0,198812.0,1153.0
1988-11-23,82.203,82.203,82.173,82.203,95.0,198812.0,1183.0
1988-11-24,82.203,82.203,82.153,82.153,75.0,198812.0,1141.0
1988-11-25,82.053,82.153,82.003,82.103,105.0,198812.0,1231.0
1988-11-28,82.073,82.073,82.073,82.073,0.0,198812.0,1186.0
1988-11-29,82.073,82.103,82.053,82.053,90.0,198812.0,1246.0
1988-11-30,82.103,82.153,82.103,82.153,168.0,198812.0,1292.0
1988-12-01,82.183,82.183,82.153,82.153,62.0,198812.0,1299.0
1988-12-02,81.983,81.983,81.973,81.973,59.0,198812.0,1264.0
1988-12-05,81.953,81.953,81.953,81.953,47.0,198812.0,1282.0
1988-12-06,82.003,82.003,82.003,82.003,55.0,198812.0,1265.0
1988-12-07,81.953,81.953,81.953,81.953,97.0,198812.0,1329.0
1988-12-08,81.943,81.943,81.943,81.943,20.0,198812.0,1105.0
1988-12-09,81.953,81.953,81.953,81.953,55.0,198812.0,1125.0
1988-12-12,82.033,82.033,82.033,82.033,37.0,198812.0,1101.0
1988-12-13,82.033,82.033,82.033,82.033,37.0,198812.0,1103.0
1988-12-14,82.003,82.053,82.003,82.003,127.0,198812.0,1143.0
1988-12-15,82.023,82.033,82.023,82.033,47.0,198812.0,1120.0
1988-12-16,82.083,82.083,82.083,82.083,25.0,198812.0,1123.0
1988-12-19,82.093,82.093,82.093,82.093,20.0,198903.0,818.0
1988-12-20,82.123,82.123,82.123,82.123,45.0,198903.0,836.0
1988-12-21,82.193,82.193,82.163,82.193,80.0,198903.0,906.0
1988-12-22,82.143,82.213,82.143,82.213,60.0,198903.0,936.0
1988-12-23,82.213,82.213,82.163,82.213,40.0,198903.0,956.0
1988-12-27,82.213,82.213,82.213,82.213,0.0,198903.0,936.0
1988-12-28,82.113,82.113,82.113,82.113,25.0,198903.0,961.0
1988-12-29,82.093,82.113,82.093,82.113,35.0,198903.0,971.0
1988-12-30,82.113,82.113,82.113,82.113,20.0,198903.0,991.0
1989-01-03,82.113,82.113,82.113,82.113,30.0,198903.0,1011.0
1989-01-04,82.063,82.083,82.063,82.083,55.0,198903.0,1041.0
1989-01-05,82.033,82.053,82.033,82.033,75.0,198903.0,1111.0
1989-01-06,82.013,82.013,82.013,82.013,30.0,198903.0,1121.0
1989-01-09,82.063,82.063,82.063,82.063,25.0,198903.0,1136.0
1989-01-10,82.063,82.063,81.943,81.943,105.0,198903.0,1198.0
1989-01-11,81.983,81.983,81.983,81.983,50.0,198903.0,1263.0
1989-01-12,81.983,81.983,81.943,81.973,135.0,198903.0,1348.0
1989-01-13,81.963,81.973,81.963,81.973,125.0,198903.0,1438.0
1989-01-16,81.963,82.023,81.963,82.023,70.0,198903.0,1408.0
1989-01-17,82.023,82.023,82.013,82.013,65.0,198903.0,1433.0
1989-01-18,82.033,82.093,82.033,82.093,70.0,198903.0,1498.0
1989-01-19,82.113,82.113,82.073,82.073,45.0,198903.0,1483.0
1989-01-20,82.113,82.113,82.113,82.113,25.0,198903.0,1478.0
1989-01-23,82.153,82.153,82.133,82.143,110.0,198903.0,1583.0
1989-01-24,82.143,82.163,82.143,82.163,110.0,198903.0,1613.0
1989-01-25,82.213,82.223,82.173,82.173,224.0,198903.0,1702.0
1989-01-26,82.133,82.133,82.133,82.133,85.0,198903.0,1750.0
1989-01-27,82.213,82.213,82.193,82.193,10.0,198903.0,1735.0
1989-01-30,82.193,82.193,82.193,82.193,0.0,198903.0,1743.0
1989-01-31,82.163,82.163,82.163,82.163,35.0,198903.0,1778.0
1989-02-01,82.173,82.173,82.173,82.173,45.0,198903.0,1798.0
1989-02-02,82.183,82.183,82.093,82.093,60.0,198903.0,1818.0
1989-02-03,82.043,82.083,82.043,82.083,60.0,198903.0,1848.0
1989-02-06,82.083,82.083,82.083,82.083,55.0,198903.0,1878.0
1989-02-07,82.083,82.083,82.083,82.083,15.0,198903.0,1883.0
1989-02-08,82.103,82.113,82.103,82.113,90.0,198903.0,1963.0
1989-02-09,82.073,82.073,82.043,82.063,108.0,198903.0,2006.0
1989-02-10,82.013,82.043,81.963,82.013,110.0,198903.0,2048.0
1989-02-13,82.033,82.033,82.023,82.023,85.0,198903.0,2053.0
1989-02-14,82.003,82.023,82.003,82.023,90.0,198906.0,1276.0
1989-02-15,82.053,82.053,81.993,81.993,40.0,198906.0,1266.0
1989-02-16,81.993,81.993,81.993,81.993,0.0,198906.0,1241.0
1989-02-17,81.973,81.983,81.963,81.963,40.0,198906.0,1271.0
1989-02-20,81.963,81.963,81.933,81.933,65.0,198906.0,1326.0
1989-02-21,81.883,81.883,81.773,81.773,108.0,198906.0,1384.0
1989-02-22,81.703,81.713,81.563,81.573,70.0,198906.0,1374.0
1989-02-23,81.473,81.473,81.323,81.403,70.0,198906.0,1416.0
1989-02-24,81.353,81.353,81.303,81.303,20.0,198906.0,1436.0
1989-02-27,81.403,81.503,81.403,81.453,40.0,198906.0,1471.0
1989-02-28,81.473,81.473,81.403,81.403,35.0,198906.0,1489.0
1989-03-01,81.353,81.413,81.353,81.413,42.0,198906.0,1511.0
1989-03-02,81.503,81.513,81.453,81.503,105.0,198906.0,1598.0
1989-03-03,81.703,81.703,81.503,81.543,110.0,198906.0,1668.0
1989-03-06,81.453,81.483,81.443,81.463,90.0,198906.0,1698.0
1989-03-07,81.403,81.493,81.403,81.493,135.0,198906.0,1758.0
1989-03-08,81.473,81.503,81.433,81.433,182.0,198906.0,1871.0
1989-03-09,81.333,81.403,81.323,81.323,205.0,198906.0,1996.0
1989-03-10,81.323,81.343,81.273,81.273,130.0,198906.0,2009.0
1989-03-13,81.353,81.353,81.303,81.303,55.0,198906.0,2044.0
1989-03-14,81.263,81.263,81.243,81.253,95.0,198906.0,2079.0
1989-03-15,81.183,81.253,81.183,81.203,225.0,198906.0,2234.0
1989-03-16,80.803,80.953,80.753,80.853,275.0,198906.0,2382.0
1989-03-17,80.703,80.703,80.603,80.683,125.0,198906.0,2392.0
1989-03-20,80.753,80.753,80.703,80.723,95.0,198906.0,2442.0
1989-03-21,80.803,80.833,80.793,80.833,45.0,198906.0,2467.0
1989-03-22,80.953,81.003,80.953,81.003,95.0,198906.0,1864.0
1989-03-23,80.933,80.933,80.903,80.903,85.0,198906.0,1888.0
1989-03-27,80.933,80.953,80.933,80.943,52.0,198906.0,1925.0
1989-03-28,81.103,81.103,81.103,81.103,65.0,198906.0,1925.0
1989-03-29,81.133,81.133,81.083,81.123,141.0,198906.0,2024.0
1989-03-30,81.123,81.123,81.123,81.123,15.0,198906.0,2034.0
1989-03-31,81.203,81.353,81.203,81.303,153.0,198906.0,2122.0
1989-04-03,81.393,81.453,81.393,81.453,60.0,198906.0,2142.0
1989-04-04,81.433,81.433,81.373,81.403,60.0,198906.0,2147.0
1989-04-05,81.403,81.403,81.403,81.403,20.0,198906.0,2167.0
1989-04-06,81.353,81.353,81.263,81.263,55.0,198906.0,2182.0
1989-04-07,81.303,81.303,81.303,81.303,27.0,198906.0,2177.0
1989-04-10,81.333,81.343,81.323,81.323,70.0,198906.0,2242.0
1989-04-11,81.283,81.323,81.283,81.323,100.0,198906.0,2302.0
1989-04-12,81.303,81.303,81.203,81.203,25.0,198906.0,2272.0
1989-04-13,81.303,81.553,81.303,81.473,44.0,198906.0,2269.0
1989-04-14,81.303,81.413,81.303,81.393,125.0,198906.0,2299.0
1989-04-17,81.693,81.733,81.623,81.633,45.0,198906.0,2223.0
1989-04-18,81.623,81.803,81.623,81.703,81.0,198906.0,2005.0
1989-04-19,81.653,81.653,81.373,81.503,53.0,198906.0,2003.0
1989-04-20,81.553,81.583,81.553,81.583,102.0,198906.0,2037.0
1989-04-21,81.583,81.583,81.583,81.583,0.0,198906.0,1970.0
1989-04-24,81.603,81.633,81.603,81.613,72.0,198906.0,2026.0
1989-04-25,81.613,81.613,81.613,81.613,10.0,198906.0,1879.0
1989-04-26,81.613,81.613,81.613,81.613,0.0,198906.0,1709.0
1989-04-27,81.643,81.643,81.603,81.613,35.0,198906.0,1727.0
1989-04-28,81.403,81.523,81.403,81.483,122.0,198906.0,1839.0
1989-05-01,81.553,81.553,81.553,81.553,59.0,198906.0,1842.0
1989-05-02,81.583,81.603,81.583,81.603,25.0,198906.0,1841.0
1989-05-03,81.553,81.553,81.553,81.553,25.0,198906.0,1866.0
1989-05-04,81.683,81.703,81.653,81.703,40.0,198906.0,1869.0
1989-05-05,81.603,81.633,81.603,81.633,73.0,198906.0,1899.0
1989-05-08,81.613,81.613,81.553,81.553,36.0,198906.0,1880.0
1989-05-09,81.563,81.563,81.513,81.523,118.0,198906.0,1910.0
1989-05-10,81.623,81.653,81.623,81.653,112.0,198906.0,1946.0
1989-05-11,81.953,81.953,81.833,81.933,152.0,198906.0,2023.0
1989-05-12,81.933,81.933,81.803,81.803,165.0,198906.0,2007.0
1989-05-15,81.753,81.833,81.753,81.833,182.0,198906.0,1943.0
1989-05-16,81.823,81.873,81.813,81.873,308.0,198906.0,2086.0
1989-05-17,81.883,81.983,81.883,81.983,187.0,198906.0,1978.0
1989-05-18,81.953,81.953,81.903,81.903,75.0,198906.0,1964.0
1989-05-19,82.023,82.023,81.903,81.903,50.0,198906.0,1959.0
1989-05-23,81.803,81.813,81.753,81.753,125.0,198906.0,2008.0
1989-05-24,81.753,81.753,81.503,81.603,319.0,198906.0,2217.0
1989-05-25,81.563,81.703,81.563,81.703,220.0,198906.0,2305.0
1989-05-26,81.723,81.723,81.723,81.723,40.0,198906.0,2189.0
1989-05-29,81.843,81.843,81.703,81.703,115.0,198906.0,2284.0
1989-05-30,81.623,81.653,81.593,81.653,90.0,198906.0,2277.0
1989-05-31,81.653,81.653,81.603,81.603,112.0,198906.0,2246.0
1989-06-01,81.653,81.773,81.653,81.723,176.0,198906.0,2332.0
1989-06-02,81.783,81.853,81.783,81.853,336.0,198906.0,2586.0
1989-06-05,81.753,81.763,81.753,81.763,119.0,198906.0,2401.0
1989-06-06,81.763,81.803,81.733,81.733,106.0,198906.0,2283.0
1989-06-07,81.753,81.823,81.753,81.823,120.0,198906.0,2206.0
1989-06-08,81.703,81.733,81.703,81.733,52.0,198906.0,2202.0
1989-06-09,81.683,81.683,81.683,81.683,155.0,198906.0,2342.0
1989-06-12,81.603,81.603,81.603,81.603,116.0,198906.0,2378.0
1989-06-13,81.593,81.593,81.573,81.583,217.0,198906.0,2485.0
1989-06-14,81.553,81.553,81.553,81.553,40.0,198906.0,2352.0
1989-06-15,81.523,81.553,81.513,81.513,164.0,198906.0,2464.0
1989-06-16,81.483,81.483,81.483,81.483,205.0,198906.0,1710.0
1989-06-19,81.463,81.493,81.413,81.413,123.0,198909.0,1778.0
1989-06-20,81.353,81.363,81.283,81.363,160.0,198909.0,1783.0
1989-06-21,81.363,81.393,81.283,81.303,144.0,198909.0,1778.0
1989-06-22,81.303,81.303,81.233,81.243,290.0,198909.0,2000.0
1989-06-23,81.343,81.543,81.343,81.543,215.0,198909.0,1910.0
1989-06-27,81.583,81.623,81.553,81.573,125.0,198909.0,1955.0
1989-06-28,81.553,81.553,81.483,81.493,80.0,198909.0,1935.0
1989-06-29,81.493,81.633,81.493,81.633,102.0,198909.0,1989.0
1989-06-30,81.593,81.623,81.593,81.603,60.0,198909.0,1953.0
1989-07-04,81.563,81.563,81.563,81.563,1.0,198909.0,1943.0
1989-07-05,81.523,81.553,81.513,81.553,120.0,198909.0,2053.0
1989-07-06,81.583,81.743,81.583,81.683,221.0,198909.0,2224.0
1989-07-07,81.653,81.713,81.633,81.633,186.0,198909.0,2180.0
1989-07-10,81.683,81.683,81.583,81.583,136.0,198909.0,2230.0
1989-07-11,81.613,81.613,81.563,81.573,102.0,198909.0,2271.0
1989-07-12,81.583,81.613,81.573,81.593,155.0,198909.0,2296.0
1989-07-13,81.553,81.573,81.533,81.533,91.0,198909.0,2222.0
1989-07-14,81.513,81.533,81.423,81.493,255.0,198909.0,2349.0
1989-07-17,81.433,81.433,81.433,81.433,55.0,198909.0,2379.0
1989-07-18,81.393,81.393,81.363,81.363,107.0,198909.0,2311.0
1989-07-19,81.383,81.403,81.333,81.333,116.0,198909.0,2387.0
1989-07-20,81.353,81.353,81.333,81.333,76.0,198909.0,2357.0
1989-07-21,81.283,81.283,81.253,81.273,45.0,198909.0,2380.0
1989-07-24,81.273,81.273,81.273,81.273,60.0,198909.0,2418.0
1989-07-25,81.263,81.283,81.233,81.283,160.0,198909.0,2488.0
1989-07-26,81.313,81.313,81.303,81.303,40.0,198909.0,2468.0
1989-07-27,81.303,81.303,81.243,81.273,100.0,198909.0,2531.0
1989-07-28,81.273,81.273,81.273,81.273,52.0,198909.0,2539.0
1989-07-31,81.273,81.303,81.273,81.303,48.0,198909.0,2567.0
1989-08-01,81.283,81.333,81.283,81.303,65.0,198909.0,2605.0
1989-08-02,81.233,81.233,81.183,81.193,35.0,198909.0,2601.0
1989-08-03,81.183,81.263,81.183,81.263,255.0,198909.0,2755.0
1989-08-04,81.153,81.153,81.113,81.133,94.0,198909.0,2759.0
1989-08-07,81.133,81.133,81.133,81.133,20.0,198909.0,2779.0
1989-08-08,81.103,81.103,81.063,81.063,86.0,198909.0,2803.0
1989-08-09,81.033,81.033,81.033,81.033,71.0,198909.0,2788.0
1989-08-10,81.023,81.033,80.953,81.023,195.0,198909.0,2933.0
1989-08-11,81.073,81.083,80.953,80.983,139.0,198909.0,3005.0
1989-08-14,80.973,80.983,80.913,80.913,194.0,198909.0,2969.0
1989-08-15,80.913,80.943,80.913,80.943,137.0,198909.0,2965.0
1989-08-16,80.943,80.943,80.943,80.943,35.0,198909.0,2903.0
1989-08-17,80.923,80.933,80.903,80.933,285.0,198909.0,3022.0
1989-08-18,80.883,80.883,80.793,80.813,191.0,198909.0,2844.0
1989-08-21,80.803,80.823,80.753,80.763,103.0,198909.0,2873.0
1989-08-22,80.753,80.753,80.733,80.733,78.0,198909.0,2922.0
1989-08-23,80.753,80.763,80.753,80.763,45.0,198909.0,2863.0
1989-08-24,80.783,80.783,80.783,80.783,95.0,198909.0,2914.0
1989-08-25,80.823,80.823,80.783,80.783,29.0,198909.0,2831.0
1989-08-28,80.753,80.783,80.753,80.783,67.0,198909.0,2872.0
1989-08-29,80.783,80.783,80.783,80.783,68.0,198909.0,2906.0
1989-08-30,80.793,80.793,80.793,80.793,183.0,198909.0,3019.0
1989-08-31,80.803,80.813,80.793,80.813,190.0,198909.0,3000.0
1989-09-01,80.813,80.853,80.813,80.853,55.0,198909.0,2955.0
1989-09-05,80.803,80.803,80.803,80.803,21.0,198909.0,2931.0
1989-09-06,80.803,80.803,80.793,80.793,170.0,198909.0,2844.0
1989-09-07,80.783,80.783,80.753,80.753,54.0,198909.0,2838.0
1989-09-08,80.733,80.753,80.733,80.733,176.0,198909.0,2979.0
1989-09-11,80.713,80.713,80.713,80.713,40.0,198909.0,2866.0
1989-09-12,80.703,80.703,80.693,80.693,85.0,198909.0,2498.0
1989-09-13,80.663,80.663,80.633,80.653,103.0,198909.0,2544.0
1989-09-14,80.653,80.653,80.653,80.653,67.0,198909.0,2564.0
1989-09-15,80.683,80.683,80.653,80.653,124.0,198909.0,2573.0
1989-09-18,80.613,80.613,80.613,80.613,20.0,198912.0,1663.0
1989-09-19,80.593,80.593,80.563,80.563,51.0,198912.0,1700.0
1989-09-20,80.513,80.513,80.493,80.493,32.0,198912.0,1688.0
1989-09-21,80.453,80.493,80.443,80.463,183.0,198912.0,1740.0
1989-09-22,80.443,80.493,80.443,80.473,195.0,198912.0,1714.0
1989-09-25,80.473,80.473,80.453,80.453,100.0,198912.0,1782.0
1989-09-26,80.393,80.413,80.393,80.413,26.0,198912.0,1761.0
1989-09-27,80.453,80.453,80.453,80.453,100.0,198912.0,1861.0
1989-09-28,80.423,80.423,80.353,80.353,174.0,198912.0,1926.0
1989-09-29,80.333,80.333,80.263,80.273,92.0,198912.0,1848.0
1989-10-02,80.313,80.313,80.313,80.313,40.0,198912.0,1883.0
1989-10-03,80.313,80.313,80.313,80.313,0.0,198912.0,1863.0
1989-10-04,80.323,80.323,80.313,80.313,81.0,198912.0,1944.0
1989-10-05,80.293,80.313,80.273,80.273,150.0,198912.0,1969.0
1989-10-06,80.313,80.313,80.283,80.283,75.0,198912.0,2009.0
1989-10-10,80.413,80.433,80.363,80.363,115.0,198912.0,2086.0
1989-10-11,80.333,80.333,80.333,80.333,50.0,198912.0,2091.0
1989-10-12,80.323,80.343,80.323,80.343,110.0,198912.0,2111.0
1989-10-13,80.353,80.353,80.313,80.313,170.0,198912.0,2263.0
1989-10-16,80.443,80.453,80.443,80.453,235.0,198912.0,2343.0
1989-10-17,80.413,80.483,80.413,80.463,296.0,198912.0,2476.0
1989-10-18,80.443,80.443,80.373,80.413,40.0,198912.0,2291.0
1989-10-19,80.413,80.413,80.373,80.403,242.0,198912.0,2431.0
1989-10-20,80.413,80.453,80.413,80.443,84.0,198912.0,2441.0
1989-10-23,80.443,80.443,80.443,80.443,10.0,198912.0,2451.0
1989-10-24,80.453,80.523,80.453,80.513,167.0,198912.0,2528.0
1989-10-25,80.463,80.463,80.463,80.463,15.0,198912.0,2480.0
1989-10-26,80.433,80.433,80.433,80.433,52.0,198912.0,2500.0
1989-10-27,80.413,80.433,80.413,80.433,85.0,198912.0,2529.0
1989-10-30,80.393,80.393,80.383,80.383,65.0,198912.0,2499.0
1989-10-31,80.393,80.393,80.363,80.363,138.0,198912.0,2507.0
1989-11-01,80.343,80.343,80.293,80.303,160.0,198912.0,2591.0
1989-11-02,80.313,80.313,80.273,80.273,45.0,198912.0,2603.0
1989-11-03,80.243,80.263,80.233,80.233,100.0,198912.0,2587.0
1989-11-06,80.213,80.233,80.213,80.233,93.0,198912.0,2605.0
1989-11-07,80.253,80.253,80.243,80.253,53.0,198912.0,2605.0
1989-11-08,80.303,80.303,80.303,80.303,20.0,198912.0,2565.0
1989-11-09,80.273,80.283,80.243,80.243,75.0,198912.0,2432.0
1989-11-10,80.213,80.223,80.193,80.193,65.0,198912.0,2467.0
1989-11-13,80.193,80.193,80.193,80.193,0.0,198912.0,2457.0
1989-11-14,80.193,80.193,80.193,80.193,20.0,198912.0,2432.0
1989-11-15,80.193,80.193,80.193,80.193,0.0,198912.0,2432.0
1989-11-16,80.183,80.203,80.183,80.193,75.0,198912.0,2472.0
1989-11-17,80.213,80.213,80.213,80.213,135.0,198912.0,2467.0
1989-11-20,80.213,80.213,80.213,80.213,50.0,198912.0,2462.0
1989-11-21,80.193,80.203,80.193,80.203,100.0,198912.0,2427.0
1989-11-22,80.183,80.203,80.183,80.203,235.0,198912.0,2452.0
1989-11-23,80.173,80.173,80.173,80.173,22.0,198912.0,2384.0
1989-11-24,80.213,80.223,80.193,80.193,150.0,198912.0,2464.0
1989-11-27,80.183,80.183,80.153,80.153,55.0,198912.0,2347.0
1989-11-28,80.153,80.163,80.143,80.143,130.0,198912.0,2342.0
1989-11-29,80.143,80.143,80.143,80.143,96.0,198912.0,2296.0
1989-11-30,80.153,80.153,80.153,80.153,150.0,198912.0,2365.0
1989-12-01,80.173,80.173,80.153,80.153,150.0,198912.0,2425.0
1989-12-04,80.153,80.153,80.153,80.153,175.0,198912.0,2523.0
1989-12-05,80.133,80.133,80.133,80.133,269.0,198912.0,2695.0
1989-12-06,80.133,80.133,80.133,80.133,265.0,198912.0,2840.0
1989-12-07,80.113,80.113,80.113,80.113,127.0,198912.0,2861.0
1989-12-08,80.123,80.123,80.123,80.123,95.0,198912.0,2781.0
1989-12-11,80.153,80.173,80.153,80.173,355.0,198912.0,3044.0
1989-12-12,80.163,80.163,80.143,80.143,255.0,198912.0,3006.0
1989-12-13,80.113,80.123,80.113,80.123,540.0,198912.0,3244.0
1989-12-14,80.123,80.123,80.123,80.123,215.0,198912.0,2991.0
1989-12-15,80.103,80.103,80.103,80.103,500.0,198912.0,3056.0
1989-12-18,80.123,80.123,80.073,80.083,150.0,199003.0,2151.0
1989-12-19,80.113,80.123,80.103,80.103,205.0,199003.0,2516.0
1989-12-20,80.123,80.153,80.103,80.153,91.0,199003.0,2597.0
1989-12-21,80.163,80.173,80.103,80.103,108.0,199003.0,2715.0
1989-12-22,80.083,80.123,80.063,80.123,78.0,199003.0,2793.0
1989-12-27,80.103,80.103,80.083,80.083,20.0,199003.0,2695.0
1989-12-28,80.083,80.083,80.083,80.083,331.0,199003.0,2880.0
1989-12-29,80.093,80.103,80.083,80.083,140.0,199003.0,3015.0
1990-01-02,80.083,80.103,80.083,80.103,150.0,199003.0,3115.0
1990-01-03,80.043,80.073,80.043,80.073,206.0,199003.0,3321.0
1990-01-04,80.083,80.093,80.053,80.083,233.0,199003.0,3471.0
1990-01-05,80.083,80.083,80.073,80.083,135.0,199003.0,3556.0
1990-01-08,80.053,80.053,80.013,80.013,205.0,199003.0,3558.0
1990-01-09,80.033,80.033,80.033,80.033,80.0,199003.0,3613.0
1990-01-10,80.033,80.033,79.993,79.993,346.0,199003.0,3884.0
1990-01-11,79.983,79.993,79.923,79.923,298.0,199003.0,4039.0
1990-01-12,79.923,79.963,79.913,79.963,535.0,199003.0,4531.0
1990-01-15,80.053,80.273,80.023,80.143,377.0,199003.0,4661.0
1990-01-16,80.123,80.263,80.123,80.193,141.0,199003.0,4624.0
1990-01-17,80.203,80.333,80.203,80.333,185.0,199003.0,4608.0
1990-01-18,80.333,80.333,80.243,80.263,322.0,199003.0,4821.0
1990-01-19,80.273,80.283,80.243,80.243,307.0,199003.0,5023.0
1990-01-22,80.223,80.243,80.223,80.243,125.0,199003.0,4938.0
1990-01-23,80.183,80.203,80.183,80.193,275.0,199003.0,4424.0
1990-01-24,80.203,80.203,80.163,80.173,85.0,199003.0,4374.0
1990-01-25,80.163,80.163,80.043,80.043,560.0,199003.0,4554.0
1990-01-26,79.933,79.973,79.893,79.953,422.0,199003.0,4736.0
1990-01-29,79.883,79.923,79.803,79.803,290.0,199003.0,4596.0
1990-01-30,79.783,79.843,79.723,79.773,417.0,199003.0,4616.0
1990-01-31,79.783,79.853,79.753,79.783,690.0,199003.0,4934.0
1990-02-01,79.773,79.773,79.583,79.643,590.0,199003.0,5134.0
1990-02-02,79.583,79.603,79.573,79.603,308.0,199003.0,5173.0
1990-02-05,79.573,79.613,79.563,79.613,235.0,199003.0,5179.0
1990-02-06,79.643,79.643,79.593,79.593,214.0,199003.0,5086.0
1990-02-07,79.523,79.533,79.443,79.453,924.0,199003.0,5556.0
1990-02-08,79.313,79.343,79.173,79.223,911.0,199003.0,5976.0
1990-02-09,79.173,79.303,79.163,79.293,782.0,199003.0,6180.0
1990-02-12,79.243,79.243,79.163,79.173,515.0,199003.0,6109.0
1990-02-13,79.203,79.273,79.203,79.243,351.0,199003.0,6237.0
1990-02-14,79.193,79.193,79.023,79.043,810.0,199003.0,6489.0
1990-02-15,78.983,78.983,78.723,78.853,828.0,199003.0,6886.0
1990-02-16,78.823,78.943,78.813,78.813,467.0,199003.0,6766.0
1990-02-19,78.873,78.893,78.813,78.813,345.0,199003.0,6569.0
1990-02-20,78.813,78.823,78.763,78.763,666.0,199003.0,6899.0
1990-02-21,78.753,78.823,78.733,78.813,591.0,199003.0,7285.0
1990-02-22,78.823,78.823,78.773,78.803,522.0,199003.0,7466.0
1990-02-23,78.723,78.733,78.693,78.733,232.0,199003.0,5840.0
1990-02-26,78.733,78.733,78.573,78.593,343.0,199003.0,4921.0
1990-02-27,78.533,78.613,78.503,78.503,690.0,199003.0,5166.0
1990-02-28,78.483,78.513,78.463,78.483,485.0,199003.0,5001.0
1990-03-01,78.533,78.553,78.413,78.423,529.0,199003.0,4824.0
1990-03-02,78.493,78.493,78.453,78.453,360.0,199003.0,4516.0
1990-03-05,78.473,78.503,78.423,78.423,553.0,199003.0,4741.0
1990-03-06,78.493,78.493,78.453,78.463,545.0,199003.0,4867.0
1990-03-07,78.493,78.523,78.483,78.523,297.0,199003.0,4856.0
1990-03-08,78.563,78.563,78.523,78.563,400.0,199003.0,4254.0
1990-03-09,78.493,78.523,78.493,78.503,318.0,199003.0,4147.0
1990-03-12,78.493,78.493,78.473,78.493,61.0,199003.0,4000.0
1990-03-13,78.493,78.513,78.493,78.513,421.0,199003.0,4285.0
1990-03-14,78.523,78.523,78.523,78.523,271.0,199003.0,4043.0
1990-03-15,78.513,78.513,78.513,78.513,91.0,199003.0,4004.0
1990-03-16,78.513,78.513,78.513,78.513,237.0,199003.0,4243.0
1990-03-19,78.493,78.513,78.493,78.503,179.0,199006.0,3359.0
1990-03-20,78.513,78.563,78.503,78.563,460.0,199006.0,3722.0
1990-03-21,78.553,78.563,78.553,78.563,185.0,199006.0,3468.0
1990-03-22,78.593,78.633,78.583,78.583,345.0,199006.0,3692.0
1990-03-23,78.573,78.573,78.573,78.573,35.0,199006.0,3712.0
1990-03-26,78.603,78.633,78.603,78.633,70.0,199006.0,3521.0
1990-03-27,78.593,78.593,78.533,78.553,251.0,199006.0,3652.0
1990-03-28,78.523,78.523,78.423,78.423,510.0,199006.0,3742.0
1990-03-29,78.393,78.393,78.103,78.103,882.0,199006.0,4058.0
1990-03-30,78.193,78.223,78.023,78.103,663.0,199006.0,3903.0
1990-04-02,78.283,78.343,78.143,78.273,824.0,199006.0,4087.0
1990-04-03,78.303,78.303,78.263,78.263,163.0,199006.0,3472.0
1990-04-04,78.223,78.303,78.223,78.243,282.0,199006.0,3574.0
1990-04-05,78.133,78.193,78.083,78.143,619.0,199006.0,3836.0
1990-04-06,78.013,78.143,77.923,77.953,581.0,199006.0,3969.0
1990-04-09,78.003,78.083,78.003,78.063,290.0,199006.0,3739.0
1990-04-10,78.123,78.193,78.093,78.193,315.0,199006.0,3977.0
1990-04-11,78.243,78.273,78.193,78.193,386.0,199006.0,4180.0
1990-04-12,78.203,78.233,78.193,78.233,197.0,199006.0,3842.0
1990-04-16,78.213,78.213,78.203,78.203,115.0,199006.0,3836.0
1990-04-17,78.093,78.143,78.033,78.063,568.0,199006.0,4154.0
1990-04-18,78.093,78.093,77.963,78.043,726.0,199006.0,4301.0
1990-04-19,77.963,77.973,77.873,77.873,463.0,199006.0,4399.0
1990-04-20,77.933,77.963,77.883,77.893,265.0,199006.0,4230.0
1990-04-23,77.943,77.993,77.923,77.953,463.0,199006.0,4508.0
1990-04-24,77.943,77.993,77.943,77.963,358.0,199006.0,4337.0
1990-04-25,77.963,78.003,77.963,77.973,185.0,199006.0,3992.0
1990-04-26,77.923,78.033,77.923,78.003,240.0,199006.0,4025.0
1990-04-27,77.983,78.073,77.983,78.013,189.0,199006.0,3859.0
1990-04-30,78.043,78.093,78.033,78.063,550.0,199006.0,4192.0
1990-05-01,78.113,78.153,78.063,78.073,445.0,199006.0,4192.0
1990-05-02,78.023,78.043,78.013,78.043,470.0,199006.0,4208.0
1990-05-03,78.073,78.093,78.063,78.083,216.0,199006.0,3979.0
1990-05-04,78.083,78.213,78.083,78.203,680.0,199006.0,4339.0
1990-05-07,78.193,78.233,78.193,78.233,299.0,199006.0,4274.0
1990-05-08,78.213,78.213,78.163,78.163,162.0,199006.0,4322.0
1990-05-09,78.103,78.143,78.093,78.123,500.0,199006.0,4437.0
1990-05-10,78.113,78.363,78.113,78.253,830.0,199006.0,4832.0
1990-05-11,78.233,78.253,78.073,78.113,872.0,199006.0,4832.0
1990-05-14,78.143,78.173,78.143,78.173,266.0,199006.0,4832.0
1990-05-15,78.113,78.143,78.113,78.133,385.0,199006.0,4832.0
1990-05-16,78.163,78.163,78.103,78.123,315.0,199006.0,4832.0
1990-05-17,78.143,78.153,78.123,78.123,340.0,199006.0,4832.0
1990-05-18,78.193,78.243,78.173,78.193,305.0,199006.0,4832.0
1990-05-22,78.073,78.113,77.843,77.923,924.0,199006.0,4832.0
1990-05-23,77.963,77.963,77.843,77.893,693.0,199006.0,5635.0
1990-05-24,77.893,77.923,77.863,77.893,411.0,199006.0,5038.0
1990-05-25,77.863,77.893,77.863,77.883,154.0,199006.0,4895.0
1990-05-28,77.923,77.923,77.923,77.923,95.0,199006.0,4922.0
1990-05-29,77.923,77.923,77.853,77.873,495.0,199006.0,5184.0
1990-05-30,77.883,77.973,77.853,77.953,305.0,199006.0,5038.0
1990-05-31,77.943,77.993,77.933,77.993,216.0,199006.0,4822.0
1990-06-01,78.023,78.043,77.953,77.953,232.0,199006.0,4850.0
1990-06-04,77.903,77.923,77.893,77.923,215.0,199006.0,4950.0
1990-06-05,77.933,77.933,77.873,77.873,210.0,199006.0,5106.0
1990-06-06,77.963,78.003,77.943,77.993,529.0,199006.0,5320.0
1990-06-07,78.073,78.093,78.023,78.033,441.0,199006.0,5196.0
1990-06-08,77.993,78.023,77.983,77.983,245.0,199006.0,5023.0
1990-06-11,78.023,78.073,78.023,78.023,161.0,199006.0,5071.0
1990-06-12,78.003,78.003,77.963,77.963,334.0,199006.0,5145.0
1990-06-13,77.983,77.993,77.973,77.983,431.0,199006.0,5132.0
1990-06-14,77.983,77.983,77.973,77.973,166.0,199006.0,4967.0
1990-06-15,78.003,78.003,77.943,77.943,445.0,199006.0,5357.0
1990-06-18,77.853,77.883,77.673,77.673,431.0,199009.0,5511.0
1990-06-19,77.553,77.633,77.523,77.593,529.0,199009.0,4233.0
1990-06-20,77.653,77.653,77.603,77.633,227.0,199009.0,4355.0
1990-06-21,77.613,77.613,77.453,77.543,303.0,199009.0,4475.0
1990-06-22,77.533,77.533,77.463,77.503,361.0,199009.0,4618.0
1990-06-26,77.653,77.693,77.613,77.663,479.0,199009.0,4297.0
1990-06-27,77.683,77.833,77.683,77.763,644.0,199009.0,4374.0
1990-06-28,77.783,77.803,77.703,77.773,552.0,199009.0,4483.0
1990-06-29,77.763,77.813,77.743,77.743,233.0,199009.0,4460.0
1990-07-03,77.823,77.823,77.783,77.813,134.0,199009.0,3901.0
1990-07-04,77.753,77.753,77.713,77.713,80.0,199009.0,3924.0
1990-07-05,77.713,77.773,77.713,77.753,392.0,199009.0,3924.0
1990-07-06,77.713,77.713,77.633,77.683,563.0,199009.0,4567.0
1990-07-09,77.693,77.713,77.623,77.623,251.0,199009.0,4480.0
1990-07-10,77.633,77.633,77.603,77.623,182.0,199009.0,4204.0
1990-07-11,77.633,77.653,77.633,77.653,220.0,199009.0,4324.0
1990-07-12,77.613,77.713,77.613,77.713,430.0,199009.0,4485.0
1990-07-13,77.713,77.763,77.703,77.723,373.0,199009.0,4497.0
1990-07-16,77.723,77.763,77.713,77.743,151.0,199009.0,4538.0
1990-07-17,77.793,77.813,77.783,77.783,175.0,199009.0,4463.0
1990-07-18,77.813,77.853,77.783,77.853,526.0,199009.0,4772.0
1990-07-19,77.803,77.833,77.793,77.793,111.0,199009.0,4733.0
1990-07-20,77.833,77.903,77.803,77.873,365.0,199009.0,4918.0
1990-07-23,77.883,77.943,77.883,77.893,181.0,199009.0,4607.0
1990-07-24,77.893,77.963,77.893,77.963,163.0,199009.0,4541.0
1990-07-25,77.943,77.983,77.943,77.983,265.0,199009.0,4611.0
1990-07-26,77.983,78.013,77.973,78.013,285.0,199009.0,4587.0
1990-07-27,78.053,78.183,78.053,78.103,435.0,199009.0,4693.0
1990-07-30,78.083,78.103,78.083,78.093,196.0,199009.0,4633.0
1990-07-31,78.123,78.163,78.103,78.153,311.0,199009.0,4796.0
1990-08-01,78.163,78.213,78.143,78.203,581.0,199009.0,4685.0
1990-08-02,78.113,78.153,78.113,78.133,165.0,199009.0,4434.0
1990-08-03,78.123,78.183,78.103,78.173,453.0,199009.0,4668.0
1990-08-06,78.153,78.153,78.153,78.153,30.0,199009.0,4678.0
1990-08-07,78.193,78.193,78.123,78.133,346.0,199009.0,4851.0
1990-08-08,78.123,78.133,78.103,78.103,187.0,199009.0,4716.0
1990-08-09,78.093,78.103,78.093,78.103,130.0,199009.0,4699.0
1990-08-10,78.133,78.163,78.133,78.163,385.0,199009.0,4699.0
1990-08-13,78.183,78.253,78.173,78.243,486.0,199009.0,5056.0
1990-08-14,78.313,78.343,78.303,78.313,505.0,199009.0,5202.0
1990-08-15,78.303,78.313,78.283,78.303,193.0,199009.0,5260.0
1990-08-16,78.233,78.363,78.233,78.363,460.0,199009.0,5483.0
1990-08-17,78.353,78.363,78.323,78.323,356.0,199009.0,5503.0
1990-08-20,78.283,78.283,78.233,78.253,228.0,199009.0,5392.0
1990-08-21,78.183,78.193,78.163,78.163,446.0,199009.0,5543.0
1990-08-22,78.223,78.223,78.143,78.153,396.0,199009.0,5549.0
1990-08-23,78.143,78.203,78.133,78.133,336.0,199009.0,5516.0
1990-08-24,78.163,78.213,78.163,78.183,751.0,199009.0,5832.0
1990-08-27,78.183,78.183,78.153,78.153,55.0,199009.0,5576.0
1990-08-28,78.173,78.173,78.143,78.163,358.0,199009.0,5696.0
1990-08-29,78.143,78.143,78.113,78.143,877.0,199009.0,5837.0
1990-08-30,78.213,78.233,78.213,78.213,313.0,199009.0,5749.0
1990-08-31,78.213,78.263,78.213,78.263,204.0,199009.0,5537.0
1990-09-04,78.243,78.243,78.173,78.173,88.0,199009.0,5479.0
1990-09-05,78.193,78.203,78.183,78.203,101.0,199009.0,5479.0
1990-09-06,78.243,78.263,78.223,78.253,603.0,199009.0,5922.0
1990-09-07,78.253,78.283,78.253,78.273,347.0,199009.0,5866.0
1990-09-10,78.283,78.283,78.263,78.263,425.0,199009.0,5934.0
1990-09-11,78.223,78.253,78.223,78.253,206.0,199009.0,5868.0
1990-09-12,78.303,78.303,78.293,78.303,489.0,199009.0,6111.0
1990-09-13,78.313,78.363,78.293,78.303,494.0,199009.0,5918.0
1990-09-14,78.353,78.353,78.303,78.303,279.0,199009.0,5679.0
1990-09-17,78.303,78.313,78.203,78.273,295.0,199012.0,5710.0
1990-09-18,78.223,78.243,78.173,78.243,153.0,199012.0,4750.0
1990-09-19,78.203,78.243,78.183,78.193,121.0,199012.0,4678.0
1990-09-20,78.213,78.243,78.203,78.223,259.0,199012.0,4841.0
1990-09-21,78.213,78.213,78.183,78.183,86.0,199012.0,4700.0
1990-09-24,78.153,78.153,77.983,77.983,255.0,199012.0,4878.0
1990-09-25,78.003,78.003,77.873,77.873,369.0,199012.0,5032.0
1990-09-26,77.913,77.923,77.753,77.823,608.0,199012.0,5067.0
1990-09-27,77.863,77.883,77.573,77.743,1078.0,199012.0,5590.0
1990-09-28,77.773,77.783,77.673,77.783,316.0,199012.0,5109.0
1990-10-01,77.853,77.973,77.853,77.943,439.0,199012.0,5174.0
1990-10-02,77.973,77.973,77.883,77.943,214.0,199012.0,5011.0
1990-10-03,77.873,77.913,77.853,77.893,242.0,199012.0,4789.0
1990-10-04,77.883,77.883,77.793,77.843,215.0,199012.0,4880.0
1990-10-05,77.843,77.843,77.823,77.823,30.0,199012.0,4842.0
1990-10-09,77.763,77.763,77.733,77.733,41.0,199012.0,4873.0
1990-10-10,77.673,77.673,77.603,77.653,335.0,199012.0,4948.0
1990-10-11,77.663,77.683,77.623,77.683,305.0,199012.0,4724.0
1990-10-12,77.693,77.693,77.693,77.693,107.0,199012.0,4710.0
1990-10-15,77.653,77.673,77.643,77.663,280.0,199012.0,4877.0
1990-10-16,77.573,77.603,77.573,77.583,451.0,199012.0,5056.0
1990-10-17,77.523,77.523,77.413,77.413,306.0,199012.0,5061.0
1990-10-18,77.473,77.473,77.353,77.413,653.0,199012.0,4948.0
1990-10-19,77.433,77.433,77.323,77.323,241.0,199012.0,4720.0
1990-10-22,77.323,77.353,77.283,77.313,330.0,199012.0,4705.0
1990-10-23,77.273,77.303,77.213,77.293,355.0,199012.0,4795.0
1990-10-24,77.363,77.413,77.363,77.413,300.0,199012.0,4930.0
1990-10-25,77.383,77.423,77.353,77.363,378.0,199012.0,5116.0
1990-10-26,77.373,77.393,77.373,77.393,193.0,199012.0,4915.0
1990-10-29,77.433,77.443,77.413,77.413,141.0,199012.0,4740.0
1990-10-30,77.373,77.373,77.373,77.373,80.0,199012.0,4726.0
1990-10-31,77.353,77.433,77.353,77.433,125.0,199012.0,4582.0
1990-11-01,77.443,77.443,77.423,77.423,130.0,199012.0,4607.0
1990-11-02,77.453,77.483,77.453,77.453,365.0,199012.0,4852.0
1990-11-05,77.473,77.483,77.473,77.473,370.0,199012.0,5074.0
1990-11-06,77.503,77.563,77.503,77.543,294.0,199012.0,4999.0
1990-11-07,77.553,77.623,77.553,77.573,290.0,199012.0,5179.0
1990-11-08,77.543,77.583,77.543,77.553,402.0,199012.0,5092.0
1990-11-09,77.703,77.703,77.653,77.673,442.0,199012.0,5253.0
1990-11-12,77.673,77.673,77.673,77.673,0.0,199012.0,5089.0
1990-11-13,77.683,77.693,77.653,77.683,431.0,199012.0,5309.0
1990-11-14,77.663,77.663,77.633,77.643,295.0,199012.0,5463.0
1990-11-15,77.643,77.683,77.643,77.683,342.0,199012.0,5557.0
1990-11-16,77.673,77.683,77.653,77.653,288.0,199012.0,5268.0
1990-11-19,77.673,77.683,77.633,77.633,241.0,199012.0,5410.0
1990-11-20,77.653,77.653,77.623,77.633,133.0,199012.0,5415.0
1990-11-21,77.653,77.663,77.653,77.663,432.0,199012.0,5710.0
1990-11-22,77.663,77.683,77.653,77.673,321.0,199012.0,5931.0
1990-11-23,77.663,77.663,77.643,77.643,140.0,199012.0,6021.0
1990-11-26,77.613,77.613,77.593,77.603,184.0,199012.0,5958.0
1990-11-27,77.563,77.583,77.543,77.543,396.0,199012.0,6076.0
1990-11-28,77.523,77.533,77.503,77.503,190.0,199012.0,5985.0
1990-11-29,77.493,77.493,77.483,77.483,507.0,199012.0,5903.0
1990-11-30,77.503,77.503,77.503,77.503,185.0,199012.0,5879.0
1990-12-03,77.523,77.523,77.493,77.493,516.0,199012.0,6249.0
1990-12-04,77.513,77.533,77.503,77.503,960.0,199012.0,6791.0
1990-12-05,77.523,77.533,77.523,77.523,218.0,199012.0,6498.0
1990-12-06,77.543,77.543,77.523,77.543,430.0,199012.0,6608.0
1990-12-07,77.583,77.593,77.573,77.593,718.0,199012.0,7001.0
1990-12-10,77.583,77.583,77.553,77.573,331.0,199012.0,7001.0
1990-12-11,77.573,77.613,77.573,77.593,204.0,199012.0,6398.0
1990-12-12,77.583,77.613,77.583,77.603,539.0,199012.0,6714.0
1990-12-13,77.613,77.623,77.613,77.623,210.0,199012.0,6588.0
1990-12-14,77.663,77.713,77.663,77.703,249.0,199012.0,6599.0
1990-12-17,77.683,77.683,77.663,77.663,135.0,199103.0,6632.0
1990-12-18,77.673,77.673,77.633,77.633,160.0,199103.0,4994.0
1990-12-19,77.703,77.743,77.703,77.703,465.0,199103.0,5402.0
1990-12-20,77.683,77.723,77.653,77.713,401.0,199103.0,5502.0
1990-12-21,77.703,77.733,77.693,77.693,331.0,199103.0,5484.0
1990-12-24,77.673,77.683,77.653,77.653,165.0,199103.0,5484.0
1990-12-27,77.683,77.703,77.683,77.683,45.0,199103.0,5364.0
1990-12-28,77.723,77.743,77.703,77.703,178.0,199103.0,5522.0
1990-12-31,77.703,77.713,77.703,77.713,85.0,199103.0,5514.0
1991-01-02,77.733,77.743,77.733,77.743,70.0,199103.0,5574.0
1991-01-03,77.763,77.893,77.763,77.893,249.0,199103.0,5577.0
1991-01-04,77.943,78.053,77.913,78.053,582.0,199103.0,6055.0
1991-01-07,77.933,77.953,77.893,77.943,312.0,199103.0,6047.0
1991-01-08,77.953,78.043,77.953,78.033,345.0,199103.0,6340.0
1991-01-09,78.163,78.183,78.033,78.063,553.0,199103.0,5933.0
1991-01-10,78.113,78.143,78.083,78.143,616.0,199103.0,6272.0
1991-01-11,78.163,78.163,78.103,78.103,356.0,199103.0,6273.0
1991-01-14,78.103,78.113,78.083,78.083,215.0,199103.0,6261.0
1991-01-15,78.073,78.173,78.073,78.133,213.0,199103.0,6061.0
1991-01-16,78.083,78.213,78.083,78.213,753.0,199103.0,6568.0
1991-01-17,78.383,78.383,78.253,78.263,681.0,199103.0,6821.0
1991-01-18,78.243,78.293,78.243,78.293,437.0,199103.0,7058.0
1991-01-21,78.343,78.343,78.313,78.313,105.0,199103.0,6602.0
1991-01-22,78.373,78.383,78.353,78.383,300.0,199103.0,6661.0
1991-01-23,78.403,78.573,78.403,78.573,660.0,199103.0,6672.0
1991-01-24,78.613,78.643,78.593,78.633,327.0,199103.0,6619.0
1991-01-25,78.563,78.633,78.563,78.633,200.0,199103.0,6700.0
1991-01-28,78.623,78.623,78.593,78.593,167.0,199103.0,6627.0
1991-01-29,78.613,78.733,78.613,78.683,379.0,199103.0,6944.0
1991-01-30,78.703,78.733,78.703,78.733,245.0,199103.0,6998.0
1991-01-31,78.733,78.773,78.733,78.773,376.0,199103.0,6913.0
1991-02-01,78.773,78.923,78.773,78.903,594.0,199103.0,6956.0
1991-02-04,78.973,79.063,78.963,79.043,781.0,199103.0,7466.0
1991-02-05,79.073,79.073,79.003,79.003,615.0,199103.0,7725.0
1991-02-06,78.923,79.013,78.923,79.013,688.0,199103.0,8044.0
1991-02-07,79.053,79.083,78.973,78.973,935.0,199103.0,8481.0
1991-02-08,78.953,78.993,78.953,78.983,1043.0,199103.0,8312.0
1991-02-11,78.983,78.983,78.953,78.953,505.0,199103.0,8395.0
1991-02-12,78.963,78.963,78.953,78.963,490.0,199103.0,8751.0
1991-02-13,78.923,78.963,78.893,78.963,346.0,199103.0,8751.0
1991-02-14,78.973,79.033,78.973,79.013,931.0,199103.0,9182.0
1991-02-15,79.043,79.073,79.023,79.063,308.0,199103.0,9206.0
1991-02-18,79.063,79.063,79.063,79.063,20.0,199103.0,9125.0
1991-02-19,79.033,79.063,78.993,78.993,444.0,199103.0,9520.0
1991-02-20,78.933,79.053,78.933,79.023,362.0,199103.0,9682.0
1991-02-21,79.043,79.093,79.043,79.043,490.0,199103.0,9545.0
1991-02-22,78.983,79.073,78.953,79.013,616.0,199103.0,9766.0
1991-02-25,78.983,78.983,78.893,78.903,686.0,199103.0,9854.0
1991-02-26,78.943,78.943,78.923,78.943,230.0,199103.0,9537.0
1991-02-27,78.993,79.043,78.993,79.013,886.0,199103.0,9803.0
1991-02-28,79.053,79.053,79.013,79.013,350.0,199103.0,9469.0
1991-03-01,78.983,78.983,78.933,78.933,254.0,199103.0,9230.0
1991-03-04,78.913,78.913,78.883,78.913,259.0,199103.0,9198.0
1991-03-05,78.933,78.933,78.913,78.913,252.0,199103.0,9198.0
1991-03-06,78.923,78.933,78.883,78.893,349.0,199103.0,9359.0
1991-03-07,78.913,78.933,78.893,78.893,617.0,199103.0,9175.0
1991-03-08,78.953,78.993,78.933,78.953,477.0,199103.0,8985.0
1991-03-11,78.963,78.963,78.943,78.943,302.0,199103.0,8902.0
1991-03-12,78.953,78.953,78.953,78.953,482.0,199103.0,9003.0
1991-03-13,78.933,78.933,78.923,78.933,259.0,199103.0,8888.0
1991-03-14,78.943,78.953,78.943,78.943,417.0,199103.0,8821.0
1991-03-15,78.933,78.933,78.933,78.933,175.0,199103.0,8823.0
1991-03-18,78.903,78.903,78.783,78.783,290.0,199106.0,8950.0
1991-03-19,78.813,78.813,78.643,78.653,900.0,199106.0,7506.0
1991-03-20,78.593,78.653,78.573,78.653,405.0,199106.0,7629.0
1991-03-21,78.703,78.783,78.703,78.763,472.0,199106.0,7705.0
1991-03-22,78.883,78.883,78.823,78.833,494.0,199106.0,7882.0
1991-03-25,78.833,78.873,78.813,78.843,197.0,199106.0,7443.0
1991-03-26,78.863,78.863,78.823,78.833,279.0,199106.0,7452.0
1991-03-27,78.833,78.843,78.803,78.803,212.0,199106.0,7417.0
1991-03-28,78.813,78.823,78.803,78.813,380.0,199106.0,7308.0
1991-04-01,78.813,78.813,78.803,78.803,85.0,199106.0,7063.0
1991-04-02,78.823,78.933,78.823,78.903,559.0,199106.0,7473.0
1991-04-03,78.953,79.003,78.933,79.003,696.0,199106.0,7756.0
1991-04-04,79.033,79.103,79.033,79.063,1012.0,199106.0,7829.0
1991-04-05,79.073,79.093,79.063,79.073,309.0,199106.0,7769.0
1991-04-08,79.073,79.073,79.053,79.053,140.0,199106.0,7814.0
1991-04-09,79.033,79.033,79.013,79.013,622.0,199106.0,7629.0
1991-04-10,79.013,79.013,79.003,79.003,542.0,199106.0,7912.0
1991-04-11,78.983,79.033,78.983,79.023,324.0,199106.0,7309.0
1991-04-12,79.043,79.093,79.043,79.083,617.0,199106.0,7539.0
1991-04-15,79.113,79.113,79.073,79.073,365.0,199106.0,7724.0
1991-04-16,79.063,79.063,79.043,79.043,331.0,199106.0,7618.0
1991-04-17,79.053,79.063,79.043,79.043,488.0,199106.0,7851.0
1991-04-18,78.903,78.943,78.893,78.893,531.0,199106.0,8171.0
1991-04-19,78.893,78.923,78.873,78.913,951.0,199106.0,8699.0
1991-04-22,78.873,78.873,78.833,78.833,165.0,199106.0,8319.0
1991-04-23,78.883,78.913,78.873,78.903,336.0,199106.0,8387.0
1991-04-24,78.943,78.973,78.933,78.973,549.0,199106.0,8782.0
1991-04-25,78.963,79.113,78.963,79.043,706.0,199106.0,8819.0
1991-04-26,79.093,79.133,79.073,79.103,765.0,199106.0,9109.0
1991-04-29,79.113,79.123,79.083,79.103,185.0,199106.0,8851.0
1991-04-30,79.083,79.153,79.083,79.133,457.0,199106.0,9041.0
1991-05-01,79.133,79.163,79.133,79.163,649.0,199106.0,8849.0
1991-05-02,79.173,79.273,79.173,79.263,810.0,199106.0,9194.0
1991-05-03,79.223,79.253,79.223,79.243,427.0,199106.0,9294.0
1991-05-06,79.213,79.233,79.213,79.233,235.0,199106.0,9279.0
1991-05-07,79.273,79.273,79.253,79.263,265.0,199106.0,9409.0
1991-05-08,79.293,79.303,79.293,79.303,210.0,199106.0,9384.0
1991-05-09,79.303,79.313,79.303,79.313,1000.0,199106.0,10188.0
1991-05-10,79.253,79.283,79.253,79.253,210.0,199106.0,9903.0
1991-05-13,79.273,79.273,79.273,79.273,100.0,199106.0,9410.0
1991-05-14,79.273,79.313,79.273,79.313,230.0,199106.0,9403.0
1991-05-15,79.313,79.323,79.313,79.323,185.0,199106.0,9499.0
1991-05-16,79.353,79.353,79.343,79.343,490.0,199106.0,9773.0
1991-05-17,79.363,79.383,79.363,79.383,392.0,199106.0,9797.0
1991-05-21,79.403,79.453,79.373,79.443,544.0,199106.0,9837.0
1991-05-22,79.433,79.433,79.433,79.433,670.0,199106.0,10028.0
1991-05-23,79.403,79.413,79.383,79.383,315.0,199106.0,9840.0
1991-05-24,79.403,79.403,79.403,79.403,289.0,199106.0,9732.0
1991-05-27,79.413,79.413,79.413,79.413,95.0,199106.0,9698.0
1991-05-28,79.413,79.413,79.413,79.413,268.0,199106.0,9881.0
1991-05-29,79.443,79.443,79.423,79.423,478.0,199106.0,9933.0
1991-05-30,79.423,79.423,79.403,79.413,839.0,199106.0,10198.0
1991-05-31,79.423,79.423,79.423,79.423,251.0,199106.0,9869.0
1991-06-03,79.383,79.393,79.373,79.373,631.0,199106.0,10278.0
1991-06-04,79.393,79.433,79.393,79.403,328.0,199106.0,10152.0
1991-06-05,79.403,79.433,79.403,79.433,611.0,199106.0,10122.0
1991-06-06,79.453,79.453,79.443,79.443,750.0,199106.0,10530.0
1991-06-07,79.453,79.483,79.443,79.483,599.0,199106.0,10521.0
1991-06-10,79.483,79.483,79.473,79.473,140.0,199106.0,10200.0
1991-06-11,79.493,79.513,79.493,79.503,769.0,199106.0,10421.0
1991-06-12,79.513,79.513,79.503,79.513,617.0,199106.0,10594.0
1991-06-13,79.473,79.493,79.473,79.483,192.0,199106.0,9941.0
1991-06-14,79.483,79.493,79.483,79.483,237.0,199106.0,10086.0
1991-06-17,79.473,79.473,79.453,79.463,199.0,199109.0,10130.0
1991-06-18,79.433,79.463,79.433,79.463,308.0,199109.0,8443.0
1991-06-19,79.443,79.443,79.433,79.433,575.0,199109.0,8824.0
1991-06-20,79.453,79.453,79.453,79.453,210.0,199109.0,8548.0
1991-06-21,79.463,79.463,79.443,79.443,266.0,199109.0,8740.0
1991-06-25,79.423,79.423,79.413,79.413,141.0,199109.0,8582.0
1991-06-26,79.423,79.423,79.403,79.403,314.0,199109.0,8746.0
1991-06-27,79.423,79.423,79.403,79.403,134.0,199109.0,8777.0
1991-06-28,79.403,79.413,79.383,79.393,421.0,199109.0,9097.0
1991-07-02,79.393,79.403,79.393,79.403,136.0,199109.0,8999.0
1991-07-03,79.423,79.433,79.423,79.423,690.0,199109.0,8962.0
1991-07-04,79.423,79.423,79.423,79.423,45.0,199109.0,8584.0
1991-07-05,79.443,79.463,79.433,79.463,625.0,199109.0,9117.0
1991-07-08,79.463,79.473,79.463,79.473,498.0,199109.0,9121.0
1991-07-09,79.483,79.523,79.473,79.513,288.0,199109.0,9096.0
1991-07-10,79.513,79.513,79.513,79.513,152.0,199109.0,8677.0
1991-07-11,79.523,79.523,79.513,79.523,593.0,199109.0,8927.0
1991-07-12,79.533,79.533,79.523,79.523,415.0,199109.0,8970.0
1991-07-15,79.543,79.553,79.543,79.553,242.0,199109.0,8712.0
1991-07-16,79.543,79.553,79.543,79.553,678.0,199109.0,9077.0
1991-07-17,79.553,79.563,79.543,79.553,206.0,199109.0,9045.0
1991-07-18,79.523,79.523,79.433,79.473,772.0,199109.0,9265.0
1991-07-19,79.403,79.443,79.173,79.193,1674.0,199109.0,10100.0
1991-07-22,79.123,79.173,78.973,79.123,1455.0,199109.0,10707.0
1991-07-23,79.173,79.203,79.133,79.203,1117.0,199109.0,11683.0
1991-07-24,79.273,79.383,79.223,79.363,888.0,199109.0,11822.0
1991-07-25,79.423,79.423,79.403,79.423,773.0,199109.0,10957.0
1991-07-26,79.463,79.513,79.453,79.503,761.0,199109.0,11221.0
1991-07-29,79.483,79.493,79.483,79.483,480.0,199109.0,11519.0
1991-07-30,79.463,79.463,79.393,79.393,990.0,199109.0,12030.0
1991-07-31,79.373,79.403,79.373,79.403,421.0,199109.0,12063.0
1991-08-01,79.433,79.443,79.423,79.433,786.0,199109.0,12450.0
1991-08-02,79.453,79.533,79.453,79.523,893.0,199109.0,12661.0
1991-08-05,79.523,79.523,79.523,79.523,1.0,199109.0,12662.0
1991-08-06,79.573,79.573,79.543,79.563,420.0,199109.0,13015.0
1991-08-07,79.573,79.573,79.573,79.573,946.0,199109.0,11907.0
1991-08-08,79.563,79.583,79.563,79.563,573.0,199109.0,12075.0
1991-08-09,79.573,79.573,79.573,79.573,599.0,199109.0,12139.0
1991-08-12,79.563,79.563,79.563,79.563,243.0,199109.0,12049.0
1991-08-13,79.543,79.543,79.533,79.533,743.0,199109.0,12571.0
1991-08-14,79.553,79.593,79.533,79.593,847.0,199109.0,12932.0
1991-08-15,79.603,79.603,79.573,79.573,1073.0,199109.0,13507.0
1991-08-16,79.613,79.623,79.593,79.623,1423.0,199109.0,14144.0
1991-08-19,79.643,79.723,79.643,79.653,1328.0,199109.0,14690.0
1991-08-20,79.633,79.653,79.633,79.643,531.0,199109.0,14244.0
1991-08-21,79.613,79.613,79.613,79.613,224.0,199109.0,13889.0
1991-08-22,79.623,79.643,79.623,79.633,537.0,199109.0,14073.0
1991-08-23,79.603,79.603,79.563,79.603,180.0,199109.0,14179.0
1991-08-26,79.583,79.583,79.583,79.583,230.0,199109.0,14140.0
1991-08-27,79.583,79.593,79.583,79.593,395.0,199109.0,14468.0
1991-08-28,79.593,79.633,79.593,79.633,497.0,199109.0,14748.0
1991-08-29,79.653,79.663,79.653,79.653,624.0,199109.0,14618.0
1991-08-30,79.643,79.643,79.593,79.613,321.0,199109.0,14705.0
1991-09-03,79.613,79.613,79.593,79.613,421.0,199109.0,15008.0
1991-09-04,79.603,79.603,79.603,79.603,179.0,199109.0,14833.0
1991-09-05,79.593,79.593,79.593,79.593,669.0,199109.0,15386.0
1991-09-06,79.613,79.623,79.603,79.623,904.0,199109.0,14091.0
1991-09-09,79.623,79.623,79.613,79.623,2556.0,199109.0,16023.0
1991-09-10,79.623,79.623,79.603,79.603,590.0,199109.0,14232.0
1991-09-11,79.623,79.623,79.613,79.613,385.0,199109.0,13999.0
1991-09-12,79.623,79.663,79.623,79.663,1135.0,199109.0,14697.0
1991-09-13,79.673,79.673,79.643,79.673,786.0,199109.0,14987.0
1991-09-16,79.703,79.733,79.693,79.713,977.0,199112.0,14507.0
1991-09-17,79.703,79.753,79.693,79.753,1092.0,199112.0,11836.0
1991-09-18,79.763,79.793,79.763,79.783,933.0,199112.0,12275.0
1991-09-19,79.753,79.793,79.753,79.793,765.0,199112.0,12145.0
1991-09-20,79.853,79.913,79.823,79.913,2309.0,199112.0,13739.0
1991-09-23,79.933,79.933,79.913,79.923,1332.0,199112.0,13356.0
1991-09-24,79.943,79.953,79.923,79.933,1674.0,199112.0,13007.0
1991-09-25,79.963,79.973,79.913,79.973,1020.0,199112.0,13392.0
1991-09-26,80.003,80.193,79.973,80.193,1501.0,199112.0,12404.0
1991-09-27,80.193,80.193,80.133,80.173,1342.0,199112.0,12746.0
1991-09-30,80.223,80.233,80.173,80.173,817.0,199112.0,12609.0
1991-10-01,80.253,80.263,80.213,80.253,1183.0,199112.0,12851.0
1991-10-02,80.193,80.233,80.193,80.223,882.0,199112.0,12736.0
1991-10-03,80.253,80.253,80.243,80.243,957.0,199112.0,13097.0
1991-10-04,80.223,80.263,80.203,80.253,900.0,199112.0,13537.0
1991-10-07,80.233,80.253,80.233,80.253,805.0,199112.0,13583.0
1991-10-08,80.283,80.363,80.283,80.343,957.0,199112.0,14068.0
1991-10-09,80.323,80.393,80.323,80.333,984.0,199112.0,14291.0
1991-10-10,80.313,80.323,80.303,80.303,463.0,199112.0,14510.0
1991-10-11,80.243,80.293,80.233,80.293,1029.0,199112.0,14094.0
1991-10-15,80.313,80.313,80.273,80.283,997.0,199112.0,14297.0
1991-10-16,80.303,80.303,80.253,80.253,645.0,199112.0,13980.0
1991-10-17,80.263,80.263,80.163,80.243,1447.0,199112.0,14866.0
1991-10-18,80.313,80.313,80.273,80.293,659.0,199112.0,14570.0
1991-10-21,80.293,80.313,80.293,80.303,756.0,199112.0,14941.0
1991-10-22,80.353,80.353,80.303,80.323,2234.0,199112.0,16288.0
1991-10-23,80.303,80.313,80.303,80.303,710.0,199112.0,15523.0
1991-10-24,80.333,80.373,80.333,80.343,2016.0,199112.0,16625.0
1991-10-25,80.383,80.403,80.373,80.383,1655.0,199112.0,16913.0
1991-10-28,80.393,80.443,80.383,80.443,1450.0,199112.0,16928.0
1991-10-29,80.483,80.513,80.483,80.513,1537.0,199112.0,17564.0
1991-10-30,80.513,80.573,80.513,80.523,1420.0,199112.0,16871.0
1991-10-31,80.533,80.573,80.533,80.543,1430.0,199112.0,17306.0
1991-11-01,80.583,80.613,80.573,80.613,1938.0,199112.0,17985.0
1991-11-04,80.613,80.633,80.613,80.623,873.0,199112.0,17837.0
1991-11-05,80.623,80.683,80.623,80.683,907.0,199112.0,17994.0
1991-11-06,80.663,80.803,80.653,80.803,2718.0,199112.0,19069.0
1991-11-07,80.883,80.983,80.853,80.933,2084.0,199112.0,19564.0
1991-11-08,80.923,80.923,80.663,80.663,2262.0,199112.0,20695.0
1991-11-11,80.663,80.663,80.663,80.663,211.0,199112.0,19606.0
1991-11-12,80.763,80.783,80.623,80.673,2206.0,199112.0,19849.0
1991-11-13,80.523,80.673,80.493,80.593,3325.0,199112.0,21092.0
1991-11-14,80.713,80.763,80.623,80.653,2625.0,199112.0,21277.0
1991-11-15,80.743,80.743,80.693,80.713,1649.0,199112.0,20768.0
1991-11-18,80.813,80.813,80.713,80.733,1921.0,199112.0,22087.0
1991-11-19,80.713,80.753,80.713,80.713,2755.0,199112.0,22839.0
1991-11-20,80.533,80.623,80.453,80.473,3297.0,199112.0,24848.0
1991-11-21,80.573,80.573,80.413,80.483,3070.0,199112.0,26028.0
1991-11-22,80.493,80.593,80.483,80.513,1763.0,199112.0,25974.0
1991-11-25,80.563,80.593,80.493,80.493,2184.0,199112.0,25294.0
1991-11-26,80.563,80.603,80.523,80.593,1667.0,199112.0,26026.0
1991-11-27,80.623,80.623,80.593,80.593,1264.0,199112.0,24682.0
1991-11-28,80.593,80.633,80.593,80.633,1318.0,199112.0,24810.0
1991-11-29,80.653,80.663,80.643,80.653,1267.0,199112.0,25134.0
1991-12-02,80.703,80.723,80.653,80.653,1258.0,199112.0,25086.0
1991-12-03,80.653,80.703,80.653,80.703,1963.0,199112.0,24660.0
1991-12-04,80.693,80.723,80.693,80.713,1375.0,199112.0,23879.0
1991-12-05,80.713,80.743,80.663,80.693,2892.0,199112.0,24576.0
1991-12-06,80.663,80.773,80.663,80.743,1806.0,199112.0,23989.0
1991-12-09,80.783,80.823,80.773,80.803,987.0,199112.0,23792.0
1991-12-10,80.823,80.833,80.813,80.823,1729.0,199112.0,24026.0
1991-12-11,80.753,80.773,80.753,80.753,1554.0,199112.0,23884.0
1991-12-12,80.733,80.733,80.723,80.723,2136.0,199112.0,24462.0
1991-12-13,80.763,80.763,80.723,80.723,1079.0,199112.0,23654.0
1991-12-16,80.733,80.743,80.703,80.713,604.0,199203.0,23808.0
1991-12-17,80.743,80.753,80.663,80.713,1468.0,199203.0,21060.0
1991-12-18,80.703,80.713,80.593,80.643,1240.0,199203.0,21428.0
1991-12-19,80.533,80.543,80.263,80.403,2622.0,199203.0,22983.0
1991-12-20,80.313,80.763,80.303,80.733,2194.0,199203.0,23127.0
1991-12-23,80.673,80.703,80.593,80.693,404.0,199203.0,21582.0
1991-12-24,80.653,80.653,80.653,80.653,30.0,199203.0,21391.0
1991-12-27,80.733,80.733,80.703,80.733,200.0,199203.0,21517.0
1991-12-30,80.863,80.953,80.783,80.953,1103.0,199203.0,21911.0
1991-12-31,81.013,81.043,81.003,81.023,924.0,199203.0,21874.0
1992-01-02,81.053,81.103,81.053,81.073,1328.0,199203.0,22205.0
1992-01-03,81.143,81.163,81.113,81.163,1012.0,199203.0,22528.0
1992-01-06,81.193,81.203,81.143,81.143,1000.0,199203.0,19949.0
1992-01-07,81.113,81.173,81.093,81.173,934.0,199203.0,19627.0
1992-01-08,81.143,81.183,81.143,81.153,1170.0,199203.0,20044.0
1992-01-09,81.173,81.173,81.083,81.113,1066.0,199203.0,19575.0
1992-01-10,81.013,81.103,81.013,81.063,1442.0,199203.0,18813.0
1992-01-13,81.063,81.073,81.043,81.043,742.0,199203.0,18616.0
1992-01-14,81.053,81.053,80.873,80.933,1925.0,199203.0,18665.0
1992-01-15,80.853,80.953,80.833,80.893,2707.0,199203.0,19392.0
1992-01-16,80.933,80.973,80.893,80.943,1769.0,199203.0,19247.0
1992-01-17,81.003,81.113,81.003,81.083,1087.0,199203.0,18992.0
1992-01-20,81.143,81.143,81.093,81.123,1246.0,199203.0,19506.0
1992-01-21,81.103,81.133,81.093,81.103,1293.0,199203.0,18895.0
1992-01-22,81.073,81.153,81.073,81.153,1106.0,199203.0,19108.0
1992-01-23,81.153,81.173,81.133,81.153,2208.0,199203.0,19953.0
1992-01-24,81.063,81.093,81.013,81.013,2655.0,199203.0,21714.0
1992-01-27,81.063,81.063,80.913,80.913,1586.0,199203.0,22329.0
1992-01-28,81.023,81.053,80.953,80.963,1778.0,199203.0,22537.0
1992-01-29,81.003,81.003,80.943,80.943,1099.0,199203.0,22880.0
1992-01-30,80.893,80.923,80.883,80.913,1221.0,199203.0,22856.0
1992-01-31,80.913,80.923,80.823,80.843,646.0,199203.0,21996.0
1992-02-03,80.883,80.893,80.873,80.873,455.0,199203.0,21710.0
1992-02-04,80.833,80.833,80.713,80.743,2541.0,199203.0,23175.0
1992-02-05,80.813,80.813,80.743,80.783,927.0,199203.0,22816.0
1992-02-06,80.853,80.863,80.773,80.773,1688.0,199203.0,23964.0
1992-02-07,80.753,80.883,80.743,80.853,2753.0,199203.0,24561.0
1992-02-10,80.893,80.903,80.863,80.883,863.0,199203.0,23269.0
1992-02-11,80.833,80.833,80.813,80.823,547.0,199203.0,21834.0
1992-02-12,80.813,80.813,80.793,80.793,407.0,199203.0,21517.0
1992-02-13,80.723,80.733,80.543,80.543,1769.0,199203.0,22462.0
1992-02-14,80.473,80.523,80.433,80.473,1621.0,199203.0,22923.0
1992-02-17,80.413,80.413,80.313,80.323,684.0,199203.0,22229.0
1992-02-18,80.363,80.413,80.333,80.363,1400.0,199203.0,22777.0
1992-02-19,80.443,80.453,80.413,80.453,1630.0,199203.0,22615.0
1992-02-20,80.513,80.573,80.513,80.553,1391.0,199203.0,22898.0
1992-02-21,80.563,80.563,80.453,80.453,1450.0,199203.0,22929.0
1992-02-24,80.373,80.393,80.343,80.343,1351.0,199203.0,21925.0
1992-02-25,80.413,80.473,80.393,80.473,1454.0,199203.0,21979.0
1992-02-26,80.513,80.553,80.483,80.553,1284.0,199203.0,21970.0
1992-02-27,80.533,80.533,80.513,80.533,1152.0,199203.0,21970.0
1992-02-28,80.493,80.513,80.463,80.503,1758.0,199203.0,22736.0
1992-03-02,80.463,80.463,80.373,80.373,1170.0,199203.0,22228.0
1992-03-03,80.283,80.313,80.183,80.273,2806.0,199203.0,23421.0
1992-03-04,80.293,80.293,80.213,80.253,1913.0,199203.0,23832.0
1992-03-05,80.143,80.283,80.133,80.213,2315.0,199203.0,24381.0
1992-03-06,80.243,80.243,80.163,80.163,1392.0,199203.0,24111.0
1992-03-09,80.093,80.183,80.093,80.183,2327.0,199203.0,24072.0
1992-03-10,80.143,80.183,80.093,80.093,3236.0,199203.0,25290.0
1992-03-11,80.173,80.173,80.063,80.063,3559.0,199203.0,26039.0
1992-03-12,80.063,80.143,80.063,80.083,3383.0,199203.0,27574.0
1992-03-13,80.063,80.103,80.033,80.103,4281.0,199203.0,26997.0
1992-03-16,80.063,80.223,80.023,80.223,3622.0,199206.0,27881.0
1992-03-17,80.243,80.523,80.233,80.523,1791.0,199206.0,23124.0
1992-03-18,80.633,80.673,80.473,80.573,1909.0,199206.0,22919.0
1992-03-19,80.573,80.733,80.533,80.643,2538.0,199206.0,23237.0
1992-03-20,80.653,80.803,80.613,80.703,2666.0,199206.0,23977.0
1992-03-23,80.993,81.033,80.903,80.993,2149.0,199206.0,24129.0
1992-03-24,81.093,81.273,81.093,81.253,2559.0,199206.0,24217.0
1992-03-25,81.303,81.393,81.243,81.393,2566.0,199206.0,24239.0
1992-03-26,81.293,81.303,81.103,81.123,2258.0,199206.0,24101.0
1992-03-27,81.053,81.173,81.053,81.153,2091.0,199206.0,23475.0
1992-03-30,81.163,81.173,81.143,81.153,1158.0,199206.0,22130.0
1992-03-31,81.193,81.223,81.163,81.193,1111.0,199206.0,23290.0
1992-04-01,81.123,81.183,81.073,81.173,1444.0,199206.0,22666.0
1992-04-02,81.023,81.113,81.013,81.103,1446.0,199206.0,22953.0
1992-04-03,81.193,81.413,81.193,81.353,2174.0,199206.0,23468.0
1992-04-06,81.393,81.493,81.373,81.433,1138.0,199206.0,22033.0
1992-04-07,81.373,81.483,81.363,81.443,1433.0,199206.0,22549.0
1992-04-08,81.523,81.573,81.503,81.503,1615.0,199206.0,22863.0
1992-04-09,81.483,81.733,81.483,81.643,1838.0,199206.0,23187.0
1992-04-10,81.813,81.913,81.703,81.843,3064.0,199206.0,25541.0
1992-04-13,81.803,81.903,81.803,81.873,924.0,199206.0,24448.0
1992-04-14,81.973,81.973,81.883,81.883,1244.0,199206.0,24659.0
1992-04-15,81.823,81.973,81.823,81.963,1944.0,199206.0,25432.0
1992-04-16,81.973,81.973,81.833,81.853,1360.0,199206.0,25856.0
1992-04-20,81.823,81.823,81.773,81.813,578.0,199206.0,25887.0
1992-04-21,81.773,81.813,81.733,81.743,1049.0,199206.0,25076.0
1992-04-22,81.673,81.783,81.663,81.783,1048.0,199206.0,25290.0
1992-04-23,81.733,81.823,81.723,81.793,1958.0,199206.0,26192.0
1992-04-24,81.893,81.923,81.873,81.893,1405.0,199206.0,24100.0
1992-04-27,81.713,81.793,81.703,81.703,892.0,199206.0,23889.0
1992-04-28,81.673,81.713,81.673,81.713,1003.0,199206.0,24204.0
1992-04-29,81.793,81.823,81.793,81.823,1225.0,199206.0,22949.0
1992-04-30,81.763,81.803,81.733,81.793,1279.0,199206.0,22876.0
1992-05-01,81.883,81.953,81.883,81.953,1049.0,199206.0,22928.0
1992-05-04,81.903,81.933,81.883,81.893,736.0,199206.0,22221.0
1992-05-05,81.923,81.993,81.913,81.943,1209.0,199206.0,22401.0
1992-05-06,81.903,81.963,81.893,81.963,1058.0,199206.0,22287.0
1992-05-07,81.963,81.993,81.913,81.973,1450.0,199206.0,23094.0
1992-05-08,81.973,82.033,81.953,82.003,2237.0,199206.0,24113.0
1992-05-11,82.083,82.103,82.063,82.103,1357.0,199206.0,23861.0
1992-05-12,82.153,82.233,82.153,82.193,1322.0,199206.0,24278.0
1992-05-13,82.203,82.233,82.173,82.223,1328.0,199206.0,24875.0
1992-05-14,82.293,82.293,82.253,82.273,1765.0,199206.0,25147.0
1992-05-15,82.243,82.323,82.243,82.323,1267.0,199206.0,25238.0
1992-05-19,82.423,82.523,82.423,82.523,1508.0,199206.0,25833.0
1992-05-20,82.473,82.493,82.393,82.393,2021.0,199206.0,25505.0
1992-05-21,82.373,82.373,82.333,82.333,1763.0,199206.0,26120.0
1992-05-22,82.423,82.523,82.383,82.523,1453.0,199206.0,25905.0
1992-05-25,82.513,82.573,82.513,82.573,362.0,199206.0,25995.0
1992-05-26,82.543,82.543,82.453,82.493,1699.0,199206.0,26568.0
1992-05-27,82.493,82.533,82.483,82.523,1604.0,199206.0,27002.0
1992-05-28,82.563,82.633,82.563,82.633,1694.0,199206.0,26018.0
1992-05-29,82.653,82.653,82.603,82.613,950.0,199206.0,24962.0
1992-06-01,82.593,82.593,82.543,82.553,921.0,199206.0,24593.0
1992-06-02,82.533,82.633,82.533,82.633,1559.0,199206.0,24904.0
1992-06-03,82.673,82.733,82.663,82.733,1057.0,199206.0,24581.0
1992-06-04,82.773,82.773,82.693,82.723,1714.0,199206.0,25211.0
1992-06-05,82.703,82.793,82.703,82.763,1962.0,199206.0,25428.0
1992-06-08,82.733,82.753,82.723,82.743,647.0,199206.0,25179.0
1992-06-09,82.753,82.793,82.753,82.783,2946.0,199206.0,26268.0
1992-06-10,82.773,82.803,82.773,82.803,1547.0,199206.0,25870.0
1992-06-11,82.803,82.833,82.793,82.833,2602.0,199206.0,26911.0
1992-06-12,82.843,82.863,82.843,82.853,1979.0,199206.0,25847.0
1992-06-15,82.893,82.953,82.893,82.903,1892.0,199209.0,26030.0
1992-06-16,82.873,82.983,82.853,82.963,2222.0,199209.0,21843.0
1992-06-17,83.023,83.033,82.993,83.003,1216.0,199209.0,21936.0
1992-06-18,82.973,83.023,82.943,82.953,2191.0,199209.0,22958.0
1992-06-19,82.983,82.983,82.843,82.883,2854.0,199209.0,24220.0
1992-06-22,82.843,82.903,82.843,82.893,947.0,199209.0,23716.0
1992-06-23,82.893,82.893,82.853,82.863,1363.0,199209.0,23668.0
1992-06-25,82.943,82.983,82.943,82.963,1559.0,199209.0,22921.0
1992-06-26,82.973,82.973,82.923,82.953,761.0,199209.0,22506.0
1992-06-29,82.963,82.983,82.953,82.973,992.0,199209.0,22785.0
1992-06-30,82.973,82.993,82.973,82.983,228.0,199209.0,22211.0
1992-07-02,83.123,83.233,83.113,83.133,1306.0,199209.0,23175.0
1992-07-03,83.123,83.153,83.123,83.133,890.0,199209.0,23236.0
1992-07-06,83.183,83.213,83.183,83.203,1369.0,199209.0,24087.0
1992-07-07,83.283,83.303,83.233,83.273,2253.0,199209.0,24740.0
1992-07-08,83.343,83.373,83.313,83.343,2259.0,199209.0,26069.0
1992-07-09,83.303,83.343,83.273,83.343,2804.0,199209.0,26248.0
1992-07-10,83.343,83.353,83.333,83.333,1211.0,199209.0,26204.0
1992-07-13,83.293,83.303,83.283,83.293,878.0,199209.0,26551.0
1992-07-14,83.243,83.313,83.223,83.313,1540.0,199209.0,26551.0
1992-07-15,83.273,83.283,83.233,83.283,784.0,199209.0,27257.0
1992-07-16,83.283,83.293,83.223,83.283,1368.0,199209.0,28346.0
1992-07-17,83.243,83.273,83.243,83.263,693.0,199209.0,28151.0
1992-07-20,83.283,83.323,83.283,83.303,1166.0,199209.0,28415.0
1992-07-21,83.273,83.373,83.273,83.363,2241.0,199209.0,29432.0
1992-07-22,83.343,83.403,83.343,83.393,1593.0,199209.0,29000.0
1992-07-23,83.453,83.453,83.393,83.423,1835.0,199209.0,29132.0
1992-07-24,83.423,83.423,83.383,83.383,1318.0,199209.0,29198.0
1992-07-27,83.393,83.403,83.393,83.403,429.0,199209.0,28757.0
1992-07-28,83.423,83.433,83.423,83.433,552.0,199209.0,28953.0
1992-07-29,83.433,83.453,83.413,83.453,2090.0,199209.0,30711.0
1992-07-30,83.473,83.473,83.463,83.473,804.0,199209.0,30524.0
1992-07-31,83.473,83.513,83.473,83.513,1445.0,199209.0,30326.0
1992-08-03,83.513,83.513,83.483,83.513,81.0,199209.0,30297.0
1992-08-04,83.503,83.543,83.503,83.533,1551.0,199209.0,31208.0
1992-08-05,83.543,83.573,83.543,83.563,1430.0,199209.0,31335.0
1992-08-06,83.543,83.573,83.523,83.563,2495.0,199209.0,32235.0
1992-08-07,83.623,83.653,83.583,83.643,1952.0,199209.0,32282.0
1992-08-10,83.643,83.703,83.643,83.683,1198.0,199209.0,32585.0
1992-08-11,83.723,83.753,83.713,83.753,2071.0,199209.0,33543.0
1992-08-12,83.703,83.733,83.703,83.723,1301.0,199209.0,33577.0
1992-08-13,83.743,83.743,83.723,83.733,1048.0,199209.0,33569.0
1992-08-14,83.753,83.753,83.723,83.753,1238.0,199209.0,34365.0
1992-08-17,83.743,83.753,83.743,83.743,541.0,199209.0,34665.0
1992-08-18,83.723,83.743,83.723,83.743,1186.0,199209.0,35287.0
1992-08-19,83.723,83.743,83.723,83.733,1348.0,199209.0,28334.0
1992-08-20,83.773,83.793,83.763,83.773,2320.0,199209.0,29014.0
1992-08-21,83.763,83.783,83.763,83.763,1250.0,199209.0,29362.0
1992-08-24,83.743,83.753,83.693,83.703,1161.0,199209.0,29624.0
1992-08-25,83.673,83.713,83.673,83.703,1635.0,199209.0,30528.0
1992-08-26,83.703,83.723,83.693,83.713,1745.0,199209.0,31255.0
1992-08-27,83.733,83.743,83.703,83.703,1966.0,199209.0,31388.0
1992-08-28,83.703,83.713,83.703,83.713,595.0,199209.0,30661.0
1992-08-31,83.703,83.713,83.703,83.713,169.0,199209.0,30392.0
1992-09-01,83.693,83.813,83.693,83.813,1755.0,199209.0,31412.0
1992-09-02,83.863,83.883,83.853,83.873,2910.0,199209.0,33456.0
1992-09-03,83.873,83.903,83.843,83.883,2617.0,199209.0,34460.0
1992-09-04,83.893,83.973,83.893,83.963,3954.0,199209.0,32149.0
1992-09-08,83.913,83.943,83.913,83.933,1602.0,199209.0,31007.0
1992-09-09,83.913,83.913,83.743,83.743,3240.0,199209.0,30412.0
1992-09-10,83.623,83.673,83.503,83.503,4896.0,199209.0,32596.0
1992-09-11,83.223,83.443,83.203,83.413,3461.0,199209.0,33086.0
1992-09-14,83.763,83.833,83.643,83.693,1878.0,199212.0,31953.0
1992-09-15,83.493,83.513,83.263,83.303,2187.0,199212.0,25704.0
1992-09-16,83.083,83.093,82.293,82.883,2334.0,199212.0,26502.0
1992-09-17,82.983,83.183,82.943,83.113,2669.0,199212.0,25039.0
1992-09-18,83.243,83.293,83.093,83.093,1059.0,199212.0,23854.0
1992-09-21,82.843,82.843,82.443,82.443,1691.0,199212.0,23656.0
1992-09-22,82.543,82.693,82.363,82.463,1646.0,199212.0,23855.0
1992-09-23,82.613,82.683,82.443,82.593,1019.0,199212.0,23537.0
1992-09-24,82.793,82.883,82.623,82.693,1521.0,199212.0,23624.0
1992-09-25,82.623,82.773,82.583,82.773,1516.0,199212.0,22401.0
1992-09-28,82.683,82.713,82.343,82.403,1627.0,199212.0,22804.0
1992-09-29,81.243,81.593,80.743,80.743,3973.0,199212.0,25074.0
1992-09-30,80.843,81.543,80.843,81.243,2597.0,199212.0,24664.0
1992-10-01,81.423,81.743,81.143,81.343,2585.0,199212.0,24758.0
1992-10-02,81.143,81.343,80.523,80.693,2120.0,199212.0,24770.0
1992-10-05,80.843,81.493,80.843,81.073,1826.0,199212.0,24191.0
1992-10-06,81.093,81.293,80.993,81.273,1421.0,199212.0,23450.0
1992-10-07,81.393,81.443,81.143,81.213,1636.0,199212.0,23802.0
1992-10-08,81.093,81.393,80.993,81.293,1763.0,199212.0,24153.0
1992-10-09,81.343,81.393,81.293,81.293,737.0,199212.0,23373.0
1992-10-13,81.543,81.543,81.323,81.403,895.0,199212.0,23836.0
1992-10-14,81.443,81.543,80.943,81.043,1872.0,199212.0,24364.0
1992-10-15,81.293,81.373,81.193,81.353,1406.0,199212.0,24435.0
1992-10-16,81.353,81.643,81.353,81.613,897.0,199212.0,23540.0
1992-10-19,81.543,81.613,81.343,81.573,1102.0,199212.0,23458.0
1992-10-20,81.523,81.843,81.503,81.823,2554.0,199212.0,22354.0
1992-10-21,81.823,81.923,81.783,81.893,1190.0,199212.0,21577.0
1992-10-22,81.843,82.043,81.773,82.043,1887.0,199212.0,21806.0
1992-10-23,81.963,82.023,81.893,81.983,1592.0,199212.0,21466.0
1992-10-26,81.793,82.193,81.793,82.193,818.0,199212.0,20880.0
1992-10-27,82.743,83.243,82.743,83.193,2717.0,199212.0,21321.0
1992-10-28,83.403,83.423,83.063,83.153,2285.0,199212.0,21841.0
1992-10-29,82.943,83.243,82.943,83.223,1627.0,199212.0,21149.0
1992-10-30,83.183,83.293,83.183,83.283,1763.0,199212.0,21733.0
1992-11-02,83.223,83.253,83.173,83.193,684.0,199212.0,21422.0
1992-11-03,83.243,83.273,83.133,83.143,1414.0,199212.0,21385.0
1992-11-04,83.113,83.143,83.003,83.003,1400.0,199212.0,20543.0
1992-11-05,82.793,82.973,82.703,82.763,1835.0,199212.0,21279.0
1992-11-06,82.793,82.813,82.193,82.243,2564.0,199212.0,22299.0
1992-11-09,81.893,82.143,81.293,81.993,4630.0,199212.0,24335.0
1992-11-10,81.643,82.143,81.543,82.013,3304.0,199212.0,25200.0
1992-11-11,81.793,81.843,81.793,81.803,132.0,199212.0,22815.0
1992-11-12,81.993,82.093,81.923,82.043,2543.0,199212.0,24511.0
1992-11-13,82.043,82.093,81.933,81.963,1684.0,199212.0,24186.0
1992-11-16,81.493,81.563,81.093,81.183,1829.0,199212.0,24462.0
1992-11-17,80.743,81.023,80.443,80.913,3987.0,199212.0,26632.0
1992-11-18,80.903,80.933,80.793,80.913,2616.0,199212.0,25857.0
1992-11-19,80.943,81.193,80.933,81.093,3286.0,199212.0,26268.0
1992-11-20,80.763,80.793,80.343,80.463,2996.0,199212.0,26692.0
1992-11-23,79.943,80.243,79.943,80.003,1735.0,199212.0,26834.0
1992-11-24,79.843,80.193,79.743,80.103,2075.0,199212.0,26876.0
1992-11-25,80.623,80.643,80.443,80.583,2272.0,199212.0,26893.0
1992-11-26,80.793,80.993,80.663,80.813,1505.0,199212.0,27461.0
1992-11-27,80.643,80.783,80.543,80.553,1445.0,199212.0,27924.0
1992-11-30,80.443,80.533,80.443,80.463,1290.0,199212.0,27980.0
1992-12-01,80.383,80.643,80.383,80.613,2198.0,199212.0,28420.0
1992-12-02,80.663,80.793,80.543,80.743,2171.0,199212.0,29011.0
1992-12-03,80.813,80.943,80.763,80.863,2486.0,199212.0,28750.0
1992-12-04,80.843,80.843,80.703,80.823,1402.0,199212.0,28805.0
1992-12-07,80.803,81.113,80.803,81.073,2441.0,199212.0,28856.0
1992-12-08,80.993,81.093,80.923,80.953,2020.0,199212.0,28220.0
1992-12-09,80.893,80.943,80.843,80.903,1972.0,199212.0,28633.0
1992-12-10,80.893,80.973,80.863,80.883,2855.0,199212.0,29658.0
1992-12-11,80.823,80.823,80.743,80.793,1293.0,199212.0,29089.0
1992-12-14,80.783,80.873,80.713,80.863,2030.0,199303.0,29723.0
1992-12-15,80.803,80.813,80.483,80.503,2528.0,199303.0,22835.0
1992-12-16,80.383,80.683,80.383,80.683,1541.0,199303.0,22344.0
1992-12-17,80.783,80.903,80.763,80.893,2127.0,199303.0,23204.0
1992-12-18,80.933,80.933,80.853,80.883,1216.0,199303.0,22722.0
1992-12-21,80.933,81.043,80.913,81.043,1373.0,199303.0,23021.0
1992-12-22,81.183,81.183,81.053,81.083,1469.0,199303.0,23335.0
1992-12-23,81.133,81.203,81.133,81.143,895.0,199303.0,23185.0
1992-12-24,81.143,81.173,81.133,81.173,494.0,199303.0,23031.0
1992-12-29,80.973,81.033,80.913,80.963,853.0,199303.0,21865.0
1992-12-30,81.013,81.083,81.013,81.063,672.0,199303.0,22126.0
1992-12-31,81.113,81.153,81.043,81.083,868.0,199303.0,21749.0
1993-01-04,81.033,81.053,80.853,80.913,935.0,199303.0,22293.0
1993-01-05,80.933,80.983,80.833,80.983,1438.0,199303.0,22721.0
1993-01-06,81.043,81.093,80.963,80.983,1750.0,199303.0,22924.0
1993-01-07,81.013,81.043,80.883,80.903,1897.0,199303.0,22987.0
1993-01-08,80.833,80.933,80.783,80.923,1668.0,199303.0,22890.0
1993-01-11,81.133,81.133,81.053,81.083,1875.0,199303.0,23515.0
1993-01-12,81.153,81.173,81.093,81.123,2624.0,199303.0,24414.0
1993-01-13,81.103,81.133,80.933,81.053,1812.0,199303.0,21757.0
1993-01-14,81.173,81.203,81.143,81.183,1639.0,199303.0,21842.0
1993-01-15,81.153,81.253,81.153,81.253,1002.0,199303.0,21260.0
1993-01-18,81.333,81.363,81.323,81.343,1930.0,199303.0,21520.0
1993-01-19,81.323,81.343,81.273,81.273,1212.0,199303.0,21727.0
1993-01-20,81.353,81.353,81.183,81.183,1774.0,199303.0,22222.0
1993-01-21,81.043,81.083,80.733,80.763,4187.0,199303.0,21788.0
1993-01-22,80.783,81.003,80.783,80.933,2235.0,199303.0,20784.0
1993-01-25,81.173,81.183,81.043,81.053,1681.0,199303.0,20961.0
1993-01-26,81.233,81.283,81.013,81.013,2477.0,199303.0,22088.0
1993-01-27,81.083,81.153,81.043,81.123,2608.0,199303.0,22906.0
1993-01-28,81.173,81.183,81.113,81.143,1051.0,199303.0,21889.0
1993-01-29,81.173,81.183,81.123,81.163,1624.0,199303.0,22405.0
1993-02-01,81.133,81.193,81.133,81.173,498.0,199303.0,21512.0
1993-02-02,81.173,81.213,81.173,81.213,1793.0,199303.0,22089.0
1993-02-03,81.193,81.203,81.133,81.143,1546.0,199303.0,22089.0
1993-02-04,81.223,81.303,81.223,81.293,2710.0,199303.0,22710.0
1993-02-05,81.323,81.383,81.283,81.353,2014.0,199303.0,22110.0
1993-02-08,81.363,81.403,81.363,81.403,1503.0,199303.0,21652.0
1993-02-09,81.373,81.443,81.333,81.403,1233.0,199303.0,21979.0
1993-02-10,81.483,81.763,81.453,81.503,2648.0,199303.0,22398.0
1993-02-11,81.533,81.633,81.533,81.623,2573.0,199303.0,23836.0
1993-02-12,81.603,81.633,81.563,81.603,2293.0,199303.0,24050.0
1993-02-15,81.613,81.633,81.613,81.623,981.0,199303.0,23788.0
1993-02-16,81.583,81.583,81.493,81.523,2306.0,199303.0,23553.0
1993-02-17,81.473,81.573,81.463,81.483,2204.0,199303.0,23488.0
1993-02-18,81.633,81.633,81.573,81.603,1714.0,199303.0,23617.0
1993-02-19,81.663,81.693,81.633,81.663,1670.0,199303.0,23425.0
1993-02-22,81.603,81.683,81.603,81.683,1428.0,199303.0,23294.0
1993-02-23,81.703,81.803,81.693,81.793,2959.0,199303.0,24296.0
1993-02-24,81.733,81.733,81.543,81.683,3327.0,199303.0,24834.0
1993-02-25,81.773,81.843,81.773,81.823,2588.0,199303.0,25061.0
1993-02-26,81.893,81.923,81.863,81.913,1837.0,199303.0,24974.0
1993-03-01,81.913,81.993,81.913,81.983,2916.0,199303.0,25633.0
1993-03-02,82.023,82.073,82.003,82.073,2564.0,199303.0,26293.0
1993-03-03,82.133,82.173,82.113,82.143,1801.0,199303.0,25620.0
1993-03-04,82.203,82.223,82.173,82.183,2230.0,199303.0,25709.0
1993-03-05,82.153,82.253,82.093,82.163,2433.0,199303.0,26664.0
1993-03-08,82.253,82.273,82.233,82.253,2484.0,199303.0,27409.0
1993-03-09,82.233,82.283,82.223,82.263,3156.0,199303.0,27140.0
1993-03-10,82.233,82.283,82.233,82.283,2557.0,199303.0,27086.0
1993-03-11,82.353,82.383,82.343,82.363,2282.0,199303.0,27048.0
1993-03-12,82.383,82.403,82.373,82.393,3197.0,199303.0,27503.0
1993-03-15,82.353,82.353,82.233,82.233,2240.0,199306.0,28687.0
1993-03-16,82.243,82.283,82.203,82.253,2052.0,199306.0,20309.0
1993-03-17,82.193,82.333,82.193,82.333,2502.0,199306.0,21477.0
1993-03-18,82.393,82.453,82.393,82.413,1491.0,199306.0,19709.0
1993-03-19,82.483,82.503,82.443,82.473,1417.0,199306.0,20261.0
1993-03-22,82.493,82.543,82.473,82.473,1674.0,199306.0,20371.0
1993-03-23,82.483,82.513,82.443,82.513,3151.0,199306.0,21571.0
1993-03-24,82.593,82.633,82.553,82.623,3805.0,199306.0,21571.0
1993-03-25,82.583,82.613,82.573,82.583,1174.0,199306.0,22607.0
1993-03-26,82.583,82.603,82.563,82.593,2022.0,199306.0,23240.0
1993-03-29,82.543,82.593,82.543,82.563,1643.0,199306.0,22855.0
1993-03-30,82.553,82.623,82.533,82.593,2268.0,199306.0,23606.0
1993-03-31,82.543,82.553,82.223,82.263,3247.0,199306.0,24548.0
1993-04-01,82.113,82.283,82.113,82.163,4619.0,199306.0,25454.0
1993-04-02,82.303,82.333,81.963,81.973,3086.0,199306.0,25413.0
1993-04-05,82.043,82.043,81.933,82.043,2169.0,199306.0,25209.0
1993-04-06,82.163,82.363,82.143,82.323,2673.0,199306.0,25419.0
1993-04-07,82.243,82.343,82.243,82.283,2157.0,199306.0,25265.0
1993-04-08,82.413,82.493,82.393,82.463,2029.0,199306.0,26057.0
1993-04-12,82.543,82.543,82.473,82.503,1267.0,199306.0,25581.0
1993-04-13,82.573,82.633,82.513,82.563,3006.0,199306.0,27008.0
1993-04-14,82.493,82.533,82.443,82.503,2479.0,199306.0,26829.0
1993-04-15,82.573,82.613,82.553,82.603,2579.0,199306.0,27168.0
1993-04-16,82.613,82.623,82.553,82.573,1849.0,199306.0,26776.0
1993-04-19,82.663,82.663,82.623,82.653,1810.0,199306.0,26544.0
1993-04-20,82.613,82.633,82.573,82.603,2621.0,199306.0,27985.0
1993-04-21,82.653,82.663,82.593,82.593,2083.0,199306.0,27755.0
1993-04-22,82.553,82.613,82.473,82.503,3094.0,199306.0,29178.0
1993-04-23,82.543,82.593,82.523,82.573,1872.0,199306.0,28952.0
1993-04-26,82.653,82.743,82.633,82.723,2439.0,199306.0,30053.0
1993-04-27,82.533,82.563,82.303,82.323,5749.0,199306.0,31939.0
1993-04-28,82.093,82.373,81.943,82.353,4828.0,199306.0,32315.0
1993-04-29,82.493,82.543,82.423,82.463,2000.0,199306.0,30219.0
1993-04-30,82.533,82.593,82.503,82.543,2444.0,199306.0,29862.0
1993-05-03,82.593,82.643,82.573,82.643,1949.0,199306.0,29606.0
1993-05-04,82.593,82.693,82.563,82.663,2632.0,199306.0,29655.0
1993-05-05,82.573,82.603,82.553,82.573,1732.0,199306.0,29327.0
1993-05-06,82.643,82.713,82.633,82.703,4214.0,199306.0,30444.0
1993-05-07,82.673,82.743,82.673,82.723,1841.0,199306.0,29665.0
1993-05-10,82.793,82.823,82.773,82.783,1457.0,199306.0,29071.0
1993-05-11,82.773,82.793,82.713,82.743,2909.0,199306.0,29941.0
1993-05-12,82.673,82.703,82.623,82.623,3039.0,199306.0,30007.0
1993-05-13,82.723,82.733,82.663,82.713,2359.0,199306.0,30252.0
1993-05-14,82.693,82.713,82.563,82.613,2297.0,199306.0,31156.0
1993-05-17,82.573,82.603,82.533,82.543,962.0,199306.0,29991.0
1993-05-18,82.593,82.673,82.563,82.613,2508.0,199306.0,29564.0
1993-05-19,82.693,82.773,82.673,82.773,2186.0,199306.0,30315.0
1993-05-20,82.783,82.893,82.783,82.813,2666.0,199306.0,29530.0
1993-05-21,82.823,82.883,82.813,82.873,2301.0,199306.0,29262.0
1993-05-25,83.023,83.053,83.003,83.013,4646.0,199306.0,32505.0
1993-05-26,83.023,83.133,83.013,83.133,2615.0,199306.0,32771.0
1993-05-27,83.103,83.193,83.103,83.173,5219.0,199306.0,34123.0
1993-05-28,83.063,83.133,83.033,83.093,2063.0,199306.0,32836.0
1993-05-31,83.093,83.173,83.093,83.173,451.0,199306.0,31892.0
1993-06-01,83.173,83.193,83.153,83.193,3006.0,199306.0,32720.0
1993-06-02,83.273,83.313,83.243,83.253,3641.0,199306.0,33962.0
1993-06-03,83.243,83.273,83.193,83.253,2172.0,199306.0,33771.0
1993-06-04,83.153,83.163,83.073,83.073,3845.0,199306.0,34627.0
1993-06-07,83.193,83.193,83.083,83.113,2247.0,199306.0,33691.0
1993-06-08,83.033,83.123,83.033,83.093,3871.0,199306.0,34266.0
1993-06-09,83.113,83.193,83.113,83.183,4008.0,199306.0,34896.0
1993-06-10,83.253,83.293,83.253,83.283,5031.0,199306.0,34157.0
1993-06-11,83.303,83.363,83.293,83.363,3446.0,199306.0,34214.0
1993-06-14,83.353,83.383,83.313,83.383,1987.0,199309.0,33889.0
1993-06-15,83.453,83.543,83.433,83.493,2660.0,199309.0,26600.0
1993-06-16,83.503,83.533,83.473,83.533,1920.0,199309.0,25390.0
1993-06-17,83.593,83.643,83.583,83.643,2467.0,199309.0,25769.0
1993-06-18,83.703,83.713,83.613,83.663,2650.0,199309.0,25078.0
1993-06-21,83.653,83.723,83.653,83.713,1204.0,199309.0,23759.0
1993-06-22,83.673,83.693,83.623,83.643,2436.0,199309.0,24433.0
1993-06-23,83.613,83.633,83.543,83.543,1609.0,199309.0,24269.0
1993-06-25,83.693,83.693,83.643,83.683,2367.0,199309.0,23508.0
1993-06-28,83.713,83.713,83.683,83.703,1867.0,199309.0,24448.0
1993-06-29,83.723,83.763,83.713,83.713,2271.0,199309.0,25432.0
1993-06-30,83.763,83.783,83.743,83.763,2406.0,199309.0,24986.0
1993-07-02,83.733,83.803,83.713,83.793,782.0,199309.0,23507.0
1993-07-05,83.843,83.863,83.843,83.853,380.0,199309.0,22032.0
1993-07-06,83.843,83.883,83.833,83.873,2698.0,199309.0,24131.0
1993-07-07,83.883,83.893,83.863,83.863,1957.0,199309.0,25020.0
1993-07-08,83.903,83.933,83.883,83.923,2522.0,199309.0,27242.0
1993-07-09,83.993,84.093,83.993,84.083,6153.0,199309.0,30300.0
1993-07-12,84.173,84.173,84.113,84.133,2523.0,199309.0,30803.0
1993-07-13,84.173,84.173,84.093,84.103,4604.0,199309.0,34200.0
1993-07-14,84.083,84.213,84.073,84.203,4212.0,199309.0,35543.0
1993-07-15,84.253,84.263,84.213,84.223,3207.0,199309.0,34928.0
1993-07-16,84.213,84.243,84.193,84.223,3091.0,199309.0,33587.0
1993-07-19,84.253,84.253,84.203,84.203,962.0,199309.0,32812.0
1993-07-20,84.203,84.223,84.183,84.193,2804.0,199309.0,32511.0
1993-07-21,84.243,84.253,84.143,84.153,3365.0,199309.0,33769.0
1993-07-22,84.213,84.213,84.013,84.113,5041.0,199309.0,36069.0
1993-07-23,84.143,84.183,84.123,84.153,3662.0,199309.0,36304.0
1993-07-26,84.163,84.223,84.163,84.213,3443.0,199309.0,36170.0
1993-07-27,84.213,84.273,84.193,84.243,3255.0,199309.0,37051.0
1993-07-28,84.283,84.313,84.283,84.313,3271.0,199309.0,37333.0
1993-07-29,84.333,84.333,84.263,84.303,2262.0,199309.0,36989.0
1993-07-30,84.353,84.413,84.353,84.403,2959.0,199309.0,37372.0
1993-08-02,84.423,84.433,84.313,84.343,293.0,199309.0,37480.0
1993-08-03,84.323,84.373,84.293,84.373,2245.0,199309.0,38188.0
1993-08-04,84.423,84.443,84.403,84.413,2261.0,199309.0,39188.0
1993-08-05,84.433,84.483,84.393,84.403,3776.0,199309.0,39953.0
1993-08-06,84.453,84.483,84.423,84.473,1666.0,199309.0,39360.0
1993-08-09,84.503,84.533,84.503,84.513,1678.0,199309.0,39733.0
1993-08-10,84.573,84.603,84.563,84.593,3231.0,199309.0,40097.0
1993-08-11,84.493,84.543,84.363,84.423,3859.0,199309.0,41560.0
1993-08-12,84.243,84.293,83.683,83.743,7138.0,199309.0,43818.0
1993-08-13,84.043,84.123,83.563,83.623,4776.0,199309.0,44141.0
1993-08-16,83.893,84.003,83.793,83.953,3827.0,199309.0,44031.0
1993-08-17,84.143,84.153,84.013,84.043,4979.0,199309.0,44072.0
1993-08-18,83.703,83.903,83.663,83.773,4739.0,199309.0,43664.0
1993-08-19,83.853,84.063,82.993,84.063,5117.0,199309.0,44918.0
1993-08-20,84.003,84.013,83.873,83.953,2971.0,199309.0,45112.0
1993-08-23,83.843,83.893,83.803,83.883,2114.0,199309.0,44166.0
1993-08-24,83.973,83.983,83.893,83.973,4592.0,199309.0,43649.0
1993-08-25,84.013,84.083,84.013,84.063,3493.0,199309.0,41237.0
1993-08-26,84.033,84.033,83.983,83.993,2763.0,199309.0,40835.0
1993-08-27,83.873,83.903,83.803,83.903,2328.0,199309.0,40835.0
1993-08-30,83.903,83.913,83.853,83.853,1291.0,199309.0,40151.0
1993-08-31,83.813,83.893,83.813,83.873,3657.0,199309.0,41184.0
1993-09-01,83.943,83.943,83.693,83.723,5573.0,199309.0,43183.0
1993-09-02,83.763,83.773,83.683,83.763,4232.0,199309.0,44308.0
1993-09-03,83.793,83.893,83.703,83.803,3754.0,199309.0,43999.0
1993-09-07,83.823,83.883,83.793,83.863,4021.0,199309.0,42575.0
1993-09-08,83.873,83.923,83.843,83.853,4614.0,199309.0,42489.0
1993-09-09,83.943,83.943,83.873,83.903,2713.0,199309.0,41617.0
1993-09-10,83.923,83.963,83.923,83.963,2969.0,199309.0,41791.0
1993-09-13,83.963,83.983,83.903,83.903,2758.0,199312.0,42225.0
1993-09-14,83.843,83.843,83.643,83.643,5279.0,199312.0,36436.0
1993-09-15,83.703,83.813,83.663,83.813,5382.0,199312.0,38851.0
1993-09-16,83.863,83.903,83.833,83.863,7734.0,199312.0,41318.0
1993-09-17,83.863,83.863,83.823,83.853,1416.0,199312.0,39321.0
1993-09-20,83.843,83.853,83.723,83.753,3021.0,199312.0,39449.0
1993-09-21,83.763,83.873,83.733,83.823,3562.0,199312.0,40199.0
1993-09-22,83.823,83.873,83.823,83.873,1477.0,199312.0,39294.0
1993-09-23,83.793,83.843,83.763,83.813,3896.0,199312.0,41025.0
1993-09-24,83.833,83.883,83.833,83.833,2541.0,199312.0,40634.0
1993-09-27,83.843,83.863,83.723,83.743,2504.0,199312.0,41179.0
1993-09-28,83.803,83.843,83.783,83.813,3825.0,199312.0,41915.0
1993-09-29,83.793,83.823,83.743,83.753,3996.0,199312.0,41701.0
1993-09-30,83.723,83.743,83.653,83.733,4224.0,199312.0,43401.0
1993-10-01,83.753,83.793,83.733,83.783,3141.0,199312.0,43397.0
1993-10-04,83.813,83.863,83.793,83.793,2438.0,199312.0,44061.0
1993-10-05,83.823,83.923,83.823,83.923,3550.0,199312.0,45487.0
1993-10-06,83.983,84.193,83.953,84.173,4706.0,199312.0,46618.0
1993-10-07,84.153,84.163,84.123,84.163,3584.0,199312.0,45841.0
1993-10-08,84.173,84.263,84.173,84.263,3395.0,199312.0,46392.0
1993-10-12,84.203,84.253,84.193,84.253,2386.0,199312.0,46702.0
1993-10-13,84.293,84.323,84.183,84.193,1729.0,199312.0,44146.0
1993-10-14,84.253,84.283,84.213,84.283,3470.0,199312.0,45225.0
1993-10-15,84.323,84.333,84.223,84.273,3982.0,199312.0,46637.0
1993-10-18,84.253,84.273,84.223,84.263,2549.0,199312.0,47156.0
1993-10-19,84.343,84.383,84.293,84.343,2142.0,199312.0,47524.0
1993-10-20,84.393,84.493,84.383,84.463,4470.0,199312.0,46997.0
1993-10-21,84.483,84.483,84.413,84.463,4671.0,199312.0,47943.0
1993-10-22,84.493,84.503,84.443,84.453,3919.0,199312.0,48290.0
1993-10-25,84.443,84.473,84.363,84.453,3763.0,199312.0,50135.0
1993-10-26,84.443,84.523,84.393,84.523,6866.0,199312.0,52062.0
1993-10-27,84.523,84.573,84.513,84.573,3465.0,199312.0,50589.0
1993-10-28,84.583,84.613,84.533,84.603,3362.0,199312.0,51712.0
1993-10-29,84.653,84.743,84.633,84.723,5644.0,199312.0,53250.0
1993-11-01,84.783,84.793,84.723,84.793,3422.0,199312.0,51599.0
1993-11-02,84.793,84.793,84.703,84.723,3995.0,199312.0,50870.0
1993-11-03,84.713,84.743,84.703,84.733,1882.0,199312.0,49845.0
1993-11-04,84.773,84.833,84.763,84.813,4024.0,199312.0,51589.0
1993-11-05,84.873,84.903,84.873,84.873,2317.0,199312.0,51639.0
1993-11-08,84.903,84.913,84.883,84.913,2121.0,199312.0,52008.0
1993-11-09,84.903,84.953,84.813,84.833,4814.0,199312.0,54357.0
1993-11-10,84.813,84.833,84.743,84.833,3930.0,199312.0,54783.0
1993-11-11,84.783,84.803,84.783,84.803,1186.0,199312.0,53044.0
1993-11-12,84.783,84.813,84.753,84.763,4340.0,199312.0,54589.0
1993-11-15,84.743,84.753,84.643,84.723,3515.0,199312.0,54401.0
1993-11-16,84.763,84.793,84.693,84.753,4755.0,199312.0,56891.0
1993-11-17,84.793,84.823,84.773,84.813,3178.0,199312.0,57450.0
1993-11-18,84.863,84.863,84.803,84.813,4655.0,199312.0,58122.0
1993-11-19,84.793,84.823,84.773,84.823,2316.0,199312.0,55137.0
1993-11-22,84.803,84.823,84.793,84.813,3073.0,199312.0,55913.0
1993-11-23,84.843,84.923,84.843,84.913,3181.0,199312.0,56622.0
1993-11-24,84.873,84.953,84.853,84.933,4003.0,199312.0,56790.0
1993-11-25,84.953,84.983,84.953,84.983,1542.0,199312.0,55490.0
1993-11-26,84.973,84.993,84.963,84.983,2799.0,199312.0,56656.0
1993-11-29,84.973,84.973,84.933,84.943,1929.0,199312.0,56439.0
1993-11-30,84.913,84.993,84.903,84.993,4378.0,199312.0,55359.0
1993-12-01,84.993,85.033,84.993,85.023,3750.0,199312.0,54883.0
1993-12-02,85.023,85.043,85.023,85.023,3033.0,199312.0,54953.0
1993-12-03,85.023,85.053,85.023,85.053,3178.0,199312.0,54048.0
1993-12-06,85.053,85.113,85.053,85.103,5400.0,199312.0,55914.0
1993-12-07,85.103,85.123,85.083,85.113,5683.0,199312.0,55999.0
1993-12-08,85.123,85.133,85.113,85.123,3945.0,199312.0,57366.0
1993-12-09,85.133,85.143,85.123,85.133,5599.0,199312.0,57936.0
1993-12-10,85.123,85.173,85.123,85.163,4383.0,199312.0,58226.0
1993-12-13,85.163,85.193,85.163,85.183,6338.0,199403.0,59058.0
1993-12-14,85.183,85.183,85.123,85.153,3904.0,199403.0,44733.0
1993-12-15,85.133,85.143,85.113,85.133,5452.0,199403.0,47273.0
1993-12-16,85.173,85.183,85.113,85.133,3981.0,199403.0,48125.0
1993-12-17,85.133,85.143,85.093,85.103,3871.0,199403.0,48601.0
1993-12-20,85.093,85.113,85.063,85.083,2720.0,199403.0,48766.0
1993-12-21,85.093,85.093,85.053,85.053,4267.0,199403.0,48089.0
1993-12-22,85.013,85.233,85.003,85.203,6222.0,199403.0,52116.0
1993-12-23,85.263,85.293,85.213,85.273,3729.0,199403.0,52445.0
1993-12-28,85.263,85.273,85.253,85.273,288.0,199403.0,49680.0
1993-12-29,85.303,85.323,85.273,85.273,2081.0,199403.0,51124.0
1993-12-30,85.263,85.313,85.253,85.313,945.0,199403.0,49493.0
1993-12-31,85.343,85.363,85.333,85.333,1127.0,199403.0,49882.0
1994-01-04,85.353,85.393,85.353,85.353,3272.0,199403.0,51844.0
1994-01-05,85.363,85.383,85.333,85.333,2792.0,199403.0,52465.0
1994-01-06,85.333,85.353,85.293,85.333,4658.0,199403.0,53534.0
1994-01-07,85.343,85.423,85.343,85.413,5712.0,199403.0,54543.0
1994-01-10,85.433,85.473,85.433,85.453,5366.0,199403.0,56580.0
1994-01-11,85.453,85.453,85.433,85.443,7415.0,199403.0,59212.0
1994-01-12,85.463,85.493,85.463,85.493,4962.0,199403.0,58579.0
1994-01-13,85.463,85.503,85.453,85.483,3752.0,199403.0,56515.0
1994-01-14,85.503,85.503,85.463,85.483,6221.0,199403.0,59060.0
1994-01-17,85.483,85.503,85.483,85.503,553.0,199403.0,55467.0
1994-01-18,85.523,85.533,85.503,85.523,4131.0,199403.0,57901.0
1994-01-19,85.543,85.573,85.543,85.553,2872.0,199403.0,56668.0
1994-01-20,85.563,85.583,85.553,85.573,1929.0,199403.0,56096.0
1994-01-21,85.593,85.593,85.573,85.573,2146.0,199403.0,55829.0
1994-01-24,85.583,85.623,85.583,85.603,2513.0,199403.0,56459.0
1994-01-25,85.603,85.643,85.593,85.643,4076.0,199403.0,57457.0
1994-01-26,85.623,85.683,85.613,85.683,4000.0,199403.0,58305.0
1994-01-27,85.693,85.703,85.663,85.663,5187.0,199403.0,59557.0
1994-01-28,85.683,85.683,85.623,85.683,3897.0,199403.0,60110.0
1994-01-31,85.683,85.703,85.653,85.653,1545.0,199403.0,57736.0
1994-02-01,85.653,85.653,85.603,85.623,5260.0,199403.0,60859.0
1994-02-02,85.633,85.633,85.593,85.593,5392.0,199403.0,61953.0
1994-02-03,85.593,85.603,85.503,85.503,6770.0,199403.0,64154.0
1994-02-04,85.403,85.623,85.243,85.343,12816.0,199403.0,69272.0
1994-02-07,85.383,85.413,85.243,85.313,7599.0,199403.0,69586.0
1994-02-08,85.313,85.413,85.313,85.413,5358.0,199403.0,66837.0
1994-02-09,85.403,85.453,85.403,85.423,6120.0,199403.0,68834.0
1994-02-10,85.453,85.473,85.443,85.463,5188.0,199403.0,65970.0
1994-02-11,85.433,85.473,85.423,85.443,2289.0,199403.0,63258.0
1994-02-14,85.393,85.403,85.323,85.363,6445.0,199403.0,65545.0
1994-02-15,85.363,85.363,85.263,85.283,5778.0,199403.0,64636.0
1994-02-16,85.283,85.313,85.253,85.263,9487.0,199403.0,67210.0
1994-02-17,85.383,85.383,85.253,85.283,10789.0,199403.0,69416.0
1994-02-18,85.303,85.343,85.273,85.293,4205.0,199403.0,67351.0
1994-02-21,85.273,85.283,85.253,85.263,2514.0,199403.0,65707.0
1994-02-22,85.273,85.353,85.263,85.353,4007.0,199403.0,61223.0
1994-02-23,85.313,85.323,85.233,85.253,5428.0,199403.0,61853.0
1994-02-24,85.193,85.253,85.133,85.203,6472.0,199403.0,62423.0
1994-02-25,85.253,85.283,85.193,85.283,5737.0,199403.0,62835.0
1994-02-28,85.323,85.323,85.273,85.303,4141.0,199403.0,62105.0
1994-03-01,85.303,85.323,85.243,85.263,8961.0,199403.0,66327.0
1994-03-02,85.193,85.213,85.083,85.153,11005.0,199403.0,68182.0
1994-03-03,85.223,85.233,85.173,85.203,8682.0,199403.0,68728.0
1994-03-04,85.183,85.233,85.143,85.203,10606.0,199403.0,73407.0
1994-03-07,85.253,85.323,85.253,85.303,6179.0,199403.0,72512.0
1994-03-08,85.343,85.353,85.293,85.303,6847.0,199403.0,69220.0
1994-03-09,85.303,85.323,85.283,85.303,7314.0,199403.0,71985.0
1994-03-10,85.303,85.303,85.243,85.243,8919.0,199403.0,73430.0
1994-03-11,85.233,85.283,85.123,85.283,9116.0,199403.0,72817.0
1994-03-14,85.323,85.363,85.303,85.363,6875.0,199406.0,71751.0
1994-03-15,85.333,85.363,85.263,85.273,7412.0,199406.0,59593.0
1994-03-16,85.313,85.313,85.213,85.213,5844.0,199406.0,60132.0
1994-03-17,85.313,85.323,85.183,85.193,6094.0,199406.0,61436.0
1994-03-18,85.083,85.113,85.013,85.023,7569.0,199406.0,64225.0
1994-03-21,84.963,84.973,84.783,84.813,8525.0,199406.0,62797.0
1994-03-22,84.703,84.833,84.563,84.813,11804.0,199406.0,66478.0
1994-03-23,84.963,85.023,84.893,84.943,9540.0,199406.0,65038.0
1994-03-24,84.713,84.763,84.563,84.643,9943.0,199406.0,66943.0
1994-03-25,84.583,84.613,84.453,84.563,9237.0,199406.0,68210.0
1994-03-28,84.613,84.623,84.483,84.493,6493.0,199406.0,66317.0
1994-03-29,84.403,84.403,84.133,84.133,7867.0,199406.0,67157.0
1994-03-30,83.943,84.033,83.823,83.853,10999.0,199406.0,69848.0
1994-03-31,83.623,83.753,83.553,83.743,6668.0,199406.0,69261.0
1994-04-04,83.363,83.593,83.113,83.133,3898.0,199406.0,68228.0
1994-04-05,83.493,83.773,83.243,83.753,9391.0,199406.0,71882.0
1994-04-06,84.163,84.223,83.623,83.863,9629.0,199406.0,72568.0
1994-04-07,83.983,84.133,83.863,84.133,9810.0,199406.0,71959.0
1994-04-08,84.223,84.263,84.093,84.113,7360.0,199406.0,69472.0
1994-04-11,84.043,84.083,83.843,83.953,5125.0,199406.0,66592.0
1994-04-12,84.133,84.243,84.003,84.173,6388.0,199406.0,66268.0
1994-04-13,84.193,84.283,84.103,84.133,7578.0,199406.0,63677.0
1994-04-14,84.113,84.113,83.883,84.013,6347.0,199406.0,61078.0
1994-04-15,83.903,83.983,83.803,83.973,6461.0,199406.0,61992.0
1994-04-18,83.963,83.973,83.523,83.563,8072.0,199406.0,60785.0
1994-04-19,83.333,83.523,83.323,83.513,10666.0,199406.0,64013.0
1994-04-20,83.493,83.573,83.403,83.553,6779.0,199406.0,62618.0
1994-04-21,83.663,83.703,83.493,83.673,8295.0,199406.0,63440.0
1994-04-22,83.663,83.773,83.653,83.733,7800.0,199406.0,64037.0
1994-04-25,83.653,83.773,83.603,83.773,5706.0,199406.0,62163.0
1994-04-26,83.793,83.953,83.773,83.863,8234.0,199406.0,64073.0
1994-04-27,83.883,83.943,83.803,83.933,2621.0,199406.0,63235.0
1994-04-28,83.873,83.993,83.703,83.733,8400.0,199406.0,66516.0
1994-04-29,83.663,83.713,83.553,83.703,6830.0,199406.0,67519.0
1994-05-02,83.683,83.713,83.623,83.683,2417.0,199406.0,61670.0
1994-05-03,83.683,83.703,83.583,83.593,8219.0,199406.0,65680.0
1994-05-04,83.553,83.623,83.443,83.503,6862.0,199406.0,64885.0
1994-05-05,83.573,83.663,83.543,83.603,5878.0,199406.0,64831.0
1994-05-06,83.473,83.493,83.253,83.283,7384.0,199406.0,65049.0
1994-05-09,83.303,83.323,83.143,83.163,6466.0,199406.0,64266.0
1994-05-10,83.303,83.483,83.293,83.453,9845.0,199406.0,66424.0
1994-05-11,83.453,83.483,83.293,83.383,7347.0,199406.0,64781.0
1994-05-12,83.373,83.413,83.283,83.363,11918.0,199406.0,67435.0
1994-05-13,83.563,83.623,83.423,83.603,11466.0,199406.0,69006.0
1994-05-16,83.693,83.763,83.663,83.733,9887.0,199406.0,65539.0
1994-05-17,83.713,83.893,83.683,83.893,8229.0,199406.0,63064.0
1994-05-18,83.933,83.963,83.873,83.963,10841.0,199406.0,65081.0
1994-05-19,83.993,84.133,83.963,84.123,9809.0,199406.0,67285.0
1994-05-20,84.013,84.113,83.973,83.973,8616.0,199406.0,69985.0
1994-05-24,83.863,83.963,83.863,83.913,5561.0,199406.0,64500.0
1994-05-25,83.823,83.893,83.793,83.893,8281.0,199406.0,65295.0
1994-05-26,83.893,83.913,83.853,83.873,5679.0,199406.0,64284.0
1994-05-27,83.873,83.873,83.773,83.803,5714.0,199406.0,64498.0
1994-05-30,83.783,83.823,83.783,83.823,1137.0,199406.0,60460.0
1994-05-31,83.773,83.783,83.713,83.733,11513.0,199406.0,66749.0
1994-06-01,83.713,83.733,83.663,83.713,11700.0,199406.0,71383.0
1994-06-02,83.753,83.783,83.693,83.713,7397.0,199406.0,71164.0
1994-06-03,83.763,83.913,83.673,83.913,10394.0,199406.0,71516.0
1994-06-06,84.013,84.023,83.993,84.023,8006.0,199406.0,75102.0
1994-06-07,84.023,84.083,84.003,84.063,9051.0,199406.0,70097.0
1994-06-08,84.123,84.143,84.073,84.083,9521.0,199406.0,68316.0
1994-06-09,84.103,84.123,84.093,84.123,8292.0,199406.0,69208.0
1994-06-10,84.123,84.203,84.103,84.173,6666.0,199406.0,68453.0
1994-06-13,84.063,84.063,83.933,83.953,9300.0,199409.0,67768.0
1994-06-14,83.873,83.973,83.843,83.913,10585.0,199409.0,60329.0
1994-06-15,83.923,83.963,83.453,83.463,12809.0,199409.0,64482.0
1994-06-16,83.213,83.573,83.043,83.523,16320.0,199409.0,73025.0
1994-06-17,83.743,83.743,83.343,83.353,6064.0,199409.0,72521.0
1994-06-20,83.163,83.353,83.103,83.243,7880.0,199409.0,75571.0
1994-06-21,83.243,83.303,83.063,83.083,10746.0,199409.0,77349.0
1994-06-22,83.253,83.333,83.113,83.273,9041.0,199409.0,67562.0
1994-06-23,83.363,83.453,83.293,83.393,5661.0,199409.0,63606.0
1994-06-24,83.213,83.343,83.123,83.203,5219.0,199409.0,63445.0
1994-06-27,83.093,83.283,83.043,83.283,8635.0,199409.0,66731.0
1994-06-28,83.373,83.373,83.183,83.203,8800.0,199409.0,67528.0
1994-06-29,83.263,83.443,83.253,83.393,6919.0,199409.0,65410.0
1994-06-30,83.573,83.593,83.373,83.393,7949.0,199409.0,68137.0
1994-07-04,83.413,83.513,83.393,83.503,1251.0,199409.0,65315.0
1994-07-05,83.413,83.603,83.393,83.583,8009.0,199409.0,67961.0
1994-07-06,83.573,83.703,83.533,83.653,8880.0,199409.0,69179.0
1994-07-07,83.733,83.833,83.693,83.703,7492.0,199409.0,67082.0
1994-07-08,83.673,83.703,83.553,83.603,5994.0,199409.0,66329.0
1994-07-11,83.563,83.623,83.553,83.593,4594.0,199409.0,64092.0
1994-07-12,83.663,83.913,83.663,83.903,6204.0,199409.0,65473.0
1994-07-13,84.013,84.173,83.983,84.173,6767.0,199409.0,65969.0
1994-07-14,84.093,84.373,84.083,84.373,6926.0,199409.0,65787.0
1994-07-15,84.323,84.473,84.243,84.403,6934.0,199409.0,68148.0
1994-07-18,84.393,84.483,84.383,84.453,4855.0,199409.0,65637.0
1994-07-19,84.383,84.513,84.373,84.503,7262.0,199409.0,67661.0
1994-07-20,84.483,84.503,84.163,84.263,7586.0,199409.0,70666.0
1994-07-21,84.093,84.313,84.063,84.183,10282.0,199409.0,71036.0
1994-07-22,84.333,84.333,84.183,84.263,7910.0,199409.0,72334.0
1994-07-25,84.143,84.263,84.143,84.243,3299.0,199409.0,70436.0
1994-07-26,84.283,84.413,84.233,84.403,6054.0,199409.0,72132.0
1994-07-27,84.323,84.403,84.293,84.333,5897.0,199409.0,71762.0
1994-07-28,84.343,84.423,84.323,84.393,7131.0,199409.0,73342.0
1994-07-29,84.383,84.643,84.363,84.613,7249.0,199409.0,75178.0
1994-08-02,84.683,84.793,84.683,84.743,8186.0,199409.0,75948.0
1994-08-03,84.713,84.873,84.713,84.873,6828.0,199409.0,76727.0
1994-08-04,84.973,85.083,84.963,85.013,12410.0,199409.0,81328.0
1994-08-05,84.873,85.013,84.743,84.763,7945.0,199409.0,82741.0
1994-08-08,84.863,84.953,84.823,84.943,6840.0,199409.0,80384.0
1994-08-09,85.003,85.063,84.943,85.043,8159.0,199409.0,81260.0
1994-08-10,84.993,85.083,84.973,85.083,8732.0,199409.0,82241.0
1994-08-11,85.023,85.073,84.923,84.973,10930.0,199409.0,78502.0
1994-08-12,84.853,84.973,84.843,84.933,4915.0,199409.0,76177.0
1994-08-15,84.973,84.973,84.913,84.933,6385.0,199409.0,76914.0
1994-08-16,84.883,85.123,84.883,85.113,7546.0,199409.0,78923.0
1994-08-17,85.283,85.353,85.233,85.243,9592.0,199409.0,80380.0
1994-08-18,85.173,85.223,85.093,85.123,9664.0,199409.0,79809.0
1994-08-19,85.203,85.203,85.113,85.193,3975.0,199409.0,78716.0
1994-08-22,85.203,85.233,85.193,85.233,3696.0,199409.0,77757.0
1994-08-23,85.283,85.373,85.273,85.323,10223.0,199409.0,82304.0
1994-08-24,85.373,85.483,85.343,85.403,10073.0,199409.0,82191.0
1994-08-25,85.343,85.443,85.333,85.353,8388.0,199409.0,81755.0
1994-08-26,85.423,85.443,85.383,85.423,7032.0,199409.0,81937.0
1994-08-29,85.443,85.503,85.433,85.463,5417.0,199409.0,81509.0
1994-08-30,85.493,85.513,85.363,85.413,8783.0,199409.0,83375.0
1994-08-31,85.393,85.413,85.253,85.383,10950.0,199409.0,85644.0
1994-09-01,85.423,85.433,85.253,85.293,9354.0,199409.0,84251.0
1994-09-02,85.303,85.403,85.283,85.303,7634.0,199409.0,84189.0
1994-09-06,85.223,85.223,85.113,85.173,9255.0,199409.0,84717.0
1994-09-07,85.193,85.193,85.093,85.123,8290.0,199409.0,85115.0
1994-09-08,85.163,85.193,85.133,85.143,10243.0,199409.0,86718.0
1994-09-09,85.203,85.223,85.093,85.193,8718.0,199409.0,85580.0
1994-09-12,85.283,85.333,85.273,85.303,9457.0,199409.0,85204.0
1994-09-13,85.503,85.513,85.423,85.513,11494.0,199409.0,85918.0
1994-09-14,85.493,85.593,85.483,85.583,11694.0,199409.0,87224.0
1994-09-15,85.623,85.693,85.583,85.693,9626.0,199409.0,88199.0
1994-09-16,85.723,85.733,85.653,85.703,11575.0,199409.0,88108.0
1994-09-19,85.763,85.773,85.673,85.673,7354.0,199412.0,86913.0
1994-09-20,85.633,85.663,85.573,85.663,8830.0,199412.0,70559.0
1994-09-21,85.643,85.773,85.593,85.743,11019.0,199412.0,72302.0
1994-09-22,85.803,85.833,85.743,85.783,9143.0,199412.0,71944.0
1994-09-23,85.803,85.863,85.803,85.863,4826.0,199412.0,70821.0
1994-09-26,85.903,85.963,85.873,85.883,7711.0,199412.0,73091.0
1994-09-27,85.843,85.893,85.793,85.883,6756.0,199412.0,71347.0
1994-09-28,86.023,86.043,85.953,86.023,10115.0,199412.0,75184.0
1994-09-29,86.023,86.023,85.933,85.973,9295.0,199412.0,75357.0
1994-09-30,85.973,86.053,85.953,86.013,7735.0,199412.0,74902.0
1994-10-03,85.993,86.013,85.953,85.963,3524.0,199412.0,71950.0
1994-10-04,85.973,85.993,85.923,85.923,5298.0,199412.0,72688.0
1994-10-05,85.863,85.863,85.673,85.713,8602.0,199412.0,73799.0
1994-10-06,85.693,85.693,85.583,85.623,7570.0,199412.0,75526.0
1994-10-07,85.583,85.743,85.503,85.723,7452.0,199412.0,75623.0
1994-10-11,85.813,85.933,85.813,85.823,8755.0,199412.0,75680.0
1994-10-12,85.803,85.803,85.753,85.763,4682.0,199412.0,75380.0
1994-10-13,85.753,85.923,85.753,85.843,8115.0,199412.0,78097.0
1994-10-14,85.833,85.933,85.783,85.893,5914.0,199412.0,77543.0
1994-10-17,85.843,85.943,85.833,85.933,6635.0,199412.0,78844.0
1994-10-18,85.983,86.003,85.953,85.983,8023.0,199412.0,75681.0
1994-10-19,85.963,86.043,85.953,86.013,8732.0,199412.0,74345.0
1994-10-20,86.073,86.083,85.943,85.953,8460.0,199412.0,77258.0
1994-10-21,85.933,85.993,85.873,85.983,6874.0,199412.0,75404.0
1994-10-24,86.003,86.003,85.943,85.983,4561.0,199412.0,74966.0
1994-10-25,85.923,86.003,85.903,85.983,7694.0,199412.0,76186.0
1994-10-26,86.013,86.043,85.973,85.983,5609.0,199412.0,78310.0
1994-10-27,85.983,86.013,85.973,85.973,3294.0,199412.0,77905.0
1994-10-28,85.963,86.063,85.953,86.063,6607.0,199412.0,80166.0
1994-10-31,86.063,86.083,86.033,86.073,4317.0,199412.0,81123.0
1994-11-01,86.053,86.063,86.003,86.003,8453.0,199412.0,84554.0
1994-11-02,85.983,86.053,85.983,86.033,5915.0,199412.0,85479.0
1994-11-03,86.003,86.023,85.963,85.983,6494.0,199412.0,86380.0
1994-11-04,85.963,86.003,85.933,85.933,7562.0,199412.0,87372.0
1994-11-07,85.933,85.963,85.913,85.913,4275.0,199412.0,86991.0
1994-11-08,85.903,85.943,85.903,85.923,7203.0,199412.0,87058.0
1994-11-09,85.973,86.003,85.963,85.963,7644.0,199412.0,89446.0
1994-11-10,85.923,86.043,85.923,86.013,9982.0,199412.0,92946.0
1994-11-11,86.003,86.013,85.993,85.993,215.0,199412.0,88444.0
1994-11-14,86.023,86.073,86.023,86.063,3344.0,199412.0,89845.0
1994-11-15,86.073,86.083,85.983,85.983,8526.0,199412.0,90039.0
1994-11-16,85.983,86.003,85.953,85.963,12064.0,199412.0,93804.0
1994-11-17,85.973,85.993,85.943,85.983,8563.0,199412.0,94105.0
1994-11-18,86.003,86.063,85.983,86.053,6817.0,199412.0,94406.0
1994-11-21,86.083,86.113,86.073,86.083,4302.0,199412.0,94718.0
1994-11-22,86.063,86.063,86.003,86.033,13136.0,199412.0,101060.0
1994-11-23,86.083,86.093,86.043,86.063,12589.0,199412.0,106717.0
1994-11-24,86.053,86.073,86.053,86.073,1161.0,199412.0,95433.0
1994-11-25,86.073,86.093,86.073,86.093,2234.0,199412.0,96627.0
1994-11-28,86.093,86.093,86.043,86.063,5249.0,199412.0,98256.0
1994-11-29,86.033,86.043,85.963,85.963,12878.0,199412.0,104938.0
1994-11-30,85.953,85.953,85.873,85.903,12529.0,199412.0,108104.0
1994-12-01,85.873,85.873,85.743,85.763,14796.0,199412.0,109474.0
1994-12-02,85.653,85.793,85.643,85.783,17390.0,199412.0,113862.0
1994-12-05,85.843,85.843,85.703,85.723,12696.0,199412.0,115040.0
1994-12-06,85.773,85.813,85.763,85.813,15385.0,199412.0,117853.0
1994-12-07,85.813,85.863,85.703,85.723,16977.0,199412.0,120329.0
1994-12-08,85.693,85.693,85.493,85.543,19282.0,199412.0,126986.0
1994-12-09,85.473,85.513,85.313,85.403,13489.0,199412.0,126515.0
1994-12-12,85.303,85.303,84.993,85.073,14740.0,199412.0,130761.0
1994-12-13,85.073,85.203,84.943,84.983,16185.0,199412.0,133784.0
1994-12-14,84.723,84.993,84.603,84.963,18582.0,199412.0,140549.0
1994-12-15,85.063,85.143,85.033,85.133,14280.0,199412.0,142419.0
1994-12-16,85.243,85.313,85.123,85.243,10016.0,199412.0,109396.0
1994-12-19,85.273,85.273,85.123,85.153,7712.0,199503.0,88974.0
1994-12-20,85.193,85.313,85.183,85.293,8427.0,199503.0,91033.0
1994-12-21,85.423,85.463,85.353,85.443,7686.0,199503.0,92033.0
1994-12-22,85.393,85.393,85.163,85.163,3713.0,199503.0,88958.0
1994-12-23,85.093,85.093,85.033,85.043,1990.0,199503.0,87182.0
1994-12-28,84.923,84.923,84.713,84.733,4487.0,199503.0,87182.0
1994-12-29,84.773,84.843,84.703,84.833,3327.0,199503.0,84281.0
1994-12-30,85.063,85.143,84.973,85.143,2300.0,199503.0,83872.0
1995-01-03,85.223,85.223,85.043,85.063,5781.0,199503.0,84988.0
1995-01-04,85.053,85.253,85.043,85.233,8412.0,199503.0,88960.0
1995-01-05,85.193,85.263,85.153,85.233,7557.0,199503.0,89774.0
1995-01-06,85.293,85.443,85.193,85.443,10804.0,199503.0,94401.0
1995-01-09,85.413,85.423,85.293,85.333,10567.0,199503.0,95486.0
1995-01-10,85.283,85.373,85.043,85.153,18858.0,199503.0,102759.0
1995-01-11,85.103,85.173,85.023,85.173,10272.0,199503.0,100881.0
1995-01-12,84.873,85.043,84.793,84.803,14298.0,199503.0,103731.0
1995-01-13,84.703,85.073,84.703,85.003,10014.0,199503.0,102769.0
1995-01-16,85.123,85.133,85.043,85.123,3376.0,199503.0,97992.0
1995-01-17,84.823,84.913,84.713,84.843,14682.0,199503.0,104766.0
1995-01-18,84.503,84.673,84.493,84.653,14364.0,199503.0,104588.0
1995-01-19,84.753,84.773,84.523,84.603,12136.0,199503.0,104423.0
1995-01-20,84.523,84.663,84.423,84.493,9299.0,199503.0,103922.0
1995-01-23,84.643,84.643,84.543,84.643,4969.0,199503.0,103039.0
1995-01-24,84.773,84.873,84.723,84.783,11957.0,199503.0,102388.0
1995-01-25,84.713,84.933,84.673,84.923,10522.0,199503.0,101783.0
1995-01-26,84.973,85.043,84.933,85.033,13191.0,199503.0,104169.0
1995-01-27,85.053,85.203,85.043,85.193,9333.0,199503.0,103504.0
1995-01-30,85.193,85.193,85.023,85.043,7666.0,199503.0,100244.0
1995-01-31,85.013,85.143,84.953,85.113,11360.0,199503.0,102706.0
1995-02-01,85.173,85.183,85.013,85.023,8969.0,199503.0,98984.0
1995-02-02,85.023,85.063,84.993,85.033,5361.0,199503.0,100687.0
1995-02-03,85.083,85.503,85.073,85.473,11519.0,199503.0,103582.0
1995-02-06,85.463,85.603,85.453,85.593,7205.0,199503.0,98377.0
1995-02-07,85.573,85.713,85.543,85.563,12664.0,199503.0,101117.0
1995-02-08,85.503,85.613,85.443,85.563,11015.0,199503.0,100333.0
1995-02-09,85.483,85.513,85.423,85.453,12975.0,199503.0,101052.0
1995-02-10,85.413,85.503,85.283,85.363,10652.0,199503.0,100240.0
1995-02-13,85.373,85.373,85.263,85.313,5366.0,199503.0,97873.0
1995-02-14,85.423,85.473,85.373,85.443,7296.0,199503.0,97283.0
1995-02-15,85.463,85.563,85.403,85.503,9662.0,199503.0,98428.0
1995-02-16,85.453,85.533,85.023,85.113,15247.0,199503.0,100341.0
1995-02-17,85.043,85.123,84.953,85.063,13663.0,199503.0,102667.0
1995-02-20,85.073,85.103,85.043,85.083,1349.0,199503.0,102667.0
1995-02-21,85.183,85.253,85.123,85.133,12937.0,199503.0,102667.0
1995-02-22,85.193,85.303,85.153,85.303,12728.0,199503.0,106727.0
1995-02-23,85.523,85.673,85.363,85.393,17241.0,199503.0,105666.0
1995-02-24,85.473,85.483,85.403,85.473,7407.0,199503.0,100982.0
1995-02-27,85.493,85.723,85.453,85.723,7533.0,199503.0,98227.0
1995-02-28,85.823,85.833,85.683,85.783,11307.0,199503.0,100765.0
1995-03-01,85.743,85.743,85.643,85.653,10469.0,199503.0,102211.0
1995-03-02,85.443,85.483,85.213,85.363,15719.0,199503.0,106204.0
1995-03-03,85.373,85.373,85.283,85.323,6001.0,199503.0,103065.0
1995-03-06,85.123,85.183,85.033,85.173,9218.0,199503.0,103943.0
1995-03-07,85.073,85.113,84.893,84.993,13434.0,199503.0,105979.0
1995-03-08,85.183,85.273,85.113,85.203,9861.0,199503.0,101789.0
1995-03-09,85.183,85.213,85.103,85.213,8785.0,199503.0,99209.0
1995-03-10,85.273,85.323,85.173,85.253,9120.0,199503.0,98077.0
1995-03-13,85.283,85.403,85.193,85.333,11069.0,199506.0,80272.0
1995-03-14,85.303,85.383,85.223,85.233,9788.0,199506.0,83545.0
1995-03-15,85.203,85.213,85.073,85.193,9881.0,199506.0,81937.0
1995-03-16,85.163,85.233,85.093,85.173,6631.0,199506.0,80503.0
1995-03-17,85.103,85.133,85.013,85.103,8591.0,199506.0,82326.0
1995-03-20,85.163,85.213,85.123,85.153,6146.0,199506.0,80237.0
1995-03-21,85.093,85.153,85.043,85.073,7557.0,199506.0,79868.0
1995-03-22,85.073,85.103,85.013,85.053,8424.0,199506.0,80253.0
1995-03-23,85.013,85.043,84.993,85.013,6554.0,199506.0,79318.0
1995-03-24,85.043,85.113,85.043,85.103,6585.0,199506.0,80367.0
1995-03-27,85.143,85.173,85.113,85.153,3881.0,199506.0,79282.0
1995-03-28,85.123,85.143,84.943,84.973,7889.0,199506.0,81695.0
1995-03-29,84.913,84.943,84.813,84.923,10096.0,199506.0,83253.0
1995-03-30,85.003,85.023,84.893,84.913,6775.0,199506.0,80770.0
1995-03-31,84.853,84.923,84.783,84.893,9691.0,199506.0,82720.0
1995-04-03,84.853,84.913,84.833,84.883,7653.0,199506.0,83566.0
1995-04-04,84.913,84.933,84.883,84.893,6151.0,199506.0,83122.0
1995-04-05,84.853,84.913,84.853,84.903,6573.0,199506.0,82861.0
1995-04-06,84.903,84.973,84.903,84.963,4608.0,199506.0,80336.0
1995-04-07,85.013,85.053,84.973,85.023,9551.0,199506.0,83970.0
1995-04-10,85.053,85.213,85.023,85.213,4639.0,199506.0,79705.0
1995-04-11,85.273,85.323,85.133,85.183,8562.0,199506.0,82183.0
1995-04-12,85.203,85.243,84.973,85.023,7689.0,199506.0,81518.0
1995-04-13,85.223,85.353,85.203,85.343,7417.0,199506.0,81298.0
1995-04-17,85.453,85.513,85.413,85.423,4059.0,199506.0,80946.0
1995-04-18,85.353,85.403,85.333,85.343,6590.0,199506.0,81837.0
1995-04-19,85.313,85.313,85.223,85.273,8449.0,199506.0,82285.0
1995-04-20,85.313,85.343,85.283,85.323,5806.0,199506.0,81191.0
1995-04-21,85.363,85.363,85.313,85.323,2127.0,199506.0,79105.0
1995-04-24,85.303,85.363,85.283,85.353,3427.0,199506.0,79707.0
1995-04-25,85.353,85.373,85.303,85.313,6767.0,199506.0,82641.0
1995-04-26,85.353,85.363,85.303,85.363,5395.0,199506.0,82641.0
1995-04-27,85.363,85.363,85.293,85.333,7010.0,199506.0,82641.0
1995-04-28,85.333,85.383,85.323,85.373,6981.0,199506.0,87402.0
1995-05-01,85.393,85.413,85.373,85.413,5493.0,199506.0,85284.0
1995-05-02,85.413,85.493,85.393,85.473,6766.0,199506.0,86883.0
1995-05-03,85.463,85.503,85.423,85.493,7959.0,199506.0,87821.0
1995-05-04,85.533,85.593,85.533,85.573,8763.0,199506.0,89982.0
1995-05-05,85.643,85.913,85.643,85.913,12453.0,199506.0,90761.0
1995-05-08,85.893,85.943,85.873,85.923,6897.0,199506.0,91055.0
1995-05-09,85.943,85.983,85.913,85.953,10794.0,199506.0,93432.0
1995-05-10,85.973,86.003,85.903,85.923,8573.0,199506.0,95655.0
1995-05-11,85.933,85.943,85.853,85.893,9923.0,199506.0,97500.0
1995-05-12,85.833,85.873,85.773,85.853,7602.0,199506.0,96895.0
1995-05-15,85.873,85.873,85.843,85.843,5191.0,199506.0,94331.0
1995-05-16,85.833,85.843,85.773,85.793,9298.0,199506.0,95185.0
1995-05-17,85.773,85.773,85.703,85.733,10321.0,199506.0,96955.0
1995-05-18,85.683,85.703,85.653,85.703,9463.0,199506.0,96055.0
1995-05-19,85.733,85.733,85.683,85.723,3150.0,199506.0,95597.0
1995-05-23,85.653,85.683,85.643,85.683,8362.0,199506.0,97316.0
1995-05-24,85.723,85.773,85.723,85.773,10895.0,199506.0,98122.0
1995-05-25,85.823,85.823,85.703,85.713,9568.0,199506.0,99788.0
1995-05-26,85.673,85.673,85.583,85.603,6688.0,199506.0,99898.0
1995-05-29,85.633,85.643,85.633,85.633,1357.0,199506.0,96996.0
1995-05-30,85.673,85.683,85.623,85.623,7657.0,199506.0,101313.0
1995-05-31,85.623,85.653,85.593,85.613,6822.0,199506.0,98818.0
1995-06-01,85.613,85.703,85.603,85.703,10699.0,199506.0,103096.0
1995-06-02,85.703,85.983,85.693,85.903,11261.0,199506.0,104443.0
1995-06-05,85.943,85.983,85.923,85.933,6054.0,199506.0,104308.0
1995-06-06,85.883,85.913,85.873,85.903,8206.0,199506.0,103105.0
1995-06-07,85.853,85.873,85.763,85.803,11886.0,199506.0,105813.0
1995-06-08,85.793,85.853,85.773,85.823,9972.0,199506.0,100571.0
1995-06-09,85.823,85.833,85.793,85.793,8886.0,199506.0,101198.0
1995-06-12,85.753,85.803,85.753,85.803,6610.0,199506.0,100654.0
1995-06-13,85.833,86.043,85.823,86.023,17686.0,199506.0,106468.0
1995-06-14,86.053,86.073,86.033,86.063,10562.0,199506.0,103913.0
1995-06-15,86.133,86.173,86.083,86.103,14997.0,199506.0,107344.0
1995-06-16,86.083,86.133,86.053,86.133,8802.0,199506.0,103232.0
1995-06-19,86.173,86.253,86.163,86.243,9099.0,199509.0,85894.0
1995-06-20,86.263,86.263,86.153,86.183,7521.0,199509.0,86924.0
1995-06-21,86.233,86.283,86.223,86.233,5669.0,199509.0,86374.0
1995-06-22,86.253,86.363,86.253,86.343,6807.0,199509.0,88952.0
1995-06-23,86.393,86.393,86.303,86.333,4080.0,199509.0,88952.0
1995-06-26,86.303,86.303,86.283,86.283,1942.0,199509.0,83697.0
1995-06-27,86.223,86.313,86.203,86.203,7753.0,199509.0,86719.0
1995-06-28,86.203,86.253,86.153,86.253,5256.0,199509.0,82363.0
1995-06-29,86.253,86.263,85.953,85.963,7786.0,199509.0,84769.0
1995-06-30,85.963,86.033,85.963,86.023,6788.0,199509.0,84638.0
1995-07-04,86.003,86.053,86.003,86.053,942.0,199509.0,81997.0
1995-07-05,86.133,86.143,86.083,86.083,5035.0,199509.0,85203.0
1995-07-06,86.103,86.303,86.073,86.293,8153.0,199509.0,87498.0
1995-07-07,86.383,86.383,86.283,86.373,6626.0,199509.0,87386.0
1995-07-10,86.423,86.613,86.423,86.543,6041.0,199509.0,85550.0
1995-07-11,86.483,86.483,86.413,86.413,5466.0,199509.0,86592.0
1995-07-12,86.393,86.433,86.323,86.423,7631.0,199509.0,88014.0
1995-07-13,86.453,86.463,86.333,86.353,7521.0,199509.0,86690.0
1995-07-14,86.323,86.323,86.223,86.303,6030.0,199509.0,86450.0
1995-07-17,86.303,86.303,86.163,86.173,6859.0,199509.0,85303.0
1995-07-18,86.103,86.133,86.003,86.003,8637.0,199509.0,85683.0
1995-07-19,85.963,86.043,85.643,85.743,17359.0,199509.0,94219.0
1995-07-20,85.753,85.933,85.703,85.933,10486.0,199509.0,90568.0
1995-07-21,86.003,86.053,85.923,85.963,6960.0,199509.0,85109.0
1995-07-24,85.953,85.963,85.893,85.953,4948.0,199509.0,85109.0
1995-07-25,85.933,85.933,85.753,85.893,8678.0,199509.0,83903.0
1995-07-26,85.923,85.923,85.823,85.823,4862.0,199509.0,81542.0
1995-07-27,85.783,85.813,85.743,85.813,7208.0,199509.0,80266.0
1995-07-28,85.813,85.843,85.683,85.693,8184.0,199509.0,79842.0
1995-07-31,85.593,85.603,85.503,85.553,8539.0,199509.0,82231.0
1995-08-01,85.593,85.603,85.403,85.423,13009.0,199509.0,82895.0
1995-08-02,85.533,85.743,85.513,85.653,15469.0,199509.0,87156.0
1995-08-03,85.653,85.653,85.553,85.613,8300.0,199509.0,85716.0
1995-08-04,85.653,85.783,85.623,85.723,9621.0,199509.0,86318.0
1995-08-08,85.753,85.833,85.753,85.803,8236.0,199509.0,85277.0
1995-08-09,85.763,85.953,85.753,85.923,12019.0,199509.0,88163.0
1995-08-10,85.993,86.013,85.923,85.953,8888.0,199509.0,86998.0
1995-08-11,85.973,86.013,85.823,85.873,6612.0,199509.0,86537.0
1995-08-14,85.813,85.813,85.753,85.773,6076.0,199509.0,86642.0
1995-08-15,85.733,85.773,85.693,85.773,13894.0,199509.0,90861.0
1995-08-16,85.773,85.853,85.733,85.843,9112.0,199509.0,89579.0
1995-08-17,85.903,85.923,85.843,85.873,9394.0,199509.0,89579.0
1995-08-18,85.913,85.933,85.903,85.933,6512.0,199509.0,87662.0
1995-08-21,85.993,86.033,85.973,85.983,6178.0,199509.0,87930.0
1995-08-22,85.953,85.973,85.913,85.933,6341.0,199509.0,86925.0
1995-08-23,85.993,86.013,85.933,85.943,7138.0,199509.0,87148.0
1995-08-24,86.023,86.073,85.963,86.053,12331.0,199509.0,90722.0
1995-08-25,86.123,86.143,86.073,86.103,14353.0,199509.0,92415.0
1995-08-28,86.113,86.223,86.113,86.163,11627.0,199509.0,92630.0
1995-08-29,86.123,86.153,86.083,86.093,13155.0,199509.0,94312.0
1995-08-30,86.133,86.153,86.113,86.133,5958.0,199509.0,87233.0
1995-08-31,86.113,86.143,86.083,86.133,8796.0,199509.0,88327.0
1995-09-01,86.133,86.183,86.073,86.183,10559.0,199509.0,91130.0
1995-09-05,86.173,86.233,86.173,86.233,6783.0,199509.0,91083.0
1995-09-06,86.273,86.283,86.233,86.243,9974.0,199509.0,91894.0
1995-09-07,86.253,86.253,86.023,86.053,17976.0,199509.0,94539.0
1995-09-08,86.043,86.073,85.863,86.003,22475.0,199509.0,103608.0
1995-09-11,85.943,85.963,85.923,85.943,6736.0,199509.0,98527.0
1995-09-12,85.883,85.933,85.843,85.883,20868.0,199509.0,103172.0
1995-09-13,85.853,85.873,85.703,85.723,20851.0,199509.0,106141.0
1995-09-14,85.473,85.523,85.333,85.403,32168.0,199509.0,116581.0
1995-09-15,85.673,85.673,85.553,85.583,16211.0,199509.0,107326.0
1995-09-18,85.633,85.673,85.583,85.613,9181.0,199512.0,81229.0
1995-09-19,85.693,85.803,85.663,85.753,14428.0,199512.0,82799.0
1995-09-20,85.713,85.773,85.653,85.773,8521.0,199512.0,80612.0
1995-09-21,85.823,85.883,85.713,85.803,14392.0,199512.0,81099.0
1995-09-22,85.833,85.863,85.733,85.863,8697.0,199512.0,81808.0
1995-09-25,85.913,85.953,85.893,85.913,9993.0,199512.0,81808.0
1995-09-26,85.873,85.873,85.793,85.833,11030.0,199512.0,85198.0
1995-09-27,85.793,85.793,85.693,85.773,14915.0,199512.0,86888.0
1995-09-28,85.683,85.813,85.633,85.813,10284.0,199512.0,87175.0
1995-09-29,85.803,86.013,85.763,86.003,8126.0,199512.0,83141.0
1995-10-02,86.063,86.183,86.063,86.163,8516.0,199512.0,83141.0
1995-10-03,86.253,86.313,86.163,86.193,11638.0,199512.0,80030.0
1995-10-04,86.133,86.153,86.053,86.133,8722.0,199512.0,79461.0
1995-10-05,86.123,86.163,86.073,86.133,8599.0,199512.0,79344.0
1995-10-06,86.133,86.333,86.103,86.293,9584.0,199512.0,80516.0
1995-10-10,86.263,86.273,86.193,86.213,7803.0,199512.0,82294.0
1995-10-11,86.163,86.213,86.143,86.203,5656.0,199512.0,79772.0
1995-10-12,86.133,86.183,86.093,86.143,6452.0,199512.0,79380.0
1995-10-13,86.203,86.223,86.143,86.143,6074.0,199512.0,77811.0
1995-10-16,86.103,86.223,86.103,86.223,5353.0,199512.0,75957.0
1995-10-17,86.253,86.313,86.193,86.313,8648.0,199512.0,78284.0
1995-10-18,86.293,86.303,86.233,86.263,9497.0,199512.0,79431.0
1995-10-19,86.243,86.263,86.093,86.093,9081.0,199512.0,79311.0
1995-10-20,85.973,85.973,85.733,85.783,17261.0,199512.0,84984.0
1995-10-23,85.563,85.563,85.223,85.423,18940.0,199512.0,88309.0
1995-10-24,85.193,85.633,84.963,85.523,21838.0,199512.0,95982.0
1995-10-25,85.493,85.643,85.393,85.533,8755.0,199512.0,88955.0
1995-10-26,85.613,85.883,85.603,85.703,10306.0,199512.0,85722.0
1995-10-27,85.553,85.703,85.323,85.663,9103.0,199512.0,85369.0
1995-10-30,85.693,85.943,85.623,85.943,5139.0,199512.0,81567.0
1995-10-31,86.623,86.623,86.463,86.593,20491.0,199512.0,86615.0
1995-11-01,86.533,86.573,86.473,86.493,10625.0,199512.0,86615.0
1995-11-02,86.443,86.583,86.403,86.533,11372.0,199512.0,84110.0
1995-11-03,86.593,86.663,86.533,86.603,6171.0,199512.0,81118.0
1995-11-06,86.583,86.583,86.513,86.543,4360.0,199512.0,79438.0
1995-11-07,86.523,86.533,86.493,86.523,8131.0,199512.0,80319.0
1995-11-08,86.573,86.603,86.553,86.603,9643.0,199512.0,82454.0
1995-11-09,86.643,86.653,86.553,86.613,8770.0,199512.0,82600.0
1995-11-10,86.613,86.613,86.563,86.563,7475.0,199512.0,83253.0
1995-11-13,86.563,86.613,86.523,86.603,1473.0,199512.0,81035.0
1995-11-14,86.623,86.633,86.553,86.583,5577.0,199512.0,82893.0
1995-11-15,86.523,86.583,86.523,86.553,5693.0,199512.0,82365.0
1995-11-16,86.593,86.613,86.583,86.593,7505.0,199512.0,85170.0
1995-11-17,86.593,86.593,86.553,86.573,7474.0,199512.0,86816.0
1995-11-20,86.573,86.573,86.543,86.573,3530.0,199512.0,79506.0
1995-11-21,86.563,86.703,86.553,86.683,11850.0,199512.0,84565.0
1995-11-22,86.713,86.813,86.703,86.773,10979.0,199512.0,86319.0
1995-11-23,86.803,86.853,86.803,86.833,1806.0,199512.0,82715.0
1995-11-24,86.823,86.863,86.823,86.863,3353.0,199512.0,84682.0
1995-11-27,86.893,86.923,86.843,86.843,6530.0,199512.0,84986.0
1995-11-28,86.793,86.793,86.733,86.753,11021.0,199512.0,88371.0
1995-11-29,86.753,86.773,86.683,86.763,10399.0,199512.0,88896.0
1995-11-30,86.823,86.843,86.743,86.763,8549.0,199512.0,89043.0
1995-12-01,86.743,86.763,86.713,86.763,8616.0,199512.0,87511.0
1995-12-04,86.763,86.793,86.753,86.763,8509.0,199512.0,88938.0
1995-12-05,86.723,86.763,86.703,86.743,8199.0,199512.0,88301.0
1995-12-06,86.753,86.783,86.743,86.753,8124.0,199512.0,88364.0
1995-12-07,86.753,86.773,86.733,86.733,9369.0,199512.0,88585.0
1995-12-08,86.773,86.773,86.633,86.663,13367.0,199512.0,90452.0
1995-12-11,86.633,86.633,86.513,86.543,12476.0,199512.0,90311.0
1995-12-12,86.593,86.613,86.533,86.573,9231.0,199512.0,88448.0
1995-12-13,86.613,86.613,86.543,86.543,7468.0,199512.0,82020.0
1995-12-14,86.623,86.693,86.623,86.663,10462.0,199512.0,82039.0
1995-12-15,86.723,86.753,86.713,86.753,8489.0,199512.0,80503.0
1995-12-18,86.763,86.763,86.643,86.673,9511.0,199603.0,67201.0
1995-12-19,86.653,86.853,86.593,86.853,10837.0,199603.0,71121.0
1995-12-20,86.873,86.923,86.843,86.863,10522.0,199603.0,71794.0
1995-12-21,86.883,86.933,86.873,86.903,4607.0,199603.0,69167.0
1995-12-22,86.933,87.003,86.933,87.003,3540.0,199603.0,67154.0
1995-12-27,87.033,87.073,87.013,87.063,4828.0,199603.0,68060.0
1995-12-28,87.083,87.083,87.043,87.073,3296.0,199603.0,68024.0
1995-12-29,87.053,87.093,87.033,87.063,2831.0,199603.0,67255.0
1996-01-02,87.063,87.103,87.043,87.093,3218.0,199603.0,67666.0
1996-01-03,87.113,87.143,87.103,87.123,6879.0,199603.0,69398.0
1996-01-04,87.173,87.183,87.103,87.113,9716.0,199603.0,69948.0
1996-01-05,87.093,87.103,87.053,87.103,6728.0,199603.0,71424.0
1996-01-08,87.073,87.083,87.033,87.043,5643.0,199603.0,70694.0
1996-01-09,87.053,87.083,87.043,87.063,6089.0,199603.0,71004.0
1996-01-10,87.033,87.033,86.973,86.993,8784.0,199603.0,72289.0
1996-01-11,87.023,87.083,87.003,87.083,8852.0,199603.0,74324.0
1996-01-12,87.123,87.153,87.103,87.153,10344.0,199603.0,78025.0
1996-01-15,87.183,87.183,87.163,87.183,2974.0,199603.0,74515.0
1996-01-16,87.223,87.243,87.133,87.143,14099.0,199603.0,77075.0
1996-01-17,87.143,87.213,87.113,87.193,10169.0,199603.0,77673.0
1996-01-18,87.213,87.253,87.193,87.233,7796.0,199603.0,79043.0
1996-01-19,87.253,87.253,87.193,87.233,7648.0,199603.0,79695.0
1996-01-22,87.183,87.183,87.153,87.163,5948.0,199603.0,78978.0
1996-01-23,87.123,87.163,87.083,87.123,8794.0,199603.0,81770.0
1996-01-24,87.143,87.203,87.143,87.163,7943.0,199603.0,80329.0
1996-01-25,87.203,87.323,87.173,87.293,12540.0,199603.0,85243.0
1996-01-26,87.273,87.313,87.253,87.313,8590.0,199603.0,84134.0
1996-01-29,87.333,87.363,87.323,87.343,6550.0,199603.0,83602.0
1996-01-30,87.403,87.453,87.393,87.433,10113.0,199603.0,85604.0
1996-01-31,87.433,87.493,87.393,87.443,7691.0,199603.0,84360.0
1996-02-01,87.413,87.453,87.403,87.423,7309.0,199603.0,84446.0
1996-02-02,87.443,87.523,87.443,87.443,10666.0,199603.0,86459.0
1996-02-05,87.423,87.423,87.393,87.413,6314.0,199603.0,86328.0
1996-02-06,87.443,87.443,87.423,87.433,6708.0,199603.0,88409.0
1996-02-07,87.463,87.503,87.463,87.493,8217.0,199603.0,89516.0
1996-02-08,87.543,87.583,87.523,87.583,10116.0,199603.0,91772.0
1996-02-09,87.563,87.613,87.553,87.613,6510.0,199603.0,90141.0
1996-02-12,87.613,87.663,87.613,87.663,4196.0,199603.0,87760.0
1996-02-13,87.653,87.653,87.583,87.603,9932.0,199603.0,89989.0
1996-02-14,87.543,87.553,87.493,87.503,13039.0,199603.0,92812.0
1996-02-15,87.523,87.533,87.443,87.453,10366.0,199603.0,91944.0
1996-02-16,87.473,87.493,87.403,87.403,7072.0,199603.0,90925.0
1996-02-19,87.363,87.373,87.333,87.343,5798.0,199603.0,90788.0
1996-02-20,87.363,87.423,87.173,87.173,17379.0,199603.0,101402.0
1996-02-21,87.243,87.343,87.213,87.303,13829.0,199603.0,99153.0
1996-02-22,87.393,87.423,87.393,87.413,10511.0,199603.0,93834.0
1996-02-23,87.443,87.463,87.393,87.403,12632.0,199603.0,93518.0
1996-02-26,87.323,87.383,87.323,87.373,10473.0,199603.0,93710.0
1996-02-27,87.373,87.413,87.313,87.313,8458.0,199603.0,94096.0
1996-02-28,87.313,87.343,87.303,87.303,8608.0,199603.0,92477.0
1996-02-29,87.333,87.393,87.323,87.383,12070.0,199603.0,90717.0
1996-03-01,87.443,87.493,87.433,87.473,9571.0,199603.0,90735.0
1996-03-04,87.503,87.533,87.483,87.533,7945.0,199603.0,91843.0
1996-03-05,87.523,87.533,87.453,87.473,11406.0,199603.0,94613.0
1996-03-06,87.423,87.483,87.413,87.483,10399.0,199603.0,93962.0
1996-03-07,87.483,87.503,87.483,87.503,6394.0,199603.0,91923.0
1996-03-08,87.503,87.523,87.293,87.323,18587.0,199603.0,97354.0
1996-03-11,87.283,87.383,87.233,87.383,12139.0,199603.0,97144.0
1996-03-12,87.373,87.373,87.303,87.343,10236.0,199603.0,96658.0
1996-03-13,87.373,87.373,87.343,87.343,8167.0,199603.0,95748.0
1996-03-14,87.373,87.393,87.343,87.353,6119.0,199603.0,91056.0
1996-03-15,87.353,87.353,87.323,87.333,10563.0,199603.0,92643.0
1996-03-18,87.363,87.473,87.363,87.473,11380.0,199606.0,69103.0
1996-03-19,87.563,87.623,87.543,87.543,11115.0,199606.0,70628.0
1996-03-20,87.513,87.623,87.493,87.613,10294.0,199606.0,70628.0
1996-03-21,87.683,87.723,87.573,87.573,14452.0,199606.0,68571.0
1996-03-22,87.573,87.603,87.563,87.573,5119.0,199606.0,64338.0
1996-03-25,87.613,87.653,87.613,87.643,7391.0,199606.0,63683.0
1996-03-26,87.623,87.663,87.603,87.643,5315.0,199606.0,62416.0
1996-03-27,87.663,87.703,87.573,87.573,8523.0,199606.0,64476.0
1996-03-28,87.553,87.573,87.493,87.523,9337.0,199606.0,65446.0
1996-03-29,87.563,87.603,87.523,87.603,8354.0,199606.0,65705.0
1996-04-01,87.653,87.673,87.623,87.663,4667.0,199606.0,64381.0
1996-04-02,87.673,87.683,87.633,87.643,6039.0,199606.0,65103.0
1996-04-03,87.603,87.613,87.583,87.593,5492.0,199606.0,65861.0
1996-04-04,87.573,87.623,87.563,87.623,3290.0,199606.0,64672.0
1996-04-08,87.443,87.483,87.353,87.453,8266.0,199606.0,68853.0
1996-04-09,87.483,87.513,87.463,87.503,7242.0,199606.0,68270.0
1996-04-10,87.523,87.533,87.473,87.473,7322.0,199606.0,69983.0
1996-04-11,87.453,87.513,87.443,87.503,6684.0,199606.0,68841.0
1996-04-12,87.563,87.653,87.533,87.643,11551.0,199606.0,70996.0
1996-04-15,87.673,87.713,87.663,87.713,6917.0,199606.0,70974.0
1996-04-16,87.693,87.743,87.673,87.703,9061.0,199606.0,70448.0
1996-04-17,87.673,87.693,87.663,87.683,6619.0,199606.0,67728.0
1996-04-18,87.793,87.843,87.753,87.813,12771.0,199606.0,72358.0
1996-04-19,87.833,87.933,87.833,87.933,9865.0,199606.0,72783.0
1996-04-22,87.973,87.993,87.903,87.903,8541.0,199606.0,73197.0
1996-04-23,87.863,87.913,87.863,87.903,9086.0,199606.0,74870.0
1996-04-24,87.933,87.943,87.853,87.863,10152.0,199606.0,76988.0
1996-04-25,87.863,87.933,87.863,87.933,7717.0,199606.0,76302.0
1996-04-26,87.973,87.983,87.943,87.953,5999.0,199606.0,76800.0
1996-04-29,87.923,87.943,87.903,87.933,4505.0,199606.0,75385.0
1996-04-30,87.933,87.933,87.903,87.933,8559.0,199606.0,78055.0
1996-05-01,87.913,87.943,87.903,87.943,7198.0,199606.0,76141.0
1996-05-02,87.963,87.963,87.873,87.903,13684.0,199606.0,81161.0
1996-05-03,87.873,87.963,87.863,87.883,8864.0,199606.0,80121.0
1996-05-06,87.873,87.903,87.873,87.883,5234.0,199606.0,78287.0
1996-05-07,87.893,87.903,87.883,87.893,8718.0,199606.0,79091.0
1996-05-08,87.893,87.953,87.893,87.953,6971.0,199606.0,77118.0
1996-05-09,87.903,87.983,87.903,87.983,9129.0,199606.0,79309.0
1996-05-10,87.983,88.063,87.983,88.033,11567.0,199606.0,83894.0
1996-05-13,87.963,87.963,87.783,87.893,11846.0,199606.0,85570.0
1996-05-14,87.973,88.023,87.943,87.973,9274.0,199606.0,85338.0
1996-05-15,87.993,88.023,87.993,88.023,5044.0,199606.0,82425.0
1996-05-16,88.053,88.083,88.033,88.073,11418.0,199606.0,87898.0
1996-05-17,88.053,88.103,88.043,88.073,8822.0,199606.0,89399.0
1996-05-21,88.073,88.133,88.073,88.113,10560.0,199606.0,91341.0
1996-05-22,88.123,88.143,88.103,88.133,7971.0,199606.0,88383.0
1996-05-23,88.193,88.203,88.123,88.123,11833.0,199606.0,91733.0
1996-05-24,88.103,88.153,88.103,88.153,4870.0,199606.0,89974.0
1996-05-27,88.153,88.153,88.153,88.153,691.0,199606.0,87974.0
1996-05-28,88.173,88.173,88.113,88.113,10243.0,199606.0,94899.0
1996-05-29,88.103,88.133,88.073,88.073,13271.0,199606.0,97520.0
1996-05-30,88.073,88.113,88.053,88.093,13046.0,199606.0,99318.0
1996-05-31,88.103,88.123,88.073,88.093,8802.0,199606.0,96569.0
1996-06-03,88.073,88.103,88.073,88.083,6713.0,199606.0,95603.0
1996-06-04,88.093,88.103,88.093,88.093,7064.0,199606.0,94239.0
1996-06-05,88.093,88.113,88.073,88.113,10225.0,199606.0,93568.0
1996-06-06,88.153,88.163,88.143,88.153,10563.0,199606.0,91786.0
1996-06-07,88.183,88.193,88.073,88.103,13953.0,199606.0,94705.0
1996-06-10,88.103,88.103,88.073,88.083,6136.0,199606.0,89687.0
1996-06-11,88.073,88.093,88.063,88.073,10728.0,199606.0,93336.0
1996-06-12,88.073,88.073,88.053,88.063,15326.0,199606.0,99268.0
1996-06-13,88.023,88.053,88.023,88.043,13243.0,199606.0,99816.0
1996-06-14,88.023,88.073,88.003,88.063,14287.0,199606.0,100109.0
1996-06-17,88.083,88.133,88.063,88.123,7419.0,199609.0,69524.0
1996-06-18,88.103,88.123,88.083,88.093,6994.0,199609.0,71299.0
1996-06-19,88.093,88.103,88.053,88.073,7831.0,199609.0,71925.0
1996-06-20,88.073,88.083,88.043,88.083,5697.0,199609.0,71379.0
1996-06-21,88.123,88.123,88.103,88.113,4642.0,199609.0,71816.0
1996-06-24,88.133,88.193,88.133,88.193,7106.0,199609.0,75516.0
1996-06-25,88.243,88.263,88.233,88.253,9133.0,199609.0,76179.0
1996-06-26,88.263,88.273,88.223,88.273,7451.0,199609.0,75339.0
1996-06-27,88.253,88.323,88.233,88.323,8429.0,199609.0,76113.0
1996-06-28,88.323,88.393,88.323,88.363,13174.0,199609.0,80488.0
1996-07-02,88.333,88.343,88.273,88.303,9444.0,199609.0,81463.0
1996-07-03,88.303,88.343,88.273,88.323,6324.0,199609.0,81298.0
1996-07-04,88.373,88.373,88.353,88.363,1851.0,199609.0,77917.0
1996-07-05,88.403,88.453,88.253,88.253,11302.0,199609.0,84532.0
1996-07-08,88.213,88.273,88.183,88.223,7959.0,199609.0,82254.0
1996-07-09,88.253,88.283,88.243,88.263,6814.0,199609.0,81356.0
1996-07-10,88.293,88.313,88.283,88.313,6957.0,199609.0,80662.0
1996-07-11,88.303,88.373,88.293,88.363,5971.0,199609.0,80629.0
1996-07-12,88.363,88.373,88.353,88.363,4344.0,199609.0,79802.0
1996-07-15,88.343,88.363,88.333,88.353,3613.0,199609.0,78861.0
1996-07-16,88.333,88.423,88.313,88.403,11163.0,199609.0,83209.0
1996-07-17,88.403,88.413,88.373,88.393,6759.0,199609.0,81875.0
1996-07-18,88.403,88.503,88.373,88.503,13017.0,199609.0,86198.0
1996-07-19,88.553,88.653,88.533,88.613,17023.0,199609.0,94745.0
1996-07-22,88.613,88.633,88.603,88.623,6685.0,199609.0,89118.0
1996-07-23,88.613,88.643,88.603,88.643,6995.0,199609.0,86957.0
1996-07-24,88.683,88.693,88.623,88.623,9636.0,199609.0,83195.0
1996-07-25,88.633,88.633,88.573,88.593,10288.0,199609.0,84203.0
1996-07-26,88.593,88.623,88.593,88.623,3645.0,199609.0,82418.0
1996-07-29,88.603,88.603,88.573,88.573,4864.0,199609.0,84345.0
1996-07-30,88.563,88.613,88.553,88.613,7970.0,199609.0,85522.0
1996-07-31,88.613,88.673,88.613,88.673,8739.0,199609.0,88754.0
1996-08-01,88.673,88.823,88.653,88.803,13383.0,199609.0,92871.0
1996-08-02,88.843,88.993,88.833,88.973,21655.0,199609.0,98784.0
1996-08-06,88.903,88.973,88.903,88.963,7975.0,199609.0,94484.0
1996-08-07,88.983,89.013,88.963,88.963,7934.0,199609.0,91605.0
1996-08-08,89.003,89.023,89.003,89.003,10744.0,199609.0,95465.0
1996-08-09,89.033,89.063,89.023,89.053,12826.0,199609.0,98687.0
1996-08-12,89.073,89.103,89.063,89.083,7696.0,199609.0,96896.0
1996-08-13,89.103,89.113,89.033,89.033,13999.0,199609.0,99933.0
1996-08-14,88.993,89.043,88.993,89.043,8042.0,199609.0,98912.0
1996-08-15,89.053,89.063,89.013,89.023,13939.0,199609.0,104448.0
1996-08-16,89.053,89.093,89.053,89.093,7047.0,199609.0,103203.0
1996-08-19,89.133,89.163,89.113,89.153,9536.0,199609.0,106022.0
1996-08-20,89.193,89.223,89.193,89.213,9488.0,199609.0,105326.0
1996-08-21,89.213,89.233,89.203,89.233,7392.0,199609.0,97240.0
1996-08-22,89.303,89.333,89.223,89.253,18590.0,199609.0,102281.0
1996-08-23,89.243,89.243,89.223,89.233,8777.0,199609.0,101200.0
1996-08-26,89.193,89.213,89.173,89.183,10115.0,199609.0,102083.0
1996-08-27,89.223,89.223,89.183,89.203,11989.0,199609.0,105337.0
1996-08-28,89.243,89.243,89.223,89.233,8006.0,199609.0,104306.0
1996-08-29,89.243,89.253,89.233,89.233,7630.0,199609.0,97757.0
1996-08-30,89.233,89.263,89.213,89.243,8835.0,199609.0,99859.0
1996-09-03,89.193,89.203,89.163,89.203,11896.0,199609.0,100893.0
1996-09-04,89.223,89.223,89.193,89.213,7817.0,199609.0,101077.0
1996-09-05,89.203,89.213,89.193,89.193,9554.0,199609.0,101518.0
1996-09-06,89.143,89.243,89.093,89.233,11583.0,199609.0,101020.0
1996-09-09,89.263,89.293,89.253,89.293,8970.0,199609.0,102566.0
1996-09-10,89.323,89.363,89.313,89.353,13733.0,199609.0,102982.0
1996-09-11,89.353,89.363,89.333,89.353,8726.0,199609.0,102983.0
1996-09-12,89.353,89.423,89.353,89.423,13246.0,199609.0,102508.0
1996-09-13,89.433,89.553,89.423,89.523,17504.0,199609.0,107790.0
1996-09-16,89.523,89.553,89.483,89.483,11433.0,199612.0,80855.0
1996-09-17,89.493,89.493,89.343,89.353,17684.0,199612.0,88066.0
1996-09-18,89.363,89.363,89.313,89.343,10840.0,199612.0,84989.0
1996-09-19,89.353,89.373,89.303,89.333,8915.0,199612.0,85634.0
1996-09-20,89.343,89.433,89.343,89.413,5366.0,199612.0,86255.0
1996-09-23,89.393,89.403,89.383,89.383,5112.0,199612.0,88131.0
1996-09-24,89.383,89.593,89.363,89.533,11338.0,199612.0,90562.0
1996-09-25,89.583,89.603,89.543,89.583,16748.0,199612.0,97032.0
1996-09-26,89.583,89.653,89.573,89.653,11876.0,199612.0,98558.0
1996-09-27,89.633,89.643,89.593,89.613,8656.0,199612.0,97556.0
1996-09-30,89.613,89.653,89.613,89.633,8453.0,199612.0,95734.0
1996-10-01,89.623,89.723,89.613,89.723,10457.0,199612.0,98813.0
1996-10-02,89.763,89.853,89.743,89.853,14374.0,199612.0,102053.0
1996-10-03,89.863,89.893,89.833,89.883,9266.0,199612.0,100683.0
1996-10-04,89.933,90.113,89.883,90.073,17396.0,199612.0,107781.0
1996-10-07,90.053,90.073,90.033,90.043,7726.0,199612.0,104454.0
1996-10-08,90.033,90.073,90.013,90.053,7369.0,199612.0,103113.0
1996-10-09,90.073,90.133,90.043,90.053,10263.0,199612.0,101905.0
1996-10-10,90.123,90.133,90.083,90.103,11079.0,199612.0,106247.0
1996-10-11,90.163,90.233,90.163,90.203,7457.0,199612.0,106268.0
1996-10-15,90.213,90.233,90.173,90.183,7569.0,199612.0,103505.0
1996-10-16,90.133,90.233,90.113,90.183,16248.0,199612.0,109630.0
1996-10-17,90.143,90.203,90.143,90.173,9176.0,199612.0,98882.0
1996-10-18,90.183,90.243,90.183,90.223,10789.0,199612.0,101822.0
1996-10-21,90.223,90.353,90.223,90.353,12537.0,199612.0,103945.0
1996-10-22,90.383,90.473,90.383,90.443,12752.0,199612.0,99645.0
1996-10-23,90.453,90.463,90.403,90.443,14710.0,199612.0,102232.0
1996-10-24,90.473,90.473,90.393,90.403,8896.0,199612.0,101734.0
1996-10-25,90.383,90.423,90.303,90.383,9389.0,199612.0,98082.0
1996-10-28,90.393,90.463,90.393,90.393,14274.0,199612.0,98082.0
1996-10-29,90.383,90.453,90.373,90.453,16133.0,199612.0,109901.0
1996-10-30,90.473,90.513,90.453,90.453,15681.0,199612.0,115063.0
1996-10-31,90.453,90.533,90.453,90.523,10102.0,199612.0,109633.0
1996-11-01,90.533,90.683,90.523,90.673,17023.0,199612.0,113537.0
1996-11-04,90.673,90.703,90.663,90.693,5822.0,199612.0,111189.0
1996-11-05,90.713,90.753,90.703,90.743,10295.0,199612.0,109071.0
1996-11-06,90.763,90.773,90.743,90.763,8924.0,199612.0,108235.0
1996-11-07,90.713,90.773,90.703,90.773,13570.0,199612.0,111753.0
1996-11-08,90.803,90.823,90.753,90.803,13347.0,199612.0,114562.0
1996-11-11,90.823,90.833,90.763,90.773,871.0,199612.0,110497.0
1996-11-12,90.783,90.793,90.753,90.773,8145.0,199612.0,113167.0
1996-11-13,90.763,90.763,90.723,90.763,10682.0,199612.0,115572.0
1996-11-14,90.763,90.823,90.733,90.823,13119.0,199612.0,119145.0
1996-11-15,90.793,90.823,90.773,90.793,13132.0,199612.0,122754.0
1996-11-18,90.803,90.813,90.783,90.793,7782.0,199612.0,119832.0
1996-11-19,90.773,90.813,90.773,90.813,5435.0,199612.0,119895.0
1996-11-20,90.813,90.823,90.793,90.823,6827.0,199612.0,119895.0
1996-11-21,90.843,90.843,90.823,90.833,9620.0,199612.0,122506.0
1996-11-22,90.833,90.853,90.833,90.843,5056.0,199612.0,115731.0
1996-11-25,90.843,90.863,90.843,90.863,5464.0,199612.0,104199.0
1996-11-26,90.923,90.933,90.903,90.913,8697.0,199612.0,104747.0
1996-11-27,90.933,90.933,90.883,90.903,11325.0,199612.0,109090.0
1996-11-28,90.883,90.913,90.883,90.913,1892.0,199612.0,103385.0
1996-11-29,90.923,90.923,90.903,90.913,3529.0,199612.0,105167.0
1996-12-02,90.903,90.903,90.873,90.883,8210.0,199612.0,108365.0
1996-12-03,90.893,90.913,90.873,90.883,11299.0,199612.0,113749.0
1996-12-04,90.873,90.873,90.763,90.783,17873.0,199612.0,113749.0
1996-12-05,90.663,90.713,90.433,90.523,29131.0,199612.0,131896.0
1996-12-06,90.363,90.663,90.303,90.603,21224.0,199612.0,132500.0
1996-12-09,90.743,90.793,90.743,90.793,15032.0,199612.0,129674.0
1996-12-10,90.793,90.793,90.723,90.733,13583.0,199612.0,131523.0
1996-12-11,90.603,90.643,90.563,90.633,23989.0,199612.0,131523.0
1996-12-12,90.673,90.703,90.663,90.663,12838.0,199612.0,131523.0
1996-12-13,90.663,90.703,90.643,90.673,11262.0,199612.0,129191.0
1996-12-16,90.683,90.693,90.563,90.563,10708.0,199703.0,98156.0
1996-12-17,90.463,90.653,90.393,90.653,17437.0,199703.0,100085.0
1996-12-18,90.653,90.683,90.593,90.603,10021.0,199703.0,98612.0
1996-12-19,90.583,90.713,90.583,90.703,12508.0,199703.0,99634.0
1996-12-20,90.703,90.753,90.703,90.743,6553.0,199703.0,98795.0
1996-12-23,90.713,90.773,90.713,90.753,6088.0,199703.0,97953.0
1996-12-24,90.763,90.803,90.763,90.773,1822.0,199703.0,97953.0
1996-12-27,90.813,90.873,90.813,90.863,5886.0,199703.0,97183.0
1996-12-30,90.863,90.903,90.843,90.843,6422.0,199703.0,100007.0
1996-12-31,90.823,90.833,90.743,90.753,3973.0,199703.0,99564.0
1997-01-02,90.753,90.763,90.573,90.583,10926.0,199703.0,103881.0
1997-01-03,90.623,90.703,90.573,90.653,8335.0,199703.0,99548.0
1997-01-06,90.643,90.723,90.613,90.693,10512.0,199703.0,98734.0
1997-01-07,90.753,90.763,90.693,90.693,14016.0,199703.0,99652.0
1997-01-08,90.743,90.763,90.693,90.713,13343.0,199703.0,102754.0
1997-01-09,90.673,90.763,90.673,90.763,15929.0,199703.0,106049.0
1997-01-10,90.773,90.783,90.663,90.743,21640.0,199703.0,100586.0
1997-01-13,90.763,90.803,90.763,90.783,10153.0,199703.0,95856.0
1997-01-14,90.783,90.943,90.763,90.923,17418.0,199703.0,99351.0
1997-01-15,90.953,90.973,90.913,90.973,16743.0,199703.0,100965.0
1997-01-16,91.033,91.053,90.933,90.953,17296.0,199703.0,102463.0
1997-01-17,90.973,91.003,90.963,91.003,10296.0,199703.0,97662.0
1997-01-20,91.013,91.033,91.003,91.003,8673.0,199703.0,96529.0
1997-01-21,90.973,91.053,90.953,91.053,15986.0,199703.0,102372.0
1997-01-22,91.053,91.063,91.013,91.043,12344.0,199703.0,102155.0
1997-01-23,91.023,91.033,90.983,91.003,11177.0,199703.0,103702.0
1997-01-24,90.983,90.983,90.943,90.963,15087.0,199703.0,106539.0
1997-01-27,90.963,90.973,90.933,90.953,8988.0,199703.0,105082.0
1997-01-28,90.953,91.063,90.953,91.003,17547.0,199703.0,109119.0
1997-01-29,90.973,91.023,90.953,91.003,11189.0,199703.0,106318.0
1997-01-30,91.003,91.013,90.983,91.013,8506.0,199703.0,102596.0
1997-01-31,91.013,91.063,90.973,91.043,9546.0,199703.0,101564.0
1997-02-03,91.063,91.083,91.053,91.083,10233.0,199703.0,105000.0
1997-02-04,91.093,91.093,91.053,91.063,10561.0,199703.0,104607.0
1997-02-05,91.063,91.083,91.043,91.053,10930.0,199703.0,105278.0
1997-02-06,91.043,91.053,91.043,91.043,8852.0,199703.0,105278.0
1997-02-07,91.043,91.123,91.043,91.123,20789.0,199703.0,112736.0
1997-02-10,91.113,91.123,91.103,91.113,8404.0,199703.0,110206.0
1997-02-11,91.103,91.133,91.103,91.133,9354.0,199703.0,109107.0
1997-02-12,91.123,91.143,91.123,91.133,10208.0,199703.0,108246.0
1997-02-13,91.133,91.173,91.133,91.173,19280.0,199703.0,111160.0
1997-02-14,91.193,91.223,91.173,91.193,15414.0,199703.0,113948.0
1997-02-17,91.193,91.193,91.183,91.183,1045.0,199703.0,107061.0
1997-02-18,91.173,91.173,91.143,91.163,11774.0,199703.0,110508.0
1997-02-19,91.183,91.183,91.133,91.133,12062.0,199703.0,111818.0
1997-02-20,91.133,91.153,91.133,91.133,12530.0,199703.0,109118.0
1997-02-21,91.133,91.153,91.133,91.143,9276.0,199703.0,105842.0
1997-02-24,91.143,91.153,91.133,91.153,7631.0,199703.0,104325.0
1997-02-25,91.153,91.183,91.153,91.163,8676.0,199703.0,104099.0
1997-02-26,91.163,91.163,91.083,91.103,24947.0,199703.0,113678.0
1997-02-27,91.103,91.123,91.083,91.093,16977.0,199703.0,111936.0
1997-02-28,91.093,91.113,91.083,91.103,9584.0,199703.0,107967.0
1997-03-03,91.093,91.093,91.083,91.083,9118.0,199703.0,109004.0
1997-03-04,91.093,91.103,91.043,91.063,12540.0,199703.0,110419.0
1997-03-05,91.023,91.063,91.023,91.063,13755.0,199703.0,111077.0
1997-03-06,91.083,91.083,91.053,91.063,9235.0,199703.0,107427.0
1997-03-07,91.063,91.103,91.063,91.093,19157.0,199703.0,111470.0
1997-03-10,91.113,91.113,91.093,91.103,6599.0,199703.0,105578.0
1997-03-11,91.123,91.123,91.103,91.113,14523.0,199703.0,109270.0
1997-03-12,91.103,91.113,91.103,91.113,12276.0,199703.0,110425.0
1997-03-13,91.113,91.113,91.093,91.093,14211.0,199703.0,113990.0
1997-03-14,91.093,91.113,91.093,91.103,7923.0,199703.0,111266.0
1997-03-17,91.083,91.083,90.983,91.023,14750.0,199706.0,115183.0
1997-03-18,90.993,91.033,90.973,90.973,15585.0,199706.0,98226.0
1997-03-19,90.983,91.003,90.903,90.963,16871.0,199706.0,97955.0
1997-03-20,91.003,91.003,90.893,90.943,13728.0,199706.0,102251.0
1997-03-21,90.953,90.973,90.923,90.973,6895.0,199706.0,97343.0
1997-03-24,90.993,90.993,90.943,90.953,6596.0,199706.0,96449.0
1997-03-25,90.963,91.033,90.903,90.953,11613.0,199706.0,99944.0
1997-03-26,90.973,91.013,90.943,90.973,12420.0,199706.0,101626.0
1997-03-27,90.993,90.993,90.893,90.903,13593.0,199706.0,104249.0
1997-03-31,90.873,90.873,90.723,90.733,13593.0,199706.0,103864.0
1997-04-01,90.693,90.693,90.613,90.663,21161.0,199706.0,110912.0
1997-04-02,90.683,90.713,90.663,90.713,10260.0,199706.0,110471.0
1997-04-03,90.713,90.743,90.643,90.673,12965.0,199706.0,111012.0
1997-04-04,90.663,90.693,90.483,90.533,20963.0,199706.0,116189.0
1997-04-07,90.543,90.703,90.533,90.703,15858.0,199706.0,118421.0
1997-04-08,90.713,90.733,90.653,90.663,20787.0,199706.0,118268.0
1997-04-09,90.713,90.753,90.663,90.663,18517.0,199706.0,118399.0
1997-04-10,90.643,90.643,90.573,90.613,15897.0,199706.0,118314.0
1997-04-11,90.603,90.643,90.543,90.613,22134.0,199706.0,120255.0
1997-04-14,90.633,90.703,90.633,90.673,9134.0,199706.0,119030.0
1997-04-15,90.703,90.823,90.693,90.813,19617.0,199706.0,123308.0
1997-04-16,90.823,90.933,90.783,90.933,19061.0,199706.0,126798.0
1997-04-17,90.923,91.023,90.893,90.963,27311.0,199706.0,135216.0
1997-04-18,90.933,90.933,90.883,90.913,11529.0,199706.0,130555.0
1997-04-21,90.943,90.963,90.923,90.923,10873.0,199706.0,127052.0
1997-04-22,90.913,90.963,90.903,90.963,9898.0,199706.0,122452.0
1997-04-23,91.013,91.013,90.943,90.973,15887.0,199706.0,124034.0
1997-04-24,91.023,91.063,90.993,91.023,19259.0,199706.0,128330.0
1997-04-25,90.983,90.983,90.933,90.973,9505.0,199706.0,125380.0
1997-04-28,90.943,90.943,90.903,90.913,12548.0,199706.0,123575.0
1997-04-29,90.913,91.083,90.913,91.073,25773.0,199706.0,135145.0
1997-04-30,91.083,91.113,90.973,91.073,21697.0,199706.0,137059.0
1997-05-01,91.083,91.143,91.083,91.133,17686.0,199706.0,134488.0
1997-05-02,91.173,91.213,91.123,91.183,23574.0,199706.0,140278.0
1997-05-05,91.213,91.213,91.173,91.193,8452.0,199706.0,133208.0
1997-05-06,91.223,91.223,91.183,91.193,11579.0,199706.0,128656.0
1997-05-07,91.153,91.163,91.103,91.123,14886.0,199706.0,126001.0
1997-05-08,91.083,91.133,91.073,91.123,13628.0,199706.0,122671.0
1997-05-09,91.203,91.223,91.153,91.193,15498.0,199706.0,126510.0
1997-05-12,91.203,91.203,91.183,91.203,6422.0,199706.0,120443.0
1997-05-13,91.223,91.243,91.153,91.153,16873.0,199706.0,125184.0
1997-05-14,91.163,91.243,91.153,91.213,26307.0,199706.0,131087.0
1997-05-15,91.223,91.283,91.193,91.283,22479.0,199706.0,135237.0
1997-05-16,91.323,91.323,91.243,91.273,8783.0,199706.0,127025.0
1997-05-20,91.263,91.323,91.243,91.323,24519.0,199706.0,132586.0
1997-05-21,91.393,91.393,91.353,91.383,18842.0,199706.0,132933.0
1997-05-22,91.363,91.383,91.353,91.373,17187.0,199706.0,133006.0
1997-05-23,91.383,91.403,91.373,91.393,6083.0,199706.0,126934.0
1997-05-26,91.373,91.393,91.373,91.393,189.0,199706.0,122059.0
1997-05-27,91.383,91.393,91.353,91.353,14857.0,199706.0,131185.0
1997-05-28,91.343,91.373,91.343,91.343,10750.0,199706.0,133183.0
1997-05-29,91.363,91.373,91.363,91.373,9380.0,199706.0,127477.0
1997-05-30,91.373,91.423,91.373,91.423,18691.0,199706.0,134618.0
1997-06-02,91.443,91.443,91.423,91.433,14214.0,199706.0,136448.0
1997-06-03,91.443,91.443,91.423,91.443,12832.0,199706.0,135127.0
1997-06-04,91.433,91.443,91.433,91.443,7860.0,199706.0,132347.0
1997-06-05,91.433,91.443,91.433,91.443,14206.0,199706.0,129747.0
1997-06-06,91.433,91.453,91.413,91.453,25304.0,199706.0,140408.0
1997-06-09,91.443,91.443,91.423,91.423,16435.0,199706.0,145020.0
1997-06-10,91.433,91.443,91.433,91.443,12361.0,199706.0,141572.0
1997-06-11,91.463,91.463,91.453,91.463,10568.0,199706.0,140793.0
1997-06-12,91.463,91.513,91.443,91.503,23191.0,199706.0,152326.0
1997-06-13,91.493,91.543,91.493,91.523,22835.0,199706.0,159304.0
1997-06-16,91.543,91.563,91.523,91.533,14441.0,199709.0,161957.0
1997-06-17,91.503,91.533,91.453,91.493,16277.0,199709.0,125818.0
1997-06-18,91.483,91.483,91.433,91.453,12073.0,199709.0,123276.0
1997-06-19,91.403,91.473,91.383,91.473,17408.0,199709.0,126430.0
1997-06-20,91.483,91.513,91.473,91.503,11477.0,199709.0,124203.0
1997-06-23,91.483,91.503,91.483,91.493,5678.0,199709.0,123121.0
1997-06-24,91.503,91.503,91.473,91.483,5810.0,199709.0,122279.0
1997-06-25,91.473,91.473,91.413,91.423,15241.0,199709.0,127137.0
1997-06-26,91.373,91.373,91.183,91.183,21348.0,199709.0,138948.0
1997-06-27,91.203,91.213,91.073,91.133,24601.0,199709.0,143108.0
1997-06-30,91.113,91.133,91.023,91.043,15093.0,199709.0,145431.0
1997-07-02,91.083,91.173,91.083,91.163,13151.0,199709.0,135030.0
1997-07-03,91.183,91.313,91.173,91.293,23434.0,199709.0,143135.0
1997-07-04,91.303,91.323,91.293,91.323,1520.0,199709.0,136499.0
1997-07-07,91.313,91.343,91.313,91.333,10772.0,199709.0,140477.0
1997-07-08,91.313,91.313,91.283,91.283,15614.0,199709.0,144385.0
1997-07-09,91.293,91.323,91.273,91.293,13391.0,199709.0,140182.0
1997-07-10,91.293,91.303,91.253,91.283,13829.0,199709.0,140182.0
1997-07-11,91.233,91.233,91.173,91.193,11508.0,199709.0,143507.0
1997-07-14,91.183,91.193,91.153,91.153,9336.0,199709.0,132211.0
1997-07-15,91.123,91.153,91.093,91.123,21414.0,199709.0,140148.0
1997-07-16,91.143,91.193,91.133,91.183,13527.0,199709.0,138568.0
1997-07-17,91.173,91.173,91.063,91.073,26690.0,199709.0,143500.0
1997-07-18,91.043,91.113,91.043,91.093,21077.0,199709.0,140755.0
1997-07-21,91.073,91.103,91.063,91.073,7455.0,199709.0,138193.0
1997-07-22,91.063,91.253,91.023,91.253,21551.0,199709.0,146103.0
1997-07-23,91.253,91.253,91.173,91.173,24512.0,199709.0,151237.0
1997-07-24,91.153,91.153,91.103,91.113,16297.0,199709.0,141344.0
1997-07-25,91.113,91.113,91.023,91.033,13735.0,199709.0,139036.0
1997-07-28,91.003,91.063,91.003,91.063,11481.0,199709.0,137386.0
1997-07-29,91.093,91.133,91.073,91.113,17489.0,199709.0,137823.0
1997-07-30,91.133,91.173,91.123,91.153,18776.0,199709.0,141491.0
1997-07-31,91.153,91.233,91.153,91.203,24794.0,199709.0,148149.0
1997-08-01,91.223,91.233,91.123,91.143,24794.0,199709.0,148024.0
1997-08-05,91.113,91.143,91.103,91.103,10007.0,199709.0,144863.0
1997-08-06,91.083,91.103,91.073,91.093,16078.0,199709.0,150820.0
1997-08-07,91.093,91.113,91.083,91.093,11650.0,199709.0,148383.0
1997-08-08,91.083,91.143,91.083,91.123,22496.0,199709.0,160555.0
1997-08-11,91.123,91.173,91.123,91.173,11606.0,199709.0,155957.0
1997-08-12,91.183,91.213,91.173,91.173,29412.0,199709.0,158532.0
1997-08-13,91.153,91.253,91.153,91.253,29381.0,199709.0,160854.0
1997-08-14,91.283,91.323,91.263,91.313,26311.0,199709.0,165057.0
1997-08-15,91.323,91.363,91.303,91.353,14370.0,199709.0,158505.0
1997-08-18,91.373,91.433,91.373,91.433,19287.0,199709.0,158988.0
1997-08-19,91.423,91.423,91.343,91.353,23812.0,199709.0,159818.0
1997-08-20,91.323,91.353,91.293,91.353,17592.0,199709.0,159467.0
1997-08-21,91.363,91.373,91.243,91.243,20953.0,199709.0,165398.0
1997-08-22,91.203,91.353,91.203,91.353,18668.0,199709.0,164202.0
1997-08-25,91.373,91.383,91.333,91.343,13132.0,199709.0,158454.0
1997-08-26,91.313,91.323,91.293,91.303,16948.0,199709.0,155596.0
1997-08-27,91.283,91.323,91.273,91.313,19831.0,199709.0,155009.0
1997-08-28,91.333,91.363,91.313,91.353,33669.0,199709.0,163755.0
1997-08-29,91.363,91.363,91.313,91.333,18876.0,199709.0,159341.0
1997-09-02,91.333,91.383,91.333,91.373,13772.0,199709.0,157495.0
1997-09-03,91.373,91.373,91.353,91.353,12551.0,199709.0,152678.0
1997-09-04,91.333,91.363,91.333,91.343,11376.0,199709.0,156606.0
1997-09-05,91.343,91.373,91.343,91.363,15505.0,199709.0,157950.0
1997-09-08,91.373,91.413,91.373,91.413,12405.0,199709.0,157096.0
1997-09-09,91.413,91.413,91.393,91.403,15633.0,199709.0,159088.0
1997-09-10,91.393,91.403,91.393,91.403,12547.0,199709.0,157258.0
1997-09-11,91.403,91.413,91.393,91.393,18704.0,199709.0,160547.0
1997-09-12,91.393,91.413,91.393,91.403,21128.0,199709.0,163663.0
1997-09-15,91.393,91.413,91.383,91.403,11422.0,199712.0,165321.0
1997-09-16,91.403,91.493,91.403,91.493,25748.0,199712.0,143128.0
1997-09-17,91.513,91.533,91.463,91.493,22438.0,199712.0,146245.0
1997-09-18,91.493,91.523,91.423,91.433,18987.0,199712.0,147418.0
1997-09-19,91.433,91.433,91.363,91.393,25064.0,199712.0,154549.0
1997-09-22,91.423,91.443,91.413,91.443,9331.0,199712.0,150895.0
1997-09-23,91.433,91.443,91.413,91.423,11674.0,199712.0,152187.0
1997-09-24,91.433,91.463,91.423,91.453,17064.0,199712.0,152090.0
1997-09-25,91.453,91.463,91.423,91.423,18863.0,199712.0,147247.0
1997-09-26,91.433,91.463,91.433,91.443,13803.0,199712.0,149695.0
1997-09-29,91.443,91.443,91.373,91.373,18791.0,199712.0,156355.0
1997-09-30,91.343,91.383,91.323,91.343,33359.0,199712.0,168085.0
1997-10-01,91.353,91.413,91.283,91.413,30861.0,199712.0,176841.0
1997-10-02,91.413,91.533,91.413,91.513,44097.0,199712.0,194331.0
1997-10-03,91.513,91.613,91.503,91.563,34719.0,199712.0,197578.0
1997-10-06,91.573,91.593,91.543,91.553,13512.0,199712.0,194570.0
1997-10-07,91.543,91.543,91.503,91.523,13484.0,199712.0,194570.0
1997-10-08,91.513,91.553,91.473,91.473,23275.0,199712.0,195005.0
1997-10-09,91.433,91.463,91.413,91.463,22139.0,199712.0,199736.0
1997-10-10,91.473,91.493,91.413,91.443,17813.0,199712.0,203643.0
1997-10-14,91.443,91.473,91.443,91.453,8560.0,199712.0,189127.0
1997-10-15,91.463,91.483,91.433,91.443,16998.0,199712.0,189931.0
1997-10-16,91.423,91.463,91.413,91.423,13435.0,199712.0,189429.0
1997-10-17,91.413,91.443,91.383,91.393,20004.0,199712.0,195411.0
1997-10-20,91.403,91.423,91.403,91.423,9153.0,199712.0,187376.0
1997-10-21,91.423,91.423,91.383,91.413,12504.0,199712.0,184154.0
1997-10-22,91.413,91.423,91.383,91.413,10126.0,199712.0,181211.0
1997-10-23,91.493,91.553,91.483,91.503,31953.0,199712.0,192608.0
1997-10-24,91.463,91.493,91.453,91.473,15581.0,199712.0,180922.0
1997-10-27,91.503,91.503,91.443,91.473,23116.0,199712.0,180922.0
1997-10-28,91.443,91.503,91.423,91.423,40789.0,199712.0,200603.0
1997-10-29,91.433,91.463,91.433,91.453,21113.0,199712.0,197378.0
1997-10-30,91.453,91.473,91.413,91.413,24325.0,199712.0,200566.0
1997-10-31,91.413,91.413,91.393,91.393,19142.0,199712.0,200354.0
1997-11-03,91.393,91.393,91.363,91.363,17872.0,199712.0,199647.0
1997-11-04,91.353,91.363,91.333,91.353,17826.0,199712.0,201851.0
1997-11-05,91.363,91.383,91.353,91.363,12165.0,199712.0,198826.0
1997-11-06,91.363,91.373,91.343,91.373,15287.0,199712.0,192695.0
1997-11-07,91.423,91.483,91.423,91.443,27297.0,199712.0,196527.0
1997-11-10,91.433,91.453,91.433,91.453,4634.0,199712.0,179942.0
1997-11-12,91.443,91.463,91.413,91.463,13107.0,199712.0,184175.0
1997-11-13,91.453,91.503,91.443,91.503,22888.0,199712.0,193551.0
1997-11-14,91.503,91.533,91.483,91.493,15171.0,199712.0,192282.0
1997-11-17,91.453,91.453,91.423,91.423,17706.0,199712.0,195992.0
1997-11-18,91.443,91.463,91.433,91.463,14713.0,199712.0,196536.0
1997-11-19,91.473,91.493,91.453,91.493,17469.0,199712.0,194577.0
1997-11-20,91.473,91.483,91.453,91.453,14605.0,199712.0,196100.0
1997-11-21,91.463,91.503,91.463,91.503,9363.0,199712.0,194000.0
1997-11-24,91.503,91.503,91.493,91.503,10722.0,199712.0,196634.0
1997-11-25,91.503,91.503,91.443,91.443,27693.0,199712.0,207541.0
1997-11-26,91.393,91.403,91.313,91.313,42128.0,199712.0,221382.0
1997-11-27,91.293,91.293,91.193,91.203,19969.0,199712.0,219680.0
1997-11-28,91.243,91.263,91.173,91.203,28622.0,199712.0,228550.0
1997-12-01,91.203,91.223,91.173,91.223,33634.0,199712.0,229180.0
1997-12-02,91.263,91.313,91.253,91.293,22757.0,199712.0,235249.0
1997-12-03,91.303,91.313,91.273,91.293,21975.0,199712.0,230735.0
1997-12-04,91.273,91.283,91.253,91.253,18861.0,199712.0,230960.0
1997-12-05,91.263,91.273,91.213,91.223,28311.0,199712.0,232383.0
1997-12-08,91.243,91.243,91.223,91.223,10426.0,199712.0,225971.0
1997-12-09,91.223,91.253,91.223,91.243,20395.0,199712.0,228579.0
1997-12-10,91.253,91.263,91.243,91.243,17713.0,199712.0,229334.0
1997-12-11,91.233,91.263,91.163,91.193,40580.0,199712.0,232273.0
1997-12-12,91.153,91.183,90.943,90.983,51644.0,199712.0,246123.0
1997-12-15,91.003,91.013,90.883,90.893,24969.0,199803.0,225790.0
1997-12-16,90.843,90.873,90.663,90.683,36020.0,199803.0,188743.0
1997-12-17,90.713,90.813,90.623,90.693,33663.0,199803.0,197856.0
1997-12-18,90.733,90.733,90.603,90.613,17293.0,199803.0,193506.0
1997-12-19,90.583,90.713,90.503,90.633,23606.0,199803.0,194852.0
1997-12-22,90.633,90.633,90.573,90.583,6069.0,199803.0,185687.0
1997-12-23,90.593,90.623,90.583,90.613,8865.0,199803.0,178393.0
1997-12-24,90.603,90.633,90.603,90.613,2200.0,199803.0,177799.0
1997-12-29,90.623,90.623,90.603,90.603,2982.0,199803.0,176657.0
1997-12-30,90.613,90.793,90.613,90.783,12481.0,199803.0,182515.0
1997-12-31,90.813,90.923,90.813,90.893,13175.0,199803.0,186535.0
1998-01-02,90.913,91.013,90.913,90.993,13636.0,199803.0,186725.0
1998-01-05,91.023,91.083,91.013,91.073,26356.0,199803.0,196118.0
1998-01-06,91.043,91.043,90.893,90.923,36390.0,199803.0,202819.0
1998-01-07,90.903,90.953,90.843,90.953,29511.0,199803.0,200988.0
1998-01-08,90.913,91.133,90.913,91.083,30163.0,199803.0,187560.0
1998-01-09,91.073,91.193,91.043,91.143,32292.0,199803.0,196640.0
1998-01-12,91.243,91.333,91.193,91.203,32537.0,199803.0,200142.0
1998-01-13,91.173,91.193,91.133,91.193,21328.0,199803.0,198893.0
1998-01-14,91.183,91.213,91.163,91.203,19063.0,199803.0,195725.0
1998-01-15,91.203,91.213,91.143,91.163,18434.0,199803.0,192664.0
1998-01-16,91.143,91.153,91.113,91.133,13185.0,199803.0,193452.0
1998-01-19,91.123,91.123,91.033,91.053,10066.0,199803.0,187153.0
1998-01-20,91.013,91.093,90.993,91.023,30401.0,199803.0,191333.0
1998-01-21,91.043,91.203,91.033,91.153,48947.0,199803.0,204122.0
1998-01-22,91.263,91.303,91.173,91.203,53907.0,199803.0,217033.0
1998-01-23,91.193,91.333,91.163,91.263,38462.0,199803.0,218444.0
1998-01-26,91.333,91.363,91.323,91.353,21132.0,199803.0,204759.0
1998-01-27,91.363,91.373,91.243,91.243,25904.0,199803.0,200128.0
1998-01-28,91.183,91.283,91.183,91.253,37142.0,199803.0,209814.0
1998-01-29,91.273,91.303,91.023,91.063,34982.0,199803.0,211705.0
1998-01-30,91.113,91.123,90.743,90.803,66297.0,199803.0,239463.0
1998-02-02,90.833,90.853,90.783,90.803,20236.0,199803.0,218138.0
1998-02-03,90.783,90.873,90.753,90.853,34621.0,199803.0,216195.0
1998-02-04,90.903,90.903,90.823,90.843,25821.0,199803.0,213151.0
1998-02-05,90.863,90.913,90.853,90.883,20690.0,199803.0,211859.0
1998-02-06,90.933,90.933,90.853,90.923,19677.0,199803.0,209171.0
1998-02-09,90.903,90.903,90.873,90.903,11824.0,199803.0,202047.0
1998-02-10,90.933,90.933,90.913,90.923,12933.0,199803.0,203415.0
1998-02-11,90.893,90.913,90.893,90.893,11668.0,199803.0,199852.0
1998-02-12,90.893,90.913,90.873,90.873,16811.0,199803.0,201246.0
1998-02-13,90.883,90.883,90.823,90.833,23561.0,199803.0,198036.0
1998-02-16,90.843,90.843,90.803,90.803,8242.0,199803.0,194777.0
1998-02-17,90.843,90.863,90.823,90.833,21683.0,199803.0,199326.0
1998-02-18,90.873,90.913,90.873,90.903,24777.0,199803.0,208417.0
1998-02-19,90.923,90.973,90.923,90.973,31584.0,199803.0,216224.0
1998-02-20,90.963,90.983,90.943,90.973,21173.0,199803.0,209052.0
1998-02-23,90.973,90.973,90.943,90.953,13183.0,199803.0,206734.0
1998-02-24,90.953,90.973,90.913,90.933,29735.0,199803.0,214534.0
1998-02-25,90.933,90.953,90.933,90.953,17179.0,199803.0,214730.0
1998-02-26,90.953,90.973,90.943,90.963,16315.0,199803.0,217764.0
1998-02-27,90.953,90.983,90.953,90.983,16071.0,199803.0,220361.0
1998-03-02,90.963,90.993,90.953,90.993,18086.0,199803.0,223964.0
1998-03-03,90.983,91.003,90.973,90.973,22588.0,199803.0,226836.0
1998-03-04,90.973,90.993,90.973,90.983,12986.0,199803.0,224246.0
1998-03-05,90.993,91.003,90.983,91.003,17111.0,199803.0,226296.0
1998-03-06,91.013,91.043,90.993,91.043,28591.0,199803.0,234649.0
1998-03-09,91.063,91.073,91.053,91.073,20183.0,199803.0,230983.0
1998-03-10,91.063,91.113,91.063,91.113,30569.0,199803.0,236316.0
1998-03-11,91.123,91.123,91.103,91.103,30956.0,199803.0,236000.0
1998-03-12,91.103,91.123,91.093,91.113,25167.0,199803.0,230064.0
1998-03-13,91.113,91.123,91.103,91.113,21826.0,199803.0,226614.0
1998-03-16,91.113,91.153,91.113,91.153,14418.0,199806.0,227161.0
1998-03-17,91.143,91.143,91.123,91.133,14534.0,199806.0,160602.0
1998-03-18,91.123,91.143,91.113,91.133,15229.0,199806.0,164718.0
1998-03-19,91.153,91.173,91.133,91.143,26218.0,199806.0,173789.0
1998-03-20,91.153,91.153,91.143,91.153,9225.0,199806.0,165925.0
1998-03-23,91.153,91.163,91.143,91.163,13230.0,199806.0,170557.0
1998-03-24,91.153,91.183,91.153,91.173,13697.0,199806.0,170386.0
1998-03-25,91.193,91.213,91.173,91.173,28035.0,199806.0,180058.0
1998-03-26,91.153,91.153,91.143,91.153,15596.0,199806.0,174835.0
1998-03-27,91.143,91.143,91.103,91.103,18583.0,199806.0,176631.0
1998-03-30,91.083,91.083,91.063,91.073,17168.0,199806.0,175798.0
1998-03-31,91.073,91.133,91.053,91.113,26957.0,199806.0,181074.0
1998-04-01,91.123,91.173,91.123,91.173,18623.0,199806.0,181819.0
1998-04-02,91.173,91.193,91.153,91.183,27106.0,199806.0,188466.0
1998-04-03,91.213,91.273,91.203,91.253,41534.0,199806.0,200045.0
1998-04-06,91.253,91.253,91.233,91.233,14112.0,199806.0,193389.0
1998-04-07,91.233,91.233,91.213,91.223,10966.0,199806.0,186377.0
1998-04-08,91.213,91.213,91.203,91.203,16379.0,199806.0,192457.0
1998-04-09,91.203,91.223,91.183,91.203,13123.0,199806.0,180081.0
1998-04-13,91.203,91.203,91.113,91.133,23838.0,199806.0,190117.0
1998-04-14,91.133,91.143,91.103,91.133,18254.0,199806.0,188245.0
1998-04-15,91.143,91.143,91.033,91.033,44951.0,199806.0,200866.0
1998-04-16,91.033,91.053,90.943,91.013,51716.0,199806.0,217163.0
1998-04-17,91.033,91.063,91.013,91.053,23891.0,199806.0,207513.0
1998-04-20,91.053,91.053,91.023,91.043,18300.0,199806.0,198828.0
1998-04-21,91.033,91.033,90.993,90.993,28914.0,199806.0,200596.0
1998-04-22,90.973,91.023,90.953,90.993,32029.0,199806.0,200596.0
1998-04-23,90.993,91.003,90.913,90.943,28680.0,199806.0,204709.0
1998-04-24,90.913,90.973,90.913,90.963,20581.0,199806.0,206580.0
1998-04-27,90.923,90.923,90.853,90.863,39795.0,199806.0,210467.0
1998-04-28,90.883,90.913,90.833,90.833,32587.0,199806.0,216388.0
1998-04-29,90.863,90.883,90.843,90.873,23878.0,199806.0,213929.0
1998-04-30,90.883,91.003,90.873,90.993,41896.0,199806.0,226871.0
1998-05-01,91.023,91.063,91.003,91.003,34196.0,199806.0,228339.0
1998-05-04,91.023,91.023,90.993,91.013,15100.0,199806.0,218798.0
1998-05-05,90.973,90.973,90.923,90.933,32602.0,199806.0,220945.0
1998-05-06,90.913,90.973,90.913,90.953,27498.0,199806.0,217944.0
1998-05-07,90.933,90.953,90.903,90.953,27733.0,199806.0,223568.0
1998-05-08,90.963,90.963,90.913,90.943,32031.0,199806.0,226422.0
1998-05-11,90.943,90.953,90.923,90.933,17200.0,199806.0,222575.0
1998-05-12,90.953,90.973,90.943,90.973,22228.0,199806.0,221069.0
1998-05-13,90.943,90.973,90.933,90.943,41913.0,199806.0,234500.0
1998-05-14,90.883,90.923,90.883,90.893,28414.0,199806.0,234859.0
1998-05-15,90.893,90.923,90.893,90.923,12269.0,199806.0,224100.0
1998-05-19,90.953,90.993,90.943,90.993,20924.0,199806.0,231104.0
1998-05-20,91.023,91.063,91.023,91.043,46814.0,199806.0,249222.0
1998-05-21,91.053,91.083,91.033,91.043,28924.0,199806.0,250590.0
1998-05-22,91.023,91.053,91.003,91.043,17479.0,199806.0,239670.0
1998-05-25,91.053,91.063,91.053,91.053,3238.0,199806.0,232388.0
1998-05-26,91.033,91.033,91.003,91.003,23694.0,199806.0,244356.0
1998-05-27,91.023,91.033,91.003,91.003,21870.0,199806.0,237172.0
1998-05-28,91.013,91.053,91.003,91.043,17927.0,199806.0,234427.0
1998-05-29,91.063,91.063,91.033,91.043,20194.0,199806.0,240447.0
1998-06-01,91.043,91.083,91.043,91.063,24594.0,199806.0,243408.0
1998-06-02,91.053,91.103,91.053,91.093,28046.0,199806.0,242358.0
1998-06-03,91.093,91.093,91.083,91.093,17612.0,199806.0,243345.0
1998-06-04,91.063,91.073,91.063,91.063,26564.0,199806.0,247596.0
1998-06-05,91.053,91.073,91.033,91.073,30309.0,199806.0,246781.0
1998-06-08,91.063,91.073,91.053,91.073,18750.0,199806.0,243628.0
1998-06-09,91.073,91.083,91.073,91.073,24084.0,199806.0,243527.0
1998-06-10,91.053,91.053,91.003,91.003,60437.0,199806.0,267473.0
1998-06-11,91.023,91.043,90.973,91.023,66614.0,199806.0,287661.0
1998-06-12,91.023,91.053,91.023,91.043,38292.0,199806.0,284498.0
1998-06-15,91.053,91.073,91.023,91.073,29709.0,199809.0,220537.0
1998-06-16,91.093,91.133,91.073,91.123,26929.0,199809.0,222607.0
1998-06-17,91.123,91.193,91.123,91.173,43077.0,199809.0,241083.0
1998-06-18,91.153,91.153,91.093,91.093,23790.0,199809.0,239353.0
1998-06-19,91.063,91.093,91.033,91.073,23377.0,199809.0,232309.0
1998-06-22,91.043,91.063,91.013,91.043,12674.0,199809.0,231141.0
1998-06-23,91.033,91.073,91.023,91.063,19649.0,199809.0,220240.0
1998-06-24,91.063,91.123,91.063,91.073,17162.0,199809.0,217614.0
1998-06-25,91.113,91.143,91.103,91.123,23800.0,199809.0,223268.0
1998-06-26,91.133,91.153,91.113,91.143,19901.0,199809.0,224484.0
1998-06-29,91.123,91.133,91.103,91.113,9061.0,199809.0,218973.0
1998-06-30,91.143,91.173,91.133,91.163,24145.0,199809.0,224890.0
1998-07-02,91.233,91.283,91.233,91.273,43510.0,199809.0,239965.0
1998-07-03,91.283,91.313,91.283,91.293,13079.0,199809.0,237747.0
1998-07-06,91.273,91.283,91.243,91.253,22143.0,199809.0,239721.0
1998-07-07,91.263,91.273,91.253,91.263,14259.0,199809.0,230490.0
1998-07-08,91.263,91.303,91.233,91.303,16738.0,199809.0,232518.0
1998-07-09,91.283,91.293,91.223,91.243,20307.0,199809.0,232518.0
1998-07-10,91.223,91.263,91.213,91.263,14920.0,199809.0,229139.0
1998-07-13,91.273,91.283,91.253,91.253,10424.0,199809.0,223946.0
1998-07-14,91.243,91.273,91.243,91.263,15033.0,199809.0,228646.0
1998-07-15,91.243,91.243,91.133,91.133,35356.0,199809.0,243037.0
1998-07-16,91.123,91.153,91.083,91.093,39017.0,199809.0,248491.0
1998-07-17,91.103,91.153,91.093,91.143,25598.0,199809.0,244291.0
1998-07-20,91.173,91.193,91.173,91.183,11206.0,199809.0,233707.0
1998-07-21,91.153,91.193,91.143,91.153,17356.0,199809.0,234502.0
1998-07-22,91.133,91.133,91.093,91.113,24297.0,199809.0,230285.0
1998-07-23,91.103,91.193,91.103,91.183,26495.0,199809.0,232837.0
1998-07-24,91.173,91.173,91.113,91.123,20196.0,199809.0,229800.0
1998-07-27,91.103,91.103,91.033,91.033,40990.0,199809.0,244046.0
1998-07-28,91.043,91.093,91.043,91.083,25631.0,199809.0,245071.0
1998-07-29,91.123,91.133,91.053,91.063,26077.0,199809.0,245865.0
1998-07-30,91.043,91.083,91.033,91.073,34208.0,199809.0,243574.0
1998-07-31,91.083,91.083,90.983,90.993,43095.0,199809.0,261484.0
1998-08-04,91.003,91.033,90.993,91.023,30673.0,199809.0,259704.0
1998-08-05,91.063,91.093,91.043,91.043,29888.0,199809.0,256391.0
1998-08-06,91.003,91.033,90.983,90.993,34416.0,199809.0,259137.0
1998-08-07,90.973,91.063,90.963,91.023,45964.0,199809.0,270956.0
1998-08-10,91.003,91.063,90.993,91.063,32362.0,199809.0,272943.0
1998-08-11,91.093,91.183,91.083,91.163,67698.0,199809.0,288769.0
1998-08-12,91.203,91.243,91.193,91.203,66133.0,199809.0,310654.0
1998-08-13,91.183,91.223,91.173,91.183,34099.0,199809.0,304577.0
1998-08-14,91.183,91.213,91.183,91.213,15329.0,199809.0,285640.0
1998-08-17,91.203,91.203,91.173,91.173,23097.0,199809.0,289341.0
1998-08-18,91.143,91.153,91.133,91.143,26124.0,199809.0,275137.0
1998-08-19,91.133,91.133,91.113,91.123,23197.0,199809.0,282795.0
1998-08-20,91.143,91.183,91.123,91.173,31422.0,199809.0,272515.0
1998-08-21,91.193,91.223,91.183,91.203,37206.0,199809.0,279983.0
1998-08-24,91.193,91.193,91.133,91.143,28042.0,199809.0,284136.0
1998-08-25,91.153,91.153,91.103,91.133,33349.0,199809.0,282094.0
1998-08-26,91.093,91.103,90.943,90.943,83432.0,199809.0,282094.0
1998-08-27,90.753,90.833,89.973,90.153,124810.0,199809.0,386488.0
1998-08-28,90.273,90.363,90.183,90.353,59948.0,199809.0,411722.0
1998-08-31,90.343,90.393,90.273,90.323,41629.0,199809.0,410902.0
1998-09-01,90.383,90.503,90.383,90.483,68093.0,199809.0,415257.0
1998-09-02,90.453,90.533,90.433,90.533,36681.0,199809.0,407420.0
1998-09-03,90.563,90.563,90.493,90.513,48308.0,199809.0,410644.0
1998-09-04,90.513,90.573,90.503,90.553,21642.0,199809.0,376697.0
1998-09-08,90.563,90.593,90.553,90.593,24734.0,199809.0,325746.0
1998-09-09,90.613,90.703,90.613,90.683,69484.0,199809.0,325746.0
1998-09-10,90.743,90.933,90.743,90.903,98567.0,199809.0,366192.0
1998-09-11,90.853,90.923,90.833,90.873,65577.0,199809.0,371676.0
1998-09-14,90.823,90.833,90.763,90.833,41194.0,199812.0,275579.0
1998-09-15,90.893,90.913,90.803,90.823,32186.0,199812.0,278117.0
1998-09-16,90.763,90.793,90.683,90.783,43089.0,199812.0,286531.0
1998-09-17,90.783,90.783,90.683,90.703,46865.0,199812.0,295059.0
1998-09-18,90.663,90.753,90.613,90.743,35310.0,199812.0,278059.0
1998-09-21,90.823,90.863,90.723,90.743,36486.0,199812.0,287722.0
1998-09-22,90.713,90.753,90.683,90.733,19830.0,199812.0,280755.0
1998-09-23,90.773,90.923,90.763,90.903,28666.0,199812.0,287440.0
1998-09-24,90.973,91.013,90.923,90.953,40121.0,199812.0,287672.0
1998-09-25,91.043,91.053,90.943,90.983,31040.0,199812.0,262914.0
1998-09-28,90.983,90.993,90.963,90.963,14886.0,199812.0,260531.0
1998-09-29,90.963,90.973,90.833,90.913,25869.0,199812.0,260578.0
1998-09-30,90.843,90.973,90.823,90.933,30151.0,199812.0,269750.0
1998-10-01,91.003,91.033,90.943,91.023,40884.0,199812.0,265477.0
1998-10-02,91.013,91.093,90.963,91.053,28846.0,199812.0,264224.0
1998-10-05,91.063,91.103,91.053,91.053,26722.0,199812.0,264053.0
1998-10-06,91.033,91.083,90.983,91.043,29842.0,199812.0,262174.0
1998-10-07,91.013,91.103,91.013,91.073,29268.0,199812.0,272014.0
1998-10-08,91.123,91.193,91.083,91.093,31679.0,199812.0,278993.0
1998-10-09,91.083,91.163,91.083,91.133,23105.0,199812.0,273628.0
1998-10-13,91.143,91.163,91.103,91.113,14343.0,199812.0,220848.0
1998-10-14,91.133,91.133,91.093,91.093,10467.0,199812.0,216156.0
1998-10-15,91.093,91.093,90.983,90.993,24110.0,199812.0,223340.0
1998-10-16,91.273,91.353,91.243,91.333,32680.0,199812.0,228522.0
1998-10-19,91.333,91.333,91.293,91.303,12591.0,199812.0,221402.0
1998-10-20,91.273,91.293,91.243,91.283,13570.0,199812.0,216192.0
1998-10-21,91.273,91.273,91.213,91.233,16057.0,199812.0,221151.0
1998-10-22,91.203,91.223,91.193,91.203,12919.0,199812.0,221215.0
1998-10-23,91.193,91.203,91.163,91.183,17243.0,199812.0,226653.0
1998-10-26,91.153,91.193,91.123,91.143,18997.0,199812.0,237041.0
1998-10-27,91.143,91.193,91.133,91.183,19278.0,199812.0,248584.0
1998-10-28,91.193,91.203,91.153,91.163,21005.0,199812.0,255363.0
1998-10-29,91.183,91.183,91.123,91.143,18315.0,199812.0,251961.0
1998-10-30,91.133,91.133,91.063,91.083,22050.0,199812.0,255188.0
1998-11-02,91.043,91.043,90.953,90.983,35188.0,199812.0,271840.0
1998-11-03,90.993,91.023,90.963,91.013,22475.0,199812.0,265445.0
1998-11-04,90.983,91.013,90.943,90.983,33974.0,199812.0,265474.0
1998-11-05,91.003,91.083,90.973,91.013,31925.0,199812.0,265474.0
1998-11-06,91.003,91.013,90.913,90.953,33121.0,199812.0,260282.0
1998-11-09,90.933,90.973,90.913,90.973,17829.0,199812.0,247478.0
1998-11-10,91.013,91.013,90.943,90.963,12114.0,199812.0,217023.0
1998-11-12,90.973,90.983,90.953,90.973,15527.0,199812.0,224287.0
1998-11-13,90.993,90.993,90.913,90.933,23142.0,199812.0,221390.0
1998-11-16,90.923,90.963,90.923,90.963,22103.0,199812.0,224171.0
1998-11-17,90.983,91.113,90.983,91.003,33711.0,199812.0,232404.0
1998-11-18,91.003,91.033,90.983,91.013,26418.0,199812.0,232087.0
1998-11-19,91.013,91.043,90.993,91.013,17558.0,199812.0,226095.0
1998-11-20,91.013,91.033,91.003,91.033,17875.0,199812.0,229062.0
1998-11-23,91.033,91.033,91.013,91.023,12276.0,199812.0,221966.0
1998-11-24,91.013,91.023,91.003,91.013,19202.0,199812.0,225718.0
1998-11-25,91.023,91.023,90.973,90.973,27981.0,199812.0,232020.0
1998-11-26,90.973,91.013,90.973,90.993,3247.0,199812.0,224634.0
1998-11-27,90.993,90.993,90.963,90.983,10125.0,199812.0,229117.0
1998-11-30,90.983,91.003,90.983,91.003,21167.0,199812.0,236279.0
1998-12-01,91.033,91.033,91.023,91.023,29497.0,199812.0,244796.0
1998-12-02,91.023,91.073,91.023,91.063,32623.0,199812.0,246892.0
1998-12-03,91.093,91.153,91.093,91.153,34461.0,199812.0,249525.0
1998-12-04,91.173,91.173,91.083,91.093,32636.0,199812.0,249502.0
1998-12-07,91.093,91.093,91.073,91.073,20392.0,199812.0,243544.0
1998-12-08,91.083,91.093,91.073,91.093,26272.0,199812.0,244110.0
1998-12-09,91.103,91.103,91.083,91.093,27608.0,199812.0,245824.0
1998-12-10,91.103,91.103,91.093,91.103,22608.0,199812.0,243196.0
1998-12-11,91.103,91.103,91.083,91.093,21497.0,199812.0,246076.0
1998-12-14,91.103,91.143,91.103,91.143,14302.0,199903.0,179830.0
1998-12-15,91.143,91.143,91.113,91.123,9762.0,199903.0,182902.0
1998-12-16,91.133,91.193,91.133,91.173,12028.0,199903.0,181198.0
1998-12-17,91.163,91.183,91.153,91.163,16424.0,199903.0,189333.0
1998-12-18,91.143,91.143,91.113,91.113,10192.0,199903.0,185181.0
1998-12-21,91.073,91.073,91.043,91.063,10192.0,199903.0,176249.0
1998-12-22,91.033,91.053,91.023,91.023,10010.0,199903.0,175732.0
1998-12-23,91.013,91.023,90.883,90.893,19254.0,199903.0,175732.0
1998-12-24,90.903,90.923,90.803,90.843,22297.0,199903.0,175732.0
1998-12-29,90.863,90.903,90.833,90.903,9693.0,199903.0,179525.0
1998-12-30,90.903,90.963,90.903,90.943,9438.0,199903.0,172976.0
1998-12-31,90.923,90.953,90.923,90.943,4259.0,199903.0,170149.0
1999-01-04,90.973,90.983,90.933,90.963,21386.0,199903.0,180936.0
1999-01-05,90.973,90.973,90.933,90.973,18898.0,199903.0,181374.0
1999-01-06,90.983,90.993,90.963,90.993,15375.0,199903.0,181374.0
1999-01-07,90.983,91.023,90.983,90.993,19404.0,199903.0,179762.0
1999-01-08,90.993,90.993,90.893,90.903,30630.0,199903.0,190738.0
1999-01-11,90.873,90.883,90.833,90.863,26329.0,199903.0,192826.0
1999-01-12,90.863,90.893,90.853,90.863,23528.0,199903.0,195300.0
1999-01-13,90.873,90.963,90.873,90.893,34141.0,199903.0,203477.0
1999-01-14,90.903,90.923,90.883,90.913,25886.0,199903.0,206293.0
1999-01-15,90.933,90.933,90.873,90.883,14156.0,199903.0,203613.0
1999-01-18,90.883,90.883,90.853,90.863,3524.0,199903.0,198614.0
1999-01-19,90.863,90.863,90.813,90.823,21480.0,199903.0,207899.0
1999-01-20,90.813,90.813,90.783,90.803,28586.0,199903.0,201986.0
1999-01-21,90.813,90.863,90.813,90.843,16083.0,199903.0,196232.0
1999-01-22,90.853,90.873,90.843,90.863,11684.0,199903.0,192256.0
1999-01-25,90.863,90.873,90.843,90.843,8587.0,199903.0,191790.0
1999-01-26,90.853,90.853,90.833,90.843,11757.0,199903.0,191787.0
1999-01-27,90.833,90.853,90.823,90.853,15438.0,199903.0,194656.0
1999-01-28,90.843,90.853,90.823,90.853,12951.0,199903.0,196929.0
1999-01-29,90.843,90.853,90.813,90.843,21734.0,199903.0,205733.0
1999-02-01,90.833,90.833,90.813,90.823,11411.0,199903.0,203632.0
1999-02-02,90.823,90.823,90.813,90.823,16400.0,199903.0,206652.0
1999-02-03,90.813,90.813,90.793,90.803,21343.0,199903.0,207514.0
1999-02-04,90.793,90.833,90.793,90.833,31386.0,199903.0,213876.0
1999-02-05,90.833,90.853,90.813,90.813,18944.0,199903.0,214560.0
1999-02-08,90.813,90.833,90.793,90.813,15827.0,199903.0,207392.0
1999-02-09,90.813,90.813,90.803,90.813,11816.0,199903.0,200548.0
1999-02-10,90.813,90.823,90.793,90.803,19654.0,199903.0,203032.0
1999-02-11,90.803,90.803,90.783,90.793,19039.0,199903.0,202215.0
1999-02-12,90.793,90.793,90.763,90.773,26178.0,199903.0,208901.0
1999-02-15,90.783,90.783,90.743,90.743,24260.0,199903.0,212153.0
1999-02-16,90.753,90.763,90.723,90.743,34583.0,199903.0,221005.0
1999-02-17,90.743,90.753,90.743,90.753,17431.0,199903.0,222238.0
1999-02-18,90.753,90.773,90.753,90.773,26861.0,199903.0,222266.0
1999-02-19,90.773,90.783,90.773,90.773,11837.0,199903.0,216313.0
1999-02-22,90.773,90.773,90.763,90.773,10596.0,199903.0,214969.0
1999-02-23,90.773,90.773,90.733,90.733,28405.0,199903.0,222558.0
1999-02-24,90.723,90.733,90.703,90.713,26303.0,199903.0,210763.0
1999-02-25,90.713,90.713,90.683,90.703,38681.0,199903.0,220803.0
1999-02-26,90.693,90.703,90.683,90.693,22858.0,199903.0,218709.0
1999-03-01,90.693,90.693,90.663,90.663,48751.0,199903.0,226941.0
1999-03-02,90.663,90.683,90.663,90.673,28849.0,199903.0,230844.0
1999-03-03,90.683,90.683,90.663,90.663,19583.0,199903.0,227948.0
1999-03-04,90.663,90.663,90.653,90.663,15949.0,199903.0,219412.0
1999-03-05,90.663,90.693,90.663,90.693,40050.0,199903.0,231675.0
1999-03-08,90.693,90.693,90.683,90.683,21706.0,199903.0,225218.0
1999-03-09,90.683,90.703,90.673,90.703,32288.0,199903.0,228328.0
1999-03-10,90.693,90.703,90.683,90.693,24953.0,199903.0,231856.0
1999-03-11,90.683,90.693,90.673,90.683,22308.0,199903.0,220498.0
1999-03-12,90.683,90.683,90.673,90.683,20105.0,199903.0,218335.0
1999-03-15,90.683,90.723,90.673,90.723,26099.0,199906.0,227938.0
1999-03-16,90.713,90.713,90.673,90.693,22506.0,199906.0,192364.0
1999-03-17,90.683,90.703,90.653,90.663,19207.0,199906.0,188460.0
1999-03-18,90.673,90.703,90.673,90.703,14956.0,199906.0,183677.0
1999-03-19,90.703,90.723,90.683,90.703,13866.0,199906.0,187195.0
1999-03-22,90.693,90.713,90.683,90.713,13909.0,199906.0,190573.0
1999-03-23,90.723,90.893,90.723,90.893,62959.0,199906.0,223056.0
1999-03-24,90.873,90.943,90.863,90.923,43844.0,199906.0,223399.0
1999-03-25,90.913,90.923,90.853,90.863,21645.0,199906.0,208331.0
1999-03-26,90.873,90.933,90.863,90.903,27304.0,199906.0,208315.0
1999-03-29,90.923,90.923,90.893,90.903,5951.0,199906.0,175758.0
1999-03-30,90.893,90.923,90.863,90.923,26582.0,199906.0,186162.0
1999-03-31,90.923,90.993,90.923,90.973,38307.0,199906.0,202822.0
1999-04-01,90.993,91.033,90.953,91.033,27659.0,199906.0,205080.0
1999-04-02,91.033,91.093,91.023,91.093,6441.0,199906.0,205080.0
1999-04-05,91.083,91.113,91.073,91.073,6787.0,199906.0,197214.0
1999-04-06,91.083,91.103,91.063,91.093,16734.0,199906.0,189121.0
1999-04-07,91.083,91.093,91.063,91.093,16294.0,199906.0,185533.0
1999-04-08,91.103,91.213,91.103,91.203,40499.0,199906.0,203651.0
1999-04-09,91.203,91.233,91.173,91.183,20319.0,199906.0,202687.0
1999-04-12,91.203,91.223,91.193,91.193,11153.0,199906.0,203052.0
1999-04-13,91.193,91.213,91.193,91.203,17048.0,199906.0,203936.0
1999-04-14,91.213,91.243,91.213,91.233,17130.0,199906.0,210837.0
1999-04-15,91.213,91.213,91.163,91.183,20386.0,199906.0,213904.0
1999-04-16,91.203,91.233,91.133,91.203,28494.0,199906.0,219481.0
1999-04-19,91.203,91.203,91.173,91.193,11452.0,199906.0,219917.0
1999-04-20,91.203,91.213,91.093,91.103,32288.0,199906.0,220519.0
1999-04-21,91.033,91.043,91.003,91.023,37791.0,199906.0,222981.0
1999-04-22,91.033,91.033,91.003,91.003,18051.0,199906.0,218826.0
1999-04-23,91.013,91.043,91.013,91.033,10494.0,199906.0,214363.0
1999-04-26,91.033,91.053,91.003,91.043,14555.0,199906.0,216639.0
1999-04-27,91.033,91.043,91.013,91.023,18856.0,199906.0,213943.0
1999-04-28,91.013,91.023,91.013,91.013,11793.0,199906.0,207920.0
1999-04-29,91.033,91.123,91.033,91.103,26708.0,199906.0,220376.0
1999-04-30,91.133,91.143,91.043,91.043,39540.0,199906.0,227951.0
1999-05-03,91.043,91.093,91.013,91.083,16028.0,199906.0,223465.0
1999-05-04,91.103,91.233,91.103,91.213,41034.0,199906.0,229577.0
1999-05-05,91.213,91.323,91.213,91.323,43709.0,199906.0,238089.0
1999-05-06,91.333,91.353,91.213,91.223,58102.0,199906.0,247438.0
1999-05-07,91.213,91.283,91.203,91.233,22971.0,199906.0,237781.0
1999-05-10,91.233,91.243,91.223,91.243,17457.0,199906.0,231871.0
1999-05-11,91.253,91.273,91.243,91.253,26496.0,199906.0,235036.0
1999-05-12,91.253,91.273,91.233,91.253,18517.0,199906.0,231820.0
1999-05-13,91.253,91.293,91.253,91.283,27319.0,199906.0,232875.0
1999-05-14,91.303,91.303,91.153,91.153,55960.0,199906.0,257024.0
1999-05-17,91.133,91.133,91.103,91.123,51132.0,199906.0,253369.0
1999-05-18,91.123,91.163,91.093,91.113,29903.0,199906.0,253925.0
1999-05-19,91.123,91.123,91.093,91.103,30235.0,199906.0,238259.0
1999-05-20,91.093,91.103,91.083,91.093,29038.0,199906.0,230535.0
1999-05-21,91.093,91.093,91.023,91.043,36564.0,199906.0,240427.0
1999-05-25,91.063,91.063,91.023,91.023,33436.0,199906.0,234735.0
1999-05-26,91.033,91.033,90.963,90.973,56196.0,199906.0,241555.0
1999-05-27,90.983,91.003,90.863,90.893,62324.0,199906.0,256422.0
1999-05-28,90.903,90.963,90.843,90.943,42657.0,199906.0,244587.0
1999-05-31,90.963,90.963,90.933,90.953,2418.0,199906.0,223480.0
1999-06-01,90.923,90.923,90.843,90.863,43749.0,199906.0,244062.0
1999-06-02,90.863,90.923,90.853,90.903,38993.0,199906.0,246545.0
1999-06-03,90.923,90.953,90.913,90.923,30156.0,199906.0,240537.0
1999-06-04,90.923,90.993,90.923,90.943,36108.0,199906.0,242144.0
1999-06-07,90.953,90.953,90.933,90.943,10935.0,199906.0,227969.0
1999-06-08,90.953,90.953,90.933,90.933,18506.0,199906.0,224529.0
1999-06-09,90.943,90.943,90.893,90.923,46210.0,199906.0,244824.0
1999-06-10,90.903,90.933,90.893,90.923,33186.0,199906.0,252488.0
1999-06-11,90.923,90.943,90.913,90.933,26431.0,199906.0,232820.0
1999-06-14,90.943,91.003,90.943,90.943,15535.0,199909.0,175646.0
1999-06-15,90.933,90.983,90.933,90.963,21268.0,199909.0,187845.0
1999-06-16,90.973,91.073,90.973,91.043,41581.0,199909.0,190683.0
1999-06-17,91.053,91.173,91.043,91.153,35523.0,199909.0,178944.0
1999-06-18,91.153,91.153,91.123,91.133,17026.0,199909.0,171992.0
1999-06-21,91.143,91.163,91.083,91.113,14662.0,199909.0,163660.0
1999-06-22,91.103,91.103,91.033,91.033,22055.0,199909.0,165502.0
1999-06-23,91.013,91.013,90.903,90.943,35218.0,199909.0,181757.0
1999-06-24,90.963,90.973,90.903,90.923,17275.0,199909.0,178400.0
1999-06-25,90.953,90.983,90.953,90.963,14562.0,199909.0,172766.0
1999-06-28,90.953,90.993,90.943,90.993,9484.0,199909.0,172766.0
1999-06-29,90.983,90.983,90.943,90.953,14028.0,199909.0,169467.0
1999-06-30,90.943,91.193,90.913,91.183,31301.0,199909.0,185257.0
1999-07-02,91.173,91.223,91.113,91.223,24153.0,199909.0,188154.0
1999-07-05,91.213,91.233,91.203,91.223,3415.0,199909.0,174157.0
1999-07-06,91.183,91.183,91.133,91.163,24288.0,199909.0,184007.0
1999-07-07,91.153,91.153,91.123,91.153,16658.0,199909.0,182600.0
1999-07-08,91.153,91.183,91.093,91.183,20567.0,199909.0,183278.0
1999-07-09,91.193,91.213,91.173,91.203,21037.0,199909.0,185107.0
1999-07-12,91.183,91.223,91.153,91.203,14177.0,199909.0,184868.0
1999-07-13,91.203,91.233,91.183,91.203,17520.0,199909.0,184938.0
1999-07-14,91.193,91.223,91.173,91.213,12798.0,199909.0,180396.0
1999-07-15,91.203,91.253,91.203,91.253,19100.0,199909.0,185510.0
1999-07-16,91.253,91.283,91.253,91.273,13219.0,199909.0,190275.0
1999-07-19,91.273,91.273,91.203,91.223,19609.0,199909.0,194142.0
1999-07-20,91.203,91.253,91.173,91.243,28514.0,199909.0,190208.0
1999-07-21,91.223,91.223,91.133,91.183,32645.0,199909.0,200768.0
1999-07-22,91.153,91.183,91.013,91.013,37516.0,199909.0,215227.0
1999-07-23,91.013,91.013,90.953,90.973,32472.0,199909.0,222363.0
1999-07-26,90.973,90.973,90.873,90.883,45401.0,199909.0,207661.0
1999-07-27,90.913,90.933,90.893,90.903,22619.0,199909.0,203163.0
1999-07-28,90.883,91.003,90.883,90.983,18484.0,199909.0,202381.0
1999-07-29,90.973,91.033,90.893,90.983,32051.0,199909.0,211458.0
1999-07-30,90.993,91.033,90.943,91.013,23610.0,199909.0,215577.0
1999-08-03,90.983,91.083,90.983,91.063,33761.0,199909.0,224716.0
1999-08-04,91.073,91.103,91.043,91.083,21493.0,199909.0,223461.0
1999-08-05,91.063,91.113,91.053,91.073,31170.0,199909.0,228785.0
1999-08-06,91.063,91.063,90.943,90.953,21036.0,199909.0,234177.0
1999-08-09,90.943,90.953,90.833,90.873,28854.0,199909.0,240493.0
1999-08-10,90.863,90.913,90.843,90.883,27648.0,199909.0,220422.0
1999-08-11,90.923,90.983,90.923,90.973,24279.0,199909.0,225249.0
1999-08-12,90.983,91.013,90.923,90.923,20248.0,199909.0,225645.0
1999-08-13,90.943,91.023,90.903,91.023,21789.0,199909.0,229608.0
1999-08-16,91.003,91.073,91.003,91.063,28947.0,199909.0,231462.0
1999-08-17,91.043,91.143,91.043,91.123,33775.0,199909.0,222573.0
1999-08-18,91.123,91.133,91.073,91.133,18710.0,199909.0,216021.0
1999-08-19,91.103,91.153,91.083,91.113,34612.0,199909.0,219037.0
1999-08-20,91.093,91.133,91.093,91.133,19782.0,199909.0,216162.0
1999-08-23,91.133,91.143,91.113,91.113,21073.0,199909.0,206524.0
1999-08-24,91.103,91.203,91.103,91.193,36155.0,199909.0,217990.0
1999-08-25,91.223,91.243,91.213,91.233,43030.0,199909.0,222692.0
1999-08-26,91.203,91.213,91.163,91.203,33699.0,199909.0,231167.0
1999-08-27,91.193,91.213,91.183,91.203,15068.0,199909.0,217884.0
1999-08-30,91.203,91.213,91.193,91.193,14830.0,199909.0,214509.0
1999-08-31,91.193,91.213,91.163,91.183,42759.0,199909.0,226004.0
1999-09-01,91.193,91.203,91.153,91.183,24513.0,199909.0,223969.0
1999-09-02,91.193,91.203,91.173,91.193,23441.0,199909.0,230013.0
1999-09-03,91.183,91.273,91.183,91.263,30063.0,199909.0,237480.0
1999-09-07,91.253,91.263,91.243,91.243,21550.0,199909.0,238273.0
1999-09-08,91.253,91.283,91.223,91.263,47161.0,199909.0,257302.0
1999-09-09,91.253,91.293,91.253,91.273,25477.0,199909.0,235272.0
1999-09-10,91.293,91.313,91.283,91.303,33800.0,199909.0,246911.0
1999-09-13,91.273,91.323,91.273,91.313,16504.0,199912.0,176824.0
1999-09-14,91.333,91.333,91.223,91.243,28181.0,199912.0,180144.0
1999-09-15,91.233,91.333,91.233,91.283,27096.0,199912.0,189855.0
1999-09-16,91.303,91.323,91.293,91.303,17907.0,199912.0,187285.0
1999-09-17,91.313,91.393,91.313,91.333,14293.0,199912.0,165112.0
1999-09-20,91.323,91.353,91.303,91.313,12791.0,199912.0,167703.0
1999-09-21,91.293,91.363,91.283,91.343,25099.0,199912.0,174399.0
1999-09-22,91.353,91.383,91.353,91.353,16781.0,199912.0,168016.0
1999-09-23,91.333,91.383,91.323,91.373,25615.0,199912.0,175726.0
1999-09-24,91.403,91.483,91.403,91.473,28741.0,199912.0,179160.0
1999-09-27,91.453,91.453,91.413,91.413,18116.0,199912.0,177728.0
1999-09-28,91.443,91.463,91.363,91.393,28462.0,199912.0,185518.0
1999-09-29,91.383,91.383,91.333,91.353,23250.0,199912.0,185378.0
1999-09-30,91.353,91.403,91.333,91.373,18433.0,199912.0,184958.0
1999-10-01,91.353,91.353,91.223,91.263,36074.0,199912.0,198951.0
1999-10-04,91.273,91.313,91.263,91.313,15901.0,199912.0,192377.0
1999-10-05,91.333,91.333,91.263,91.283,27114.0,199912.0,201953.0
1999-10-06,91.293,91.323,91.273,91.303,27701.0,199912.0,205634.0
1999-10-07,91.293,91.363,91.293,91.353,28866.0,199912.0,205634.0
1999-10-08,91.353,91.363,91.323,91.333,22914.0,199912.0,196539.0
1999-10-12,91.323,91.323,91.253,91.273,31806.0,199912.0,205464.0
1999-10-13,91.283,91.283,91.123,91.143,48020.0,199912.0,207769.0
1999-10-14,91.153,91.173,91.083,91.153,42697.0,199912.0,206445.0
1999-10-15,91.163,91.183,91.033,91.183,42957.0,199912.0,204586.0
1999-10-18,91.163,91.183,91.103,91.123,27597.0,199912.0,208075.0
1999-10-19,91.103,91.153,91.023,91.033,29107.0,199912.0,204110.0
1999-10-20,91.043,91.093,91.003,91.083,24952.0,199912.0,200880.0
1999-10-21,91.103,91.183,91.103,91.133,21794.0,199912.0,200793.0
1999-10-22,91.163,91.233,91.163,91.173,19496.0,199912.0,206512.0
1999-10-25,91.163,91.173,91.113,91.173,12151.0,199912.0,206678.0
1999-10-26,91.193,91.193,91.083,91.093,20918.0,199912.0,209676.0
1999-10-27,91.113,91.133,91.083,91.113,26719.0,199912.0,207813.0
1999-10-28,91.123,91.213,91.123,91.163,34281.0,199912.0,218939.0
1999-10-29,91.213,91.353,91.213,91.303,42187.0,199912.0,230850.0
1999-11-01,91.273,91.353,91.263,91.343,23628.0,199912.0,232808.0
1999-11-02,91.343,91.373,91.273,91.333,26886.0,199912.0,230042.0
1999-11-03,91.303,91.323,91.263,91.273,21910.0,199912.0,237222.0
1999-11-04,91.303,91.373,91.303,91.333,25915.0,199912.0,233305.0
1999-11-05,91.303,91.363,91.273,91.313,29663.0,199912.0,233862.0
1999-11-08,91.303,91.303,91.273,91.273,11455.0,199912.0,224820.0
1999-11-09,91.263,91.273,91.243,91.243,22798.0,199912.0,229099.0
1999-11-10,91.253,91.293,91.233,91.263,31710.0,199912.0,223253.0
1999-11-12,91.293,91.333,91.283,91.323,19393.0,199912.0,227026.0
1999-11-15,91.323,91.363,91.323,91.343,27658.0,199912.0,237685.0
1999-11-16,91.363,91.373,91.273,91.283,28605.0,199912.0,241758.0
1999-11-17,91.253,91.353,91.243,91.353,33373.0,199912.0,255067.0
1999-11-18,91.343,91.383,91.333,91.373,18474.0,199912.0,241543.0
1999-11-19,91.383,91.443,91.383,91.443,26051.0,199912.0,250425.0
1999-11-22,91.423,91.433,91.413,91.433,13223.0,199912.0,242136.0
1999-11-23,91.423,91.433,91.403,91.423,20250.0,199912.0,239723.0
1999-11-24,91.403,91.453,91.403,91.453,23143.0,199912.0,236975.0
1999-11-25,91.453,91.473,91.443,91.463,2700.0,199912.0,235440.0
1999-11-26,91.453,91.453,91.443,91.453,7069.0,199912.0,238118.0
1999-11-29,91.443,91.443,91.413,91.413,33035.0,199912.0,251478.0
1999-11-30,91.423,91.453,91.413,91.433,25282.0,199912.0,252511.0
1999-12-01,91.433,91.453,91.423,91.453,22149.0,199912.0,255804.0
1999-12-02,91.443,91.473,91.433,91.473,17099.0,199912.0,248617.0
1999-12-03,91.463,91.493,91.443,91.473,23486.0,199912.0,252281.0
1999-12-06,91.473,91.473,91.453,91.463,12236.0,199912.0,252140.0
1999-12-07,91.473,91.473,91.463,91.463,18943.0,199912.0,244507.0
1999-12-08,91.463,91.473,91.463,91.463,24009.0,199912.0,252857.0
1999-12-09,91.473,91.473,91.463,91.473,12252.0,199912.0,250509.0
1999-12-10,91.473,91.483,91.463,91.463,23533.0,199912.0,259111.0
1999-12-13,91.443,91.483,91.443,91.453,7712.0,200003.0,193857.0
1999-12-14,91.443,91.453,91.363,91.393,19096.0,200003.0,202423.0
1999-12-15,91.373,91.373,91.253,91.253,33440.0,200003.0,211884.0
1999-12-16,91.263,91.293,91.203,91.263,24474.0,200003.0,211884.0
1999-12-17,91.263,91.373,91.263,91.293,17961.0,200003.0,220871.0
1999-12-20,91.303,91.313,91.273,91.293,9973.0,200003.0,214132.0
1999-12-21,91.293,91.393,91.283,91.303,8674.0,200003.0,212217.0
1999-12-22,91.283,91.333,91.263,91.313,5763.0,200003.0,211005.0
1999-12-23,91.333,91.373,91.333,91.363,9499.0,200003.0,210743.0
1999-12-24,91.363,91.383,91.363,91.363,855.0,200003.0,209634.0
1999-12-29,91.393,91.493,91.383,91.483,13435.0,200003.0,216925.0
1999-12-30,91.473,91.483,91.443,91.473,9052.0,200003.0,213515.0
1999-12-31,91.473,91.483,91.423,91.453,4664.0,200003.0,210192.0
2000-01-04,91.403,91.403,91.313,91.393,31287.0,200003.0,217233.0
2000-01-05,91.393,91.393,91.263,91.283,44223.0,200003.0,223381.0
2000-01-06,91.303,91.323,91.283,91.313,26993.0,200003.0,227818.0
2000-01-07,91.293,91.363,91.223,91.353,27372.0,200003.0,238229.0
2000-01-10,91.363,91.363,91.333,91.343,12480.0,200003.0,217516.0
2000-01-11,91.333,91.333,91.293,91.313,19958.0,200003.0,221763.0
2000-01-12,91.303,91.333,91.303,91.323,23510.0,200003.0,222485.0
2000-01-13,91.333,91.373,91.323,91.363,30571.0,200003.0,231693.0
2000-01-14,91.353,91.413,91.343,91.353,28836.0,200003.0,237891.0
2000-01-17,91.343,91.353,91.343,91.343,1219.0,200003.0,223598.0
2000-01-18,91.353,91.353,91.293,91.303,30179.0,200003.0,237374.0
2000-01-19,91.313,91.323,91.303,91.303,19426.0,200003.0,240500.0
2000-01-20,91.293,91.323,91.263,91.293,27566.0,200003.0,247975.0
2000-01-21,91.303,91.373,91.303,91.353,28331.0,200003.0,258474.0
2000-01-24,91.343,91.413,91.343,91.413,27907.0,200003.0,257398.0
2000-01-25,91.403,91.423,91.393,91.403,39738.0,200003.0,264832.0
2000-01-26,91.403,91.443,91.403,91.423,32847.0,200003.0,269672.0
2000-01-27,91.433,91.433,91.383,91.413,33987.0,200003.0,268367.0
2000-01-28,91.413,91.413,91.343,91.373,43236.0,200003.0,279677.0
2000-01-31,91.363,91.363,91.303,91.323,33294.0,200003.0,282066.0
2000-02-01,91.333,91.353,91.323,91.323,30335.0,200003.0,284631.0
2000-02-02,91.323,91.343,91.283,91.343,36758.0,200003.0,287159.0
2000-02-03,91.373,91.463,91.353,91.393,40437.0,200003.0,296876.0
2000-02-04,91.393,91.393,91.363,91.383,26597.0,200003.0,292779.0
2000-02-07,91.373,91.413,91.373,91.413,17883.0,200003.0,290285.0
2000-02-08,91.403,91.443,91.403,91.433,21164.0,200003.0,293088.0
2000-02-09,91.443,91.443,91.423,91.443,21998.0,200003.0,281256.0
2000-02-10,91.443,91.453,91.433,91.443,18832.0,200003.0,284164.0
2000-02-11,91.443,91.453,91.423,91.443,14481.0,200003.0,285048.0
2000-02-14,91.443,91.473,91.443,91.463,29709.0,200003.0,289681.0
2000-02-15,91.453,91.453,91.423,91.423,26240.0,200003.0,297506.0
2000-02-16,91.413,91.443,91.403,91.433,14597.0,200003.0,298138.0
2000-02-17,91.443,91.463,91.403,91.423,34729.0,200003.0,305388.0
2000-02-18,91.423,91.443,91.413,91.433,19505.0,200003.0,305113.0
2000-02-21,91.443,91.453,91.443,91.443,9298.0,200003.0,290429.0
2000-02-22,91.433,91.473,91.433,91.473,31393.0,200003.0,299542.0
2000-02-23,91.453,91.453,91.443,91.443,24452.0,200003.0,300058.0
2000-02-24,91.493,91.543,91.493,91.523,69296.0,200003.0,316887.0
2000-02-25,91.503,91.533,91.493,91.523,41727.0,200003.0,324241.0
2000-02-28,91.523,91.523,91.483,91.493,28587.0,200003.0,318346.0
2000-02-29,91.463,91.473,91.463,91.463,25847.0,200003.0,315782.0
2000-03-01,91.493,91.503,91.483,91.493,20646.0,200003.0,309165.0
2000-03-02,91.493,91.503,91.483,91.493,16995.0,200003.0,306278.0
2000-03-03,91.493,91.523,91.493,91.513,28303.0,200003.0,316922.0
2000-03-06,91.503,91.503,91.483,91.483,15592.0,200003.0,313923.0
2000-03-07,91.483,91.503,91.473,91.483,27487.0,200003.0,316967.0
2000-03-08,91.473,91.483,91.463,91.463,32549.0,200003.0,308138.0
2000-03-09,91.463,91.473,91.453,91.453,18576.0,200003.0,304333.0
2000-03-10,91.463,91.463,91.433,91.443,30851.0,200003.0,310219.0
2000-03-13,91.493,91.513,91.433,91.443,35635.0,200006.0,221773.0
2000-03-14,91.433,91.463,91.393,91.463,19458.0,200006.0,217588.0
2000-03-15,91.463,91.473,91.413,91.423,20282.0,200006.0,223041.0
2000-03-16,91.413,91.413,91.383,91.413,19888.0,200006.0,224940.0
2000-03-17,91.403,91.423,91.393,91.413,11089.0,200006.0,224527.0
2000-03-20,91.403,91.413,91.393,91.413,7079.0,200006.0,216501.0
2000-03-21,91.403,91.433,91.403,91.423,14301.0,200006.0,222206.0
2000-03-22,91.433,91.463,91.433,91.453,21023.0,200006.0,227461.0
2000-03-23,91.463,91.493,91.413,91.413,29480.0,200006.0,240841.0
2000-03-24,91.413,91.413,91.313,91.323,37632.0,200006.0,251046.0
2000-03-27,91.313,91.343,91.303,91.333,16215.0,200006.0,248435.0
2000-03-28,91.333,91.373,91.333,91.333,17988.0,200006.0,243940.0
2000-03-29,91.353,91.363,91.323,91.323,11463.0,200006.0,239227.0
2000-03-30,91.353,91.383,91.343,91.383,15781.0,200006.0,240236.0
2000-03-31,91.373,91.383,91.353,91.353,15629.0,200006.0,242962.0
2000-04-03,91.353,91.373,91.333,91.353,13884.0,200006.0,242950.0
2000-04-04,91.333,91.543,91.333,91.473,46768.0,200006.0,260245.0
2000-04-05,91.443,91.483,91.393,91.403,38720.0,200006.0,269851.0
2000-04-06,91.413,91.433,91.373,91.403,28829.0,200006.0,272793.0
2000-04-07,91.413,91.413,91.363,91.393,19409.0,200006.0,258546.0
2000-04-10,91.403,91.413,91.393,91.413,8718.0,200006.0,256279.0
2000-04-11,91.423,91.453,91.393,91.403,28610.0,200006.0,263131.0
2000-04-12,91.403,91.413,91.393,91.403,16923.0,200006.0,266117.0
2000-04-13,91.403,91.413,91.363,91.403,19535.0,200006.0,267903.0
2000-04-14,91.403,91.433,91.363,91.423,21933.0,200006.0,270226.0
2000-04-17,91.423,91.433,91.393,91.403,16997.0,200006.0,268780.0
2000-04-18,91.403,91.403,91.393,91.393,10200.0,200006.0,268909.0
2000-04-19,91.383,91.403,91.383,91.393,14961.0,200006.0,268792.0
2000-04-20,91.383,91.393,91.353,91.353,10811.0,200006.0,262320.0
2000-04-24,91.353,91.363,91.313,91.323,10321.0,200006.0,261048.0
2000-04-25,91.323,91.323,91.263,91.283,25661.0,200006.0,266633.0
2000-04-26,91.283,91.293,91.263,91.263,17045.0,200006.0,261991.0
2000-04-27,91.263,91.263,91.183,91.183,45748.0,200006.0,269315.0
2000-04-28,91.193,91.243,91.163,91.183,33058.0,200006.0,276185.0
2000-05-01,91.183,91.193,91.173,91.183,9306.0,200006.0,257193.0
2000-05-02,91.183,91.233,91.183,91.203,26759.0,200006.0,255649.0
2000-05-03,91.213,91.213,91.143,91.163,27338.0,200006.0,259624.0
2000-05-04,91.173,91.203,91.143,91.173,38647.0,200006.0,265107.0
2000-05-05,91.183,91.223,91.173,91.173,29696.0,200006.0,270322.0
2000-05-08,91.183,91.193,91.153,91.153,10918.0,200006.0,258214.0
2000-05-09,91.163,91.173,91.113,91.153,25792.0,200006.0,261899.0
2000-05-10,91.153,91.193,91.153,91.173,21181.0,200006.0,242190.0
2000-05-11,91.183,91.193,91.123,91.143,29128.0,200006.0,243253.0
2000-05-12,91.133,91.133,91.083,91.093,24051.0,200006.0,240839.0
2000-05-15,91.083,91.113,91.083,91.103,12026.0,200006.0,239075.0
2000-05-16,91.123,91.133,91.053,91.073,18704.0,200006.0,225595.0
2000-05-17,91.063,91.063,91.003,91.033,29890.0,200006.0,224739.0
2000-05-18,91.083,91.083,91.033,91.043,21685.0,200006.0,212671.0
2000-05-19,91.053,91.103,91.053,91.093,18737.0,200006.0,210691.0
2000-05-23,91.113,91.113,91.093,91.103,18648.0,200006.0,206252.0
2000-05-24,91.093,91.103,91.083,91.083,16916.0,200006.0,205723.0
2000-05-25,91.063,91.103,91.053,91.103,18765.0,200006.0,204100.0
2000-05-26,91.093,91.113,91.093,91.113,23031.0,200006.0,210970.0
2000-05-29,91.113,91.123,91.093,91.113,4395.0,200006.0,206679.0
2000-05-30,91.103,91.103,91.083,91.093,18428.0,200006.0,213728.0
2000-05-31,91.093,91.113,91.083,91.103,21695.0,200006.0,210661.0
2000-06-01,91.113,91.153,91.103,91.143,34393.0,200006.0,219033.0
2000-06-02,91.143,91.223,91.133,91.213,46522.0,200006.0,237128.0
2000-06-05,91.233,91.243,91.213,91.233,22319.0,200006.0,222697.0
2000-06-06,91.223,91.223,91.213,91.223,22549.0,200006.0,206082.0
2000-06-07,91.213,91.223,91.203,91.223,18329.0,200006.0,191657.0
2000-06-08,91.213,91.213,91.173,91.193,21132.0,200006.0,193331.0
2000-06-09,91.183,91.183,91.173,91.173,15728.0,200006.0,195065.0
2000-06-12,91.173,91.183,91.173,91.183,19428.0,200006.0,199602.0
2000-06-13,91.183,91.223,91.183,91.213,39226.0,200006.0,207692.0
2000-06-14,91.213,91.233,91.213,91.223,27529.0,200006.0,202967.0
2000-06-15,91.213,91.223,91.213,91.223,20361.0,200006.0,203393.0
2000-06-16,91.233,91.263,91.233,91.253,23522.0,200006.0,208116.0
2000-06-19,91.243,91.263,91.233,91.243,11376.0,200009.0,165723.0
2000-06-20,91.223,91.233,91.193,91.193,14866.0,200009.0,166409.0
2000-06-21,91.183,91.193,91.153,91.173,20222.0,200009.0,168018.0
2000-06-22,91.163,91.193,91.163,91.193,14560.0,200009.0,166906.0
2000-06-23,91.203,91.213,91.173,91.183,8970.0,200009.0,165795.0
2000-06-26,91.183,91.203,91.183,91.203,6477.0,200009.0,163466.0
2000-06-27,91.203,91.223,91.203,91.223,8203.0,200009.0,167162.0
2000-06-28,91.233,91.243,91.213,91.243,11439.0,200009.0,153754.0
2000-06-29,91.243,91.293,91.243,91.293,17424.0,200009.0,160719.0
2000-06-30,91.293,91.303,91.273,91.283,9325.0,200009.0,159087.0
2000-07-04,91.353,91.353,91.303,91.343,9690.0,200009.0,158432.0
2000-07-05,91.333,91.383,91.333,91.343,24073.0,200009.0,170156.0
2000-07-06,91.333,91.353,91.313,91.343,14191.0,200009.0,166222.0
2000-07-07,91.353,91.403,91.353,91.393,18710.0,200009.0,172080.0
2000-07-10,91.373,91.383,91.363,91.383,7198.0,200009.0,167475.0
2000-07-11,91.373,91.383,91.363,91.383,9887.0,200009.0,168665.0
2000-07-12,91.373,91.373,91.363,91.373,7056.0,200009.0,164075.0
2000-07-13,91.363,91.373,91.363,91.373,6490.0,200009.0,164162.0
2000-07-14,91.383,91.393,91.333,91.343,18936.0,200009.0,171590.0
2000-07-17,91.343,91.343,91.323,91.333,11816.0,200009.0,171447.0
2000-07-18,91.333,91.343,91.323,91.323,12603.0,200009.0,170559.0
2000-07-19,91.313,91.313,91.303,91.313,15628.0,200009.0,170526.0
2000-07-20,91.313,91.383,91.313,91.383,33055.0,200009.0,182695.0
2000-07-21,91.373,91.383,91.373,91.373,16639.0,200009.0,179700.0
2000-07-24,91.363,91.363,91.353,91.353,5505.0,200009.0,167704.0
2000-07-25,91.363,91.373,91.343,91.353,11779.0,200009.0,166412.0
2000-07-26,91.353,91.363,91.343,91.353,8654.0,200009.0,165796.0
2000-07-27,91.353,91.363,91.333,91.353,19534.0,200009.0,170852.0
2000-07-28,91.343,91.353,91.323,91.333,23661.0,200009.0,175206.0
2000-07-31,91.323,91.323,91.303,91.303,12844.0,200009.0,171932.0
2000-08-01,91.313,91.333,91.303,91.323,25400.0,200009.0,177357.0
2000-08-02,91.333,91.363,91.323,91.343,24793.0,200009.0,180097.0
2000-08-03,91.353,91.383,91.353,91.373,25650.0,200009.0,180259.0
2000-08-04,91.383,91.423,91.383,91.413,37567.0,200009.0,194993.0
2000-08-08,91.393,91.423,91.393,91.413,14739.0,200009.0,188879.0
2000-08-09,91.403,91.413,91.403,91.403,14792.0,200009.0,184686.0
2000-08-10,91.413,91.423,91.403,91.413,9677.0,200009.0,185660.0
2000-08-11,91.413,91.413,91.383,91.393,20548.0,200009.0,192095.0
2000-08-14,91.383,91.393,91.383,91.393,10026.0,200009.0,189286.0
2000-08-15,91.383,91.393,91.373,91.383,7525.0,200009.0,186486.0
2000-08-16,91.383,91.393,91.373,91.383,17252.0,200009.0,191063.0
2000-08-17,91.373,91.383,91.363,91.383,14161.0,200009.0,192883.0
2000-08-18,91.383,91.393,91.373,91.383,8625.0,200009.0,186007.0
2000-08-21,91.383,91.383,91.383,91.383,3595.0,200009.0,181939.0
2000-08-22,91.383,91.383,91.373,91.383,9569.0,200009.0,181685.0
2000-08-23,91.383,91.393,91.383,91.393,11329.0,200009.0,182756.0
2000-08-24,91.403,91.403,91.393,91.403,11142.0,200009.0,185003.0
2000-08-25,91.393,91.393,91.383,91.383,9312.0,200009.0,182710.0
2000-08-28,91.383,91.383,91.373,91.373,13576.0,200009.0,183355.0
2000-08-29,91.373,91.383,91.363,91.373,14068.0,200009.0,185779.0
2000-08-30,91.373,91.383,91.373,91.383,11921.0,200009.0,186964.0
2000-08-31,91.393,91.403,91.383,91.403,20948.0,200009.0,193062.0
2000-09-01,91.403,91.423,91.393,91.413,27963.0,200009.0,199242.0
2000-09-05,91.413,91.413,91.403,91.413,12865.0,200009.0,193956.0
2000-09-06,91.413,91.413,91.403,91.413,13075.0,200009.0,196130.0
2000-09-07,91.403,91.413,91.403,91.403,14858.0,200009.0,192076.0
2000-09-08,91.413,91.413,91.403,91.413,10243.0,200009.0,191614.0
2000-09-11,91.403,91.403,91.393,91.403,8157.0,200009.0,191614.0
2000-09-12,91.393,91.403,91.393,91.403,20972.0,200009.0,191614.0
2000-09-13,91.403,91.413,91.403,91.413,25397.0,200009.0,203106.0
2000-09-14,91.413,91.413,91.413,91.413,31525.0,200009.0,204437.0
2000-09-15,91.413,91.413,91.393,91.393,23690.0,200009.0,207124.0
2000-09-18,91.393,91.423,91.383,91.413,15858.0,200012.0,157979.0
2000-09-19,91.433,91.443,91.403,91.403,19883.0,200012.0,159951.0
2000-09-20,91.403,91.433,91.383,91.393,19380.0,200012.0,158165.0
2000-09-21,91.413,91.413,91.383,91.403,14005.0,200012.0,155709.0
2000-09-22,91.443,91.463,91.433,91.433,25044.0,200012.0,161921.0
2000-09-25,91.413,91.413,91.403,91.403,9625.0,200012.0,159287.0
2000-09-26,91.403,91.413,91.393,91.413,8476.0,200012.0,157490.0
2000-09-27,91.403,91.403,91.363,91.393,16531.0,200012.0,160897.0
2000-09-28,91.393,91.393,91.363,91.373,14214.0,200012.0,163169.0
2000-09-29,91.383,91.403,91.383,91.393,18053.0,200012.0,168061.0
2000-10-02,91.383,91.393,91.383,91.383,7480.0,200012.0,165696.0
2000-10-03,91.373,91.393,91.373,91.373,11812.0,200012.0,167695.0
2000-10-04,91.373,91.393,91.373,91.373,12653.0,200012.0,168211.0
2000-10-05,91.363,91.373,91.353,91.353,16421.0,200012.0,167901.0
2000-10-06,91.353,91.353,91.333,91.343,22854.0,200012.0,177817.0
2000-10-10,91.343,91.343,91.333,91.343,11371.0,200012.0,165947.0
2000-10-11,91.353,91.373,91.353,91.353,12013.0,200012.0,159389.0
2000-10-12,91.353,91.433,91.343,91.413,33475.0,200012.0,172150.0
2000-10-13,91.423,91.433,91.393,91.413,14398.0,200012.0,172579.0
2000-10-16,91.383,91.403,91.383,91.393,11921.0,200012.0,166512.0
2000-10-17,91.393,91.413,91.373,91.413,20670.0,200012.0,170434.0
2000-10-18,91.423,91.483,91.423,91.443,39442.0,200012.0,180767.0
2000-10-19,91.423,91.443,91.413,91.423,21450.0,200012.0,179810.0
2000-10-20,91.423,91.433,91.413,91.413,9631.0,200012.0,173293.0
2000-10-23,91.413,91.423,91.413,91.423,3965.0,200012.0,170871.0
2000-10-24,91.413,91.413,91.393,91.393,16873.0,200012.0,176090.0
2000-10-25,91.413,91.423,91.383,91.383,16210.0,200012.0,178345.0
2000-10-26,91.373,91.383,91.353,91.353,24302.0,200012.0,177122.0
2000-10-27,91.353,91.363,91.313,91.323,33310.0,200012.0,186473.0
2000-10-30,91.323,91.333,91.323,91.323,11007.0,200012.0,177036.0
2000-10-31,91.323,91.343,91.323,91.323,11192.0,200012.0,165150.0
2000-11-01,91.333,91.343,91.323,91.333,15584.0,200012.0,164761.0
2000-11-02,91.323,91.323,91.283,91.293,32199.0,200012.0,165382.0
2000-11-03,91.313,91.323,91.273,91.273,14841.0,200012.0,160476.0
2000-11-06,91.283,91.283,91.263,91.273,11800.0,200012.0,157691.0
2000-11-07,91.273,91.293,91.273,91.283,9687.0,200012.0,153842.0
2000-11-08,91.273,91.273,91.233,91.243,19351.0,200012.0,159142.0
2000-11-09,91.253,91.263,91.233,91.233,23759.0,200012.0,166415.0
2000-11-10,91.233,91.233,91.213,91.223,25235.0,200012.0,167619.0
2000-11-14,91.233,91.263,91.233,91.253,20026.0,200012.0,177176.0
2000-11-15,91.253,91.263,91.243,91.253,17884.0,200012.0,174339.0
2000-11-16,91.263,91.273,91.253,91.273,15220.0,200012.0,172883.0
2000-11-17,91.263,91.263,91.213,91.223,23691.0,200012.0,181734.0
2000-11-20,91.233,91.243,91.213,91.233,11498.0,200012.0,177595.0
2000-11-21,91.223,91.293,91.223,91.263,18836.0,200012.0,179253.0
2000-11-22,91.263,91.293,91.263,91.283,20955.0,200012.0,175656.0
2000-11-23,91.283,91.293,91.283,91.293,7165.0,200012.0,171520.0
2000-11-24,91.283,91.303,91.283,91.303,14081.0,200012.0,170080.0
2000-11-27,91.293,91.323,91.293,91.313,26747.0,200012.0,173228.0
2000-11-28,91.343,91.353,91.333,91.333,38676.0,200012.0,182539.0
2000-11-29,91.353,91.363,91.333,91.353,47088.0,200012.0,183998.0
2000-11-30,91.373,91.393,91.363,91.373,80715.0,200012.0,204966.0
2000-12-01,91.363,91.373,91.353,91.353,19480.0,200012.0,187556.0
2000-12-04,91.363,91.373,91.363,91.373,12550.0,200012.0,182467.0
2000-12-05,91.363,91.403,91.363,91.393,26603.0,200012.0,182929.0
2000-12-06,91.413,91.423,91.403,91.423,20929.0,200012.0,183886.0
2000-12-07,91.423,91.433,91.413,91.423,20128.0,200012.0,183277.0
2000-12-08,91.433,91.433,91.423,91.423,12288.0,200012.0,179598.0
2000-12-11,91.423,91.423,91.413,91.413,8398.0,200012.0,178927.0
2000-12-12,91.413,91.423,91.403,91.413,9650.0,200012.0,180824.0
2000-12-13,91.423,91.433,91.413,91.423,16704.0,200012.0,187162.0
2000-12-14,91.433,91.433,91.423,91.433,12456.0,200012.0,188002.0
2000-12-15,91.433,91.443,91.423,91.433,12155.0,200012.0,188673.0
2000-12-18,91.463,91.523,91.463,91.493,14410.0,200103.0,183752.0
2000-12-19,91.483,91.483,91.453,91.473,13106.0,200103.0,162015.0
2000-12-20,91.553,91.573,91.533,91.573,12352.0,200103.0,159060.0
2000-12-21,91.553,91.613,91.553,91.613,13109.0,200103.0,160396.0
2000-12-22,91.593,91.643,91.583,91.633,2190.0,200103.0,157375.0
2000-12-27,91.593,91.613,91.593,91.603,2130.0,200103.0,157447.0
2000-12-28,91.573,91.603,91.573,91.603,5609.0,200103.0,149223.0
2000-12-29,91.613,91.633,91.603,91.613,2893.0,200103.0,147874.0
2001-01-02,91.643,91.753,91.643,91.743,12254.0,200103.0,153694.0
2001-01-03,91.763,91.903,91.713,91.853,19581.0,200103.0,132342.0
2001-01-04,91.893,92.043,91.893,92.043,23492.0,200103.0,169212.0
2001-01-05,92.063,92.123,91.933,92.123,23875.0,200103.0,176587.0
2001-01-08,92.093,92.103,92.053,92.103,11905.0,200103.0,173896.0
2001-01-09,92.053,92.073,91.993,92.013,13631.0,200103.0,171997.0
2001-01-10,92.003,92.003,91.943,91.963,15088.0,200103.0,172966.0
2001-01-11,91.993,91.993,91.963,91.983,10806.0,200103.0,170749.0
2001-01-12,91.993,92.003,91.893,91.923,13189.0,200103.0,174132.0
2001-01-15,91.923,91.923,91.903,91.913,2451.0,200103.0,170653.0
2001-01-16,91.943,91.953,91.863,91.883,14566.0,200103.0,178144.0
2001-01-17,91.873,91.903,91.813,91.893,22479.0,200103.0,184607.0
2001-01-18,91.923,91.953,91.883,91.953,22525.0,200103.0,189950.0
2001-01-19,91.923,92.003,91.913,91.943,14658.0,200103.0,192934.0
2001-01-22,91.933,91.963,91.853,91.863,13837.0,200103.0,188928.0
2001-01-23,91.853,91.983,91.853,91.883,27943.0,200103.0,200218.0
2001-01-24,91.893,91.913,91.853,91.883,17167.0,200103.0,195694.0
2001-01-25,91.863,91.913,91.833,91.893,21904.0,200103.0,192997.0
2001-01-26,91.943,91.943,91.893,91.923,8556.0,200103.0,184807.0
2001-01-29,91.953,91.973,91.943,91.953,10894.0,200103.0,183094.0
2001-01-30,91.963,92.043,91.963,92.013,14335.0,200103.0,187093.0
2001-01-31,92.033,92.103,92.023,92.083,14062.0,200103.0,189852.0
2001-02-01,92.113,92.123,92.083,92.083,23174.0,200103.0,195212.0
2001-02-02,92.073,92.073,91.983,91.983,21059.0,200103.0,204975.0
2001-02-05,91.993,92.013,91.973,91.983,11327.0,200103.0,199450.0
2001-02-06,91.993,92.023,91.983,92.003,16944.0,200103.0,193478.0
2001-02-07,92.013,92.033,92.013,92.013,8252.0,200103.0,188296.0
2001-02-08,92.003,92.013,91.973,92.003,13983.0,200103.0,185382.0
2001-02-09,92.003,92.033,91.993,92.023,12733.0,200103.0,186583.0
2001-02-12,92.013,92.033,91.993,91.993,7078.0,200103.0,184142.0
2001-02-13,91.993,92.003,91.923,91.933,19206.0,200103.0,189109.0
2001-02-14,91.933,91.933,91.883,91.903,17228.0,200103.0,195116.0
2001-02-15,91.873,91.933,91.873,91.913,15101.0,200103.0,192918.0
2001-02-16,91.953,92.033,91.923,92.013,16766.0,200103.0,192918.0
2001-02-19,92.013,92.033,92.013,92.033,3160.0,200103.0,186594.0
2001-02-20,92.013,92.053,92.013,92.023,12248.0,200103.0,189557.0
2001-02-21,92.013,92.023,91.993,92.003,17442.0,200103.0,199595.0
2001-02-22,92.013,92.063,92.003,92.043,21564.0,200103.0,208089.0
2001-02-23,92.073,92.113,92.043,92.103,17372.0,200103.0,213117.0
2001-02-26,92.113,92.153,92.093,92.143,14399.0,200103.0,215968.0
2001-02-27,92.163,92.163,92.103,92.113,17954.0,200103.0,223540.0
2001-02-28,92.123,92.133,92.023,92.073,22120.0,200103.0,212295.0
2001-03-01,92.073,92.083,92.043,92.053,20849.0,200103.0,213159.0
2001-03-02,92.043,92.053,92.033,92.053,14361.0,200103.0,214589.0
2001-03-05,92.043,92.073,92.043,92.063,14380.0,200103.0,211128.0
2001-03-06,92.053,92.203,92.053,92.193,29178.0,200103.0,222244.0
2001-03-07,92.193,92.213,92.183,92.203,20266.0,200103.0,218436.0
2001-03-08,92.203,92.213,92.193,92.193,19817.0,200103.0,219539.0
2001-03-09,92.213,92.223,92.193,92.213,22034.0,200103.0,219539.0
2001-03-12,92.223,92.243,92.223,92.233,13891.0,200103.0,219789.0
2001-03-13,92.243,92.263,92.233,92.243,23631.0,200103.0,229868.0
2001-03-14,92.263,92.343,92.263,92.333,25937.0,200103.0,239318.0
2001-03-15,92.333,92.403,92.333,92.393,29885.0,200103.0,240093.0
2001-03-16,92.393,92.453,92.393,92.423,32882.0,200103.0,240093.0
2001-03-19,92.413,92.453,92.413,92.413,19554.0,200106.0,179092.0
2001-03-20,92.413,92.453,92.323,92.443,16108.0,200106.0,181379.0
2001-03-21,92.483,92.523,92.453,92.463,25673.0,200106.0,188799.0
2001-03-22,92.493,92.553,92.483,92.533,20216.0,200106.0,193047.0
2001-03-23,92.483,92.593,92.443,92.453,14567.0,200106.0,187420.0
2001-03-26,92.433,92.443,92.413,92.433,10793.0,200106.0,186944.0
2001-03-27,92.453,92.493,92.253,92.283,33572.0,200106.0,201278.0
2001-03-28,92.323,92.343,92.313,92.333,15235.0,200106.0,198111.0
2001-03-29,92.363,92.363,92.243,92.273,24433.0,200106.0,201729.0
2001-03-30,92.253,92.303,92.173,92.253,28468.0,200106.0,210455.0
2001-04-02,92.273,92.293,92.143,92.183,25396.0,200106.0,206414.0
2001-04-03,92.163,92.243,92.113,92.213,25818.0,200106.0,212962.0
2001-04-04,92.233,92.323,92.223,92.313,16050.0,200106.0,199252.0
2001-04-05,92.283,92.313,92.233,92.283,15125.0,200106.0,197027.0
2001-04-06,92.343,92.443,92.333,92.413,16974.0,200106.0,181905.0
2001-04-09,92.423,92.423,92.393,92.403,7803.0,200106.0,178086.0
2001-04-10,92.383,92.393,92.293,92.313,19325.0,200106.0,182646.0
2001-04-11,92.293,92.293,92.203,92.253,20071.0,200106.0,189249.0
2001-04-12,92.253,92.333,92.223,92.253,16870.0,200106.0,192668.0
2001-04-16,92.243,92.273,92.213,92.213,8836.0,200106.0,189424.0
2001-04-17,92.373,92.373,92.163,92.203,25417.0,200106.0,194330.0
2001-04-18,92.133,92.463,92.073,92.443,39012.0,200106.0,206442.0
2001-04-19,92.473,92.483,92.443,92.453,22165.0,200106.0,211015.0
2001-04-20,92.433,92.513,92.433,92.483,15637.0,200106.0,213509.0
2001-04-23,92.493,92.543,92.493,92.523,13154.0,200106.0,210862.0
2001-04-24,92.513,92.533,92.473,92.493,14393.0,200106.0,188774.0
2001-04-25,92.493,92.513,92.433,92.433,11455.0,200106.0,189678.0
2001-04-26,92.433,92.483,92.423,92.473,13973.0,200106.0,189071.0
2001-04-27,92.493,92.493,92.373,92.413,17837.0,200106.0,193464.0
2001-04-30,92.393,92.413,92.363,92.403,16344.0,200106.0,186333.0
2001-05-01,92.403,92.483,92.403,92.483,12915.0,200106.0,187305.0
2001-05-02,92.483,92.493,92.423,92.443,16657.0,200106.0,191829.0
2001-05-03,92.453,92.483,92.443,92.463,13716.0,200106.0,195875.0
2001-05-04,92.473,92.583,92.473,92.543,21607.0,200106.0,199723.0
2001-05-07,92.543,92.553,92.533,92.543,6185.0,200106.0,196461.0
2001-05-08,92.553,92.583,92.543,92.543,14790.0,200106.0,202065.0
2001-05-09,92.553,92.573,92.553,92.553,10904.0,200106.0,199279.0
2001-05-10,92.543,92.553,92.513,92.523,13548.0,200106.0,198289.0
2001-05-11,92.523,92.523,92.393,92.393,26632.0,200106.0,209034.0
2001-05-14,92.423,92.443,92.403,92.443,12382.0,200106.0,206617.0
2001-05-15,92.463,92.513,92.413,92.503,15935.0,200106.0,209680.0
2001-05-16,92.543,92.543,92.493,92.523,13386.0,200106.0,202907.0
2001-05-17,92.463,92.473,92.403,92.403,23149.0,200106.0,208579.0
2001-05-18,92.413,92.413,92.343,92.343,17546.0,200106.0,214099.0
2001-05-22,92.323,92.363,92.323,92.343,13385.0,200106.0,219532.0
2001-05-23,92.353,92.373,92.343,92.363,11124.0,200106.0,206008.0
2001-05-24,92.373,92.393,92.343,92.353,15167.0,200106.0,208086.0
2001-05-25,92.353,92.393,92.353,92.383,12895.0,200106.0,211731.0
2001-05-28,92.393,92.403,92.383,92.383,1957.0,200106.0,203437.0
2001-05-29,92.403,92.423,92.303,92.313,18341.0,200106.0,215871.0
2001-05-30,92.323,92.333,92.313,92.323,10419.0,200106.0,212811.0
2001-05-31,92.333,92.373,92.323,92.343,12638.0,200106.0,215064.0
2001-06-01,92.343,92.373,92.313,92.343,12656.0,200106.0,207686.0
2001-06-04,92.363,92.373,92.343,92.363,11351.0,200106.0,203313.0
2001-06-05,92.363,92.383,92.353,92.373,20778.0,200106.0,206570.0
2001-06-06,92.373,92.373,92.363,92.373,13274.0,200106.0,209622.0
2001-06-07,92.383,92.403,92.373,92.373,18786.0,200106.0,207820.0
2001-06-08,92.363,92.383,92.363,92.383,9056.0,200106.0,200668.0
2001-06-11,92.393,92.393,92.383,92.383,10301.0,200106.0,207061.0
2001-06-12,92.383,92.393,92.373,92.373,15460.0,200106.0,209350.0
2001-06-13,92.373,92.383,92.363,92.373,19828.0,200106.0,205094.0
2001-06-14,92.373,92.403,92.373,92.403,15642.0,200106.0,204357.0
2001-06-15,92.383,92.403,92.373,92.393,16243.0,200106.0,205269.0
2001-06-18,92.433,92.433,92.413,92.423,10713.0,200109.0,162575.0
2001-06-19,92.403,92.443,92.373,92.443,15067.0,200109.0,167836.0
2001-06-20,92.453,92.463,92.413,92.433,12236.0,200109.0,168643.0
2001-06-21,92.443,92.453,92.383,92.403,15478.0,200109.0,170946.0
2001-06-22,92.413,92.573,92.403,92.463,8695.0,200109.0,172289.0
2001-06-25,92.443,92.453,92.423,92.443,4898.0,200109.0,167495.0
2001-06-26,92.443,92.453,92.383,92.413,15782.0,200109.0,174341.0
2001-06-27,92.403,92.403,92.263,92.273,22028.0,200109.0,180578.0
2001-06-28,92.273,92.273,92.113,92.133,37278.0,200109.0,192281.0
2001-06-29,92.123,92.163,92.083,92.143,17506.0,200109.0,192031.0
2001-07-03,92.163,92.183,92.133,92.143,9714.0,200109.0,178386.0
2001-07-04,92.143,92.173,92.143,92.163,713.0,200109.0,164137.0
2001-07-05,92.173,92.203,92.173,92.193,9771.0,200109.0,164666.0
2001-07-06,92.173,92.303,92.173,92.293,13143.0,200109.0,170017.0
2001-07-09,92.293,92.313,92.283,92.293,7889.0,200109.0,163254.0
2001-07-10,92.283,92.313,92.263,92.303,16407.0,200109.0,168108.0
2001-07-11,92.323,92.333,92.303,92.303,10911.0,200109.0,166053.0
2001-07-12,92.283,92.333,92.273,92.323,11239.0,200109.0,169606.0
2001-07-13,92.303,92.333,92.293,92.323,6574.0,200109.0,165817.0
2001-07-16,92.343,92.363,92.333,92.343,12253.0,200109.0,170226.0
2001-07-17,92.343,92.403,92.343,92.403,19682.0,200109.0,177213.0
2001-07-18,92.393,92.503,92.393,92.503,31816.0,200109.0,191218.0
2001-07-19,92.483,92.503,92.463,92.503,15589.0,200109.0,195419.0
2001-07-20,92.513,92.523,92.493,92.503,15073.0,200109.0,202440.0
2001-07-23,92.493,92.513,92.483,92.513,6293.0,200109.0,185003.0
2001-07-24,92.503,92.543,92.503,92.523,15546.0,200109.0,193287.0
2001-07-25,92.513,92.513,92.493,92.493,7400.0,200109.0,190346.0
2001-07-26,92.503,92.533,92.483,92.513,16991.0,200109.0,196261.0
2001-07-27,92.533,92.573,92.523,92.553,12460.0,200109.0,194786.0
2001-07-30,92.553,92.573,92.543,92.573,4712.0,200109.0,188380.0
2001-07-31,92.563,92.603,92.563,92.593,16837.0,200109.0,193175.0
2001-08-01,92.583,92.613,92.553,92.573,22802.0,200109.0,197746.0
2001-08-02,92.563,92.563,92.523,92.563,18989.0,200109.0,199105.0
2001-08-03,92.573,92.593,92.533,92.593,8762.0,200109.0,194495.0
2001-08-07,92.593,92.603,92.563,92.573,9965.0,200109.0,193346.0
2001-08-08,92.583,92.653,92.583,92.643,17994.0,200109.0,193308.0
2001-08-09,92.673,92.683,92.643,92.643,22170.0,200109.0,199836.0
2001-08-10,92.653,92.693,92.653,92.673,10452.0,200109.0,195255.0
2001-08-13,92.673,92.703,92.673,92.693,9047.0,200109.0,196345.0
2001-08-14,92.663,92.683,92.663,92.683,16600.0,200109.0,201696.0
2001-08-15,92.673,92.673,92.643,92.663,18616.0,200109.0,204158.0
2001-08-16,92.673,92.713,92.653,92.693,19611.0,200109.0,206370.0
2001-08-17,92.713,92.723,92.693,92.713,14992.0,200109.0,206330.0
2001-08-20,92.703,92.703,92.693,92.693,5853.0,200109.0,206651.0
2001-08-21,92.693,92.703,92.683,92.703,12793.0,200109.0,210184.0
2001-08-22,92.693,92.713,92.693,92.703,17495.0,200109.0,217942.0
2001-08-23,92.723,92.723,92.703,92.703,10400.0,200109.0,217098.0
2001-08-24,92.693,92.713,92.683,92.703,9533.0,200109.0,217098.0
2001-08-27,92.693,92.713,92.693,92.713,10551.0,200109.0,210571.0
2001-08-28,92.713,92.763,92.713,92.733,29997.0,200109.0,223573.0
2001-08-29,92.753,92.753,92.723,92.733,33077.0,200109.0,233131.0
2001-08-30,92.753,92.823,92.743,92.753,26844.0,200109.0,238661.0
2001-08-31,92.753,92.803,92.743,92.783,21034.0,200109.0,238504.0
2001-09-04,92.773,92.793,92.733,92.733,23798.0,200109.0,243446.0
2001-09-05,92.763,92.763,92.753,92.763,27271.0,200109.0,244508.0
2001-09-06,92.793,92.823,92.783,92.803,21575.0,200109.0,244219.0
2001-09-07,92.803,92.863,92.803,92.843,31151.0,200109.0,255183.0
2001-09-10,92.893,92.893,92.833,92.833,24437.0,200109.0,247523.0
2001-09-11,92.833,93.053,92.823,92.943,15438.0,200109.0,228865.0
2001-09-13,93.053,93.103,92.963,93.023,30475.0,200109.0,238599.0
2001-09-14,93.073,93.093,93.043,93.053,22019.0,200109.0,236996.0
2001-09-17,93.063,93.243,92.963,93.123,23812.0,200112.0,178653.0
2001-09-18,93.143,93.173,93.113,93.163,24775.0,200112.0,180199.0
2001-09-19,93.183,93.323,93.173,93.323,21666.0,200112.0,182930.0
2001-09-20,93.313,93.323,93.243,93.263,27651.0,200112.0,188563.0
2001-09-21,93.353,93.373,93.253,93.293,20051.0,200112.0,191492.0
2001-09-24,93.253,93.293,93.233,93.273,12355.0,200112.0,192665.0
2001-09-25,93.273,93.353,93.273,93.293,18883.0,200112.0,192430.0
2001-09-26,93.293,93.313,93.273,93.303,13764.0,200112.0,185194.0
2001-09-27,93.323,93.333,93.303,93.303,13855.0,200112.0,188215.0
2001-09-28,93.283,93.313,93.203,93.223,15107.0,200112.0,191053.0
2001-10-01,93.243,93.263,93.233,93.253,8310.0,200112.0,191213.0
2001-10-02,93.293,93.363,93.273,93.353,10587.0,200112.0,191166.0
2001-10-03,93.353,93.393,93.343,93.353,23517.0,200112.0,201271.0
2001-10-04,93.373,93.423,93.373,93.383,18726.0,200112.0,192696.0
2001-10-05,93.383,93.443,93.373,93.433,12766.0,200112.0,197974.0
2001-10-09,93.433,93.433,93.373,93.373,10866.0,200112.0,197974.0
2001-10-10,93.363,93.373,93.323,93.363,13181.0,200112.0,194236.0
2001-10-11,93.363,93.363,93.273,93.293,14357.0,200112.0,192694.0
2001-10-12,93.283,93.333,93.283,93.323,17810.0,200112.0,197640.0
2001-10-15,93.343,93.353,93.333,93.343,3508.0,200112.0,183885.0
2001-10-16,93.343,93.373,93.343,93.373,9780.0,200112.0,185909.0
2001-10-17,93.363,93.413,93.343,93.393,15000.0,200112.0,189455.0
2001-10-18,93.393,93.443,93.393,93.443,13827.0,200112.0,190802.0
2001-10-19,93.453,93.483,93.453,93.473,6894.0,200112.0,186574.0
2001-10-22,93.473,93.483,93.443,93.443,8168.0,200112.0,188650.0
2001-10-23,93.413,93.713,93.403,93.703,25682.0,200112.0,201516.0
2001-10-24,93.703,93.813,93.673,93.793,17217.0,200112.0,202006.0
2001-10-25,93.803,93.863,93.803,93.833,18795.0,200112.0,206020.0
2001-10-26,93.843,93.853,93.823,93.833,9006.0,200112.0,202337.0
2001-10-29,93.863,93.903,93.853,93.903,10358.0,200112.0,201251.0
2001-10-30,93.923,93.993,93.923,93.973,18787.0,200112.0,194687.0
2001-10-31,93.943,93.953,93.823,93.903,25112.0,200112.0,204054.0
2001-11-01,93.893,93.943,93.873,93.873,14992.0,200112.0,203926.0
2001-11-02,93.873,93.933,93.863,93.903,13402.0,200112.0,199902.0
2001-11-05,93.933,93.943,93.923,93.933,4461.0,200112.0,194750.0
2001-11-06,93.923,94.083,93.903,94.063,12757.0,200112.0,197867.0
2001-11-07,94.083,94.133,94.073,94.103,18397.0,200112.0,205759.0
2001-11-08,94.103,94.113,94.083,94.083,19302.0,200112.0,209172.0
2001-11-09,94.083,94.143,94.043,94.063,12183.0,200112.0,197533.0
2001-11-13,94.013,94.033,94.003,94.033,14888.0,200112.0,206452.0
2001-11-14,93.983,94.013,93.943,93.983,23284.0,200112.0,215248.0
2001-11-15,93.923,93.953,93.803,93.833,29134.0,200112.0,224303.0
2001-11-16,93.813,93.883,93.743,93.773,19532.0,200112.0,209718.0
2001-11-19,93.813,93.903,93.803,93.903,20446.0,200112.0,213328.0
2001-11-20,93.903,93.913,93.803,93.843,19194.0,200112.0,211178.0
2001-11-21,93.853,93.893,93.813,93.873,19015.0,200112.0,216914.0
2001-11-22,93.863,93.863,93.853,93.853,3264.0,200112.0,203702.0
2001-11-23,93.873,93.883,93.843,93.853,7523.0,200112.0,206901.0
2001-11-26,93.863,93.903,93.863,93.893,13464.0,200112.0,203236.0
2001-11-27,93.873,93.943,93.853,93.923,23283.0,200112.0,209773.0
2001-11-28,93.933,93.983,93.933,93.953,18508.0,200112.0,209685.0
2001-11-29,93.973,94.003,93.953,94.003,20735.0,200112.0,214801.0
2001-11-30,94.003,94.043,93.983,94.033,14791.0,200112.0,216569.0
2001-12-03,94.053,94.063,94.023,94.063,9185.0,200112.0,213006.0
2001-12-04,94.063,94.063,94.043,94.053,15059.0,200112.0,208106.0
2001-12-05,94.023,94.033,93.953,93.983,21892.0,200112.0,213352.0
2001-12-06,93.943,94.013,93.943,93.973,18882.0,200112.0,216971.0
2001-12-07,94.063,94.073,94.003,94.013,14908.0,200112.0,221719.0
2001-12-10,94.053,94.093,94.053,94.063,16241.0,200112.0,227727.0
2001-12-11,94.083,94.123,94.073,94.073,21529.0,200112.0,234523.0
2001-12-12,94.073,94.073,94.043,94.053,16175.0,200112.0,227063.0
2001-12-13,94.043,94.043,94.013,94.013,19958.0,200112.0,232227.0
2001-12-14,94.003,94.003,93.993,94.003,12385.0,200112.0,225737.0
2001-12-17,93.993,94.033,93.973,94.023,10905.0,200203.0,164526.0
2001-12-18,94.063,94.093,94.053,94.073,9101.0,200203.0,168147.0
2001-12-19,94.093,94.133,94.093,94.123,9240.0,200203.0,166869.0
2001-12-20,94.133,94.213,94.133,94.183,12670.0,200203.0,169387.0
2001-12-21,94.183,94.223,94.153,94.183,6779.0,200203.0,170640.0
2001-12-24,94.183,94.183,94.153,94.163,1803.0,200203.0,170753.0
2001-12-27,94.143,94.173,94.143,94.173,4913.0,200203.0,171811.0
2001-12-28,94.173,94.173,94.153,94.153,3951.0,200203.0,172096.0
2001-12-31,94.153,94.213,94.153,94.203,3281.0,200203.0,156152.0
2002-01-02,94.193,94.193,94.123,94.133,8172.0,200203.0,157297.0
2002-01-03,94.153,94.183,94.153,94.163,9472.0,200203.0,160252.0
2002-01-04,94.153,94.163,94.113,94.133,11302.0,200203.0,159724.0
2002-01-07,94.123,94.173,94.123,94.173,7776.0,200203.0,153590.0
2002-01-08,94.173,94.183,94.153,94.153,12915.0,200203.0,158620.0
2002-01-09,94.143,94.173,94.133,94.163,12388.0,200203.0,158754.0
2002-01-10,94.183,94.213,94.153,94.203,20986.0,200203.0,167707.0
2002-01-11,94.203,94.343,94.203,94.333,33238.0,200203.0,179659.0
2002-01-14,94.353,94.363,94.293,94.293,17459.0,200203.0,180462.0
2002-01-15,94.283,94.293,94.113,94.153,43475.0,200203.0,196093.0
2002-01-16,94.163,94.183,94.133,94.133,20397.0,200203.0,188157.0
2002-01-17,94.083,94.083,94.003,94.013,31206.0,200203.0,191716.0
2002-01-18,94.013,94.073,93.973,94.043,15989.0,200203.0,181652.0
2002-01-21,94.033,94.033,94.003,94.013,3350.0,200203.0,166943.0
2002-01-22,94.043,94.043,93.983,94.013,15917.0,200203.0,171322.0
2002-01-23,94.013,94.033,94.003,94.013,20531.0,200203.0,173354.0
2002-01-24,94.023,94.033,93.943,93.943,16379.0,200203.0,167551.0
2002-01-25,93.943,93.943,93.883,93.913,20548.0,200203.0,173960.0
2002-01-28,93.873,93.953,93.873,93.943,10354.0,200203.0,172678.0
2002-01-29,93.923,93.983,93.913,93.983,20125.0,200203.0,177035.0
2002-01-30,93.983,93.993,93.933,93.953,14728.0,200203.0,178181.0
2002-01-31,93.913,93.933,93.913,93.923,16138.0,200203.0,176788.0
2002-02-01,93.873,93.963,93.873,93.963,23444.0,200203.0,187102.0
2002-02-04,93.983,94.013,93.973,94.003,16520.0,200203.0,183479.0
2002-02-05,94.003,94.013,93.993,94.003,26292.0,200203.0,179100.0
2002-02-06,94.013,94.013,93.993,93.993,12499.0,200203.0,175872.0
2002-02-07,93.993,94.003,93.973,93.993,13209.0,200203.0,172936.0
2002-02-08,93.943,93.993,93.943,93.973,23126.0,200203.0,174234.0
2002-02-11,93.953,93.963,93.943,93.953,11818.0,200203.0,169799.0
2002-02-12,93.963,93.983,93.933,93.943,17021.0,200203.0,174767.0
2002-02-13,93.943,93.953,93.903,93.923,17842.0,200203.0,175307.0
2002-02-14,93.923,93.923,93.903,93.913,16456.0,200203.0,170129.0
2002-02-15,93.923,93.953,93.923,93.953,12740.0,200203.0,170335.0
2002-02-18,93.953,93.953,93.943,93.943,892.0,200203.0,166473.0
2002-02-19,93.953,93.953,93.943,93.943,14561.0,200203.0,169055.0
2002-02-20,93.933,93.953,93.933,93.933,12658.0,200203.0,161850.0
2002-02-21,93.923,93.943,93.923,93.943,13742.0,200203.0,163405.0
2002-02-22,93.943,93.963,93.943,93.943,12475.0,200203.0,166212.0
2002-02-25,93.943,93.943,93.933,93.933,14002.0,200203.0,168257.0
2002-02-26,93.923,93.933,93.913,93.923,24395.0,200203.0,172158.0
2002-02-27,93.923,93.943,93.903,93.933,24290.0,200203.0,177165.0
2002-02-28,93.933,93.943,93.923,93.923,17348.0,200203.0,174870.0
2002-03-01,93.923,93.933,93.903,93.903,25294.0,200203.0,182513.0
2002-03-04,93.893,93.903,93.893,93.903,17966.0,200203.0,179845.0
2002-03-05,93.903,93.923,93.893,93.923,18488.0,200203.0,185584.0
2002-03-06,93.913,93.933,93.913,93.933,19189.0,200203.0,176419.0
2002-03-07,93.933,93.933,93.873,93.893,42862.0,200203.0,194270.0
2002-03-08,93.863,93.873,93.843,93.853,33034.0,200203.0,201496.0
2002-03-11,93.873,93.883,93.863,93.873,19997.0,200203.0,203783.0
2002-03-12,93.893,93.913,93.843,93.853,32707.0,200203.0,199216.0
2002-03-13,93.833,93.883,93.823,93.873,31122.0,200203.0,205511.0
2002-03-14,93.883,93.883,93.853,93.853,25261.0,200203.0,210210.0
2002-03-15,93.843,93.853,93.833,93.833,27615.0,200203.0,207498.0
2002-03-18,93.833,93.853,93.813,93.833,14086.0,200206.0,160957.0
2002-03-19,93.833,93.913,93.833,93.893,17398.0,200206.0,165654.0
2002-03-20,93.923,93.953,93.823,93.833,24328.0,200206.0,169413.0
2002-03-21,93.833,93.833,93.603,93.613,45319.0,200206.0,185759.0
2002-03-22,93.593,93.633,93.553,93.633,26053.0,200206.0,168454.0
2002-03-25,93.623,93.693,93.603,93.683,14665.0,200206.0,160825.0
2002-03-26,93.723,93.753,93.543,93.743,25473.0,200206.0,167984.0
2002-03-27,93.773,93.783,93.733,93.763,17407.0,200206.0,167432.0
2002-03-28,93.753,93.783,93.733,93.783,14079.0,200206.0,162881.0
2002-04-01,93.783,93.833,93.783,93.783,8026.0,200206.0,162232.0
2002-04-02,93.773,93.853,93.763,93.853,13563.0,200206.0,154050.0
2002-04-03,93.853,93.953,93.853,93.943,24749.0,200206.0,164786.0
2002-04-04,93.943,93.993,93.923,93.963,24399.0,200206.0,165352.0
2002-04-05,93.963,93.963,93.793,93.933,24777.0,200206.0,174842.0
2002-04-08,93.923,93.973,93.853,93.893,17585.0,200206.0,165903.0
2002-04-09,93.873,93.903,93.833,93.883,20782.0,200206.0,167791.0
2002-04-10,93.893,93.913,93.863,93.883,14120.0,200206.0,165114.0
2002-04-11,93.883,93.973,93.883,93.953,26473.0,200206.0,168789.0
2002-04-12,93.963,94.073,93.933,94.053,23556.0,200206.0,173753.0
2002-04-15,94.063,94.073,94.023,94.053,12342.0,200206.0,167078.0
2002-04-16,93.983,94.023,93.853,93.923,25205.0,200206.0,171170.0
2002-04-17,93.903,93.983,93.903,93.973,18027.0,200206.0,165462.0
2002-04-18,93.963,94.143,93.963,94.043,27944.0,200206.0,167132.0
2002-04-19,94.023,94.053,94.003,94.033,10783.0,200206.0,163565.0
2002-04-22,94.053,94.053,94.023,94.043,6555.0,200206.0,150332.0
2002-04-23,93.993,94.043,93.983,93.993,13236.0,200206.0,151008.0
2002-04-24,93.983,94.003,93.963,94.003,17884.0,200206.0,159829.0
2002-04-25,94.023,94.033,93.983,93.993,14323.0,200206.0,159656.0
2002-04-26,93.973,93.993,93.963,93.983,13645.0,200206.0,162567.0
2002-04-29,93.953,93.983,93.953,93.963,6422.0,200206.0,157632.0
2002-04-30,93.953,93.973,93.953,93.963,8871.0,200206.0,163623.0
2002-05-01,93.953,94.013,93.953,93.963,22684.0,200206.0,171185.0
2002-05-02,93.963,93.973,93.953,93.973,20332.0,200206.0,174304.0
2002-05-03,93.983,94.053,93.963,94.033,21750.0,200206.0,180172.0
2002-05-06,94.043,94.063,94.013,94.063,11196.0,200206.0,171261.0
2002-05-07,94.093,94.093,94.043,94.063,21897.0,200206.0,176790.0
2002-05-08,94.043,94.053,94.013,94.013,23681.0,200206.0,181638.0
2002-05-09,94.033,94.083,94.023,94.033,30364.0,200206.0,185098.0
2002-05-10,93.973,94.003,93.953,94.003,34355.0,200206.0,197460.0
2002-05-13,93.983,93.993,93.953,93.963,19700.0,200206.0,182094.0
2002-05-14,93.953,93.953,93.913,93.923,33613.0,200206.0,193491.0
2002-05-15,93.923,93.943,93.893,93.943,30646.0,200206.0,196073.0
2002-05-16,93.943,93.973,93.913,93.963,19990.0,200206.0,196073.0
2002-05-17,93.953,93.953,93.943,93.943,11844.0,200206.0,192666.0
2002-05-21,93.963,93.973,93.943,93.973,14654.0,200206.0,177869.0
2002-05-22,93.983,93.993,93.973,93.983,11224.0,200206.0,173262.0
2002-05-23,93.983,94.003,93.963,93.983,21663.0,200206.0,180162.0
2002-05-24,93.993,93.993,93.983,93.983,9425.0,200206.0,177645.0
2002-05-27,93.963,93.963,93.963,93.963,1125.0,200206.0,171247.0
2002-05-28,93.963,93.973,93.953,93.963,12454.0,200206.0,179002.0
2002-05-29,93.973,93.983,93.973,93.973,14510.0,200206.0,177448.0
2002-05-30,93.983,93.993,93.983,93.993,27675.0,200206.0,188920.0
2002-05-31,93.983,93.983,93.963,93.983,17383.0,200206.0,185354.0
2002-06-03,93.963,93.983,93.963,93.973,9056.0,200206.0,186421.0
2002-06-04,93.993,94.003,93.973,93.973,19634.0,200206.0,191687.0
2002-06-05,93.953,93.973,93.953,93.963,14982.0,200206.0,187191.0
2002-06-06,93.953,93.983,93.953,93.983,13745.0,200206.0,186128.0
2002-06-07,93.983,93.983,93.963,93.983,10529.0,200206.0,190023.0
2002-06-10,93.963,93.973,93.953,93.973,14184.0,200206.0,187640.0
2002-06-11,93.963,93.963,93.943,93.953,26541.0,200206.0,196819.0
2002-06-12,93.943,93.943,93.933,93.943,13546.0,200206.0,199454.0
2002-06-13,93.943,93.963,93.943,93.953,24752.0,200206.0,200236.0
2002-06-14,93.993,93.993,93.953,93.953,30316.0,200206.0,207686.0
2002-06-17,93.943,93.943,93.893,93.933,20090.0,200209.0,157818.0
2002-06-18,93.943,93.973,93.903,93.913,17106.0,200209.0,157220.0
2002-06-19,93.953,93.953,93.913,93.943,27995.0,200209.0,163778.0
2002-06-20,93.953,93.953,93.843,93.863,31392.0,200209.0,179150.0
2002-06-21,93.873,93.913,93.853,93.903,12139.0,200209.0,175204.0
2002-06-24,93.963,93.963,93.853,93.883,5113.0,200209.0,154848.0
2002-06-25,93.903,93.923,93.883,93.913,16781.0,200209.0,149272.0
2002-06-26,93.943,94.083,93.943,94.043,32219.0,200209.0,162605.0
2002-06-27,94.003,94.043,93.983,93.993,20978.0,200209.0,158662.0
2002-06-28,94.023,94.023,93.943,93.953,17640.0,200209.0,166544.0
2002-07-02,93.983,94.003,93.973,93.993,10184.0,200209.0,151449.0
2002-07-03,94.013,94.033,94.003,94.013,8857.0,200209.0,150303.0
2002-07-04,93.993,94.063,93.993,94.033,920.0,200209.0,139261.0
2002-07-05,93.973,93.973,93.893,93.903,13847.0,200209.0,147189.0
2002-07-08,93.913,93.913,93.883,93.913,18507.0,200209.0,150578.0
2002-07-09,93.913,93.933,93.903,93.913,19232.0,200209.0,158287.0
2002-07-10,93.943,93.963,93.893,93.943,22469.0,200209.0,165219.0
2002-07-11,93.943,94.073,93.943,94.053,37632.0,200209.0,174426.0
2002-07-12,93.993,94.083,93.973,94.073,16142.0,200209.0,166232.0
2002-07-15,94.093,94.233,94.073,94.203,20818.0,200209.0,166320.0
2002-07-16,94.213,94.213,94.083,94.083,33115.0,200209.0,181238.0
2002-07-17,94.073,94.113,94.043,94.103,28480.0,200209.0,177185.0
2002-07-18,94.083,94.133,94.073,94.133,14816.0,200209.0,177940.0
2002-07-19,94.163,94.183,94.143,94.163,19784.0,200209.0,186424.0
2002-07-22,94.183,94.293,94.173,94.273,40875.0,200209.0,194962.0
2002-07-23,94.223,94.293,94.223,94.283,32728.0,200209.0,200132.0
2002-07-24,94.273,94.403,94.223,94.233,42482.0,200209.0,200132.0
2002-07-25,94.173,94.243,94.173,94.223,32224.0,200209.0,212843.0
2002-07-26,94.233,94.243,94.213,94.233,10820.0,200209.0,198308.0
2002-07-29,94.193,94.193,94.133,94.143,22754.0,200209.0,195615.0
2002-07-30,94.143,94.143,94.073,94.083,27169.0,200209.0,202485.0
2002-07-31,94.083,94.153,94.083,94.143,16205.0,200209.0,188345.0
2002-08-01,94.143,94.243,94.143,94.203,30312.0,200209.0,194067.0
2002-08-02,94.233,94.333,94.213,94.313,19522.0,200209.0,192715.0
2002-08-06,94.293,94.313,94.223,94.233,22971.0,200209.0,195427.0
2002-08-07,94.243,94.313,94.223,94.303,23174.0,200209.0,189022.0
2002-08-08,94.273,94.303,94.263,94.273,16872.0,200209.0,192380.0
2002-08-09,94.263,94.263,94.203,94.233,14128.0,200209.0,193707.0
2002-08-12,94.243,94.243,94.213,94.223,8522.0,200209.0,186035.0
2002-08-13,94.223,94.253,94.183,94.243,19049.0,200209.0,192829.0
2002-08-14,94.243,94.243,94.163,94.173,30919.0,200209.0,203192.0
2002-08-15,94.193,94.193,94.083,94.123,31344.0,200209.0,195598.0
2002-08-16,94.133,94.153,94.093,94.103,17000.0,200209.0,192583.0
2002-08-19,94.103,94.113,94.073,94.103,19487.0,200209.0,192704.0
2002-08-20,94.053,94.143,94.053,94.123,16383.0,200209.0,192313.0
2002-08-21,94.073,94.123,94.003,94.113,14764.0,200209.0,182775.0
2002-08-22,94.073,94.073,94.013,94.033,23009.0,200209.0,188694.0
2002-08-23,94.033,94.053,94.023,94.053,10215.0,200209.0,184520.0
2002-08-26,94.043,94.043,94.003,94.043,9986.0,200209.0,183599.0
2002-08-27,94.043,94.043,93.973,93.973,24582.0,200209.0,188880.0
2002-08-28,93.983,94.033,93.983,94.023,13878.0,200209.0,190546.0
2002-08-29,94.023,94.053,94.023,94.043,12114.0,200209.0,177104.0
2002-08-30,94.043,94.053,94.023,94.043,11246.0,200209.0,180204.0
2002-09-03,94.063,94.103,94.053,94.103,26239.0,200209.0,189048.0
2002-09-04,94.093,94.263,94.083,94.233,35769.0,200209.0,196888.0
2002-09-05,94.233,94.253,94.233,94.253,19626.0,200209.0,188968.0
2002-09-06,94.193,94.203,94.163,94.173,32054.0,200209.0,201164.0
2002-09-09,94.153,94.173,94.143,94.153,13332.0,200209.0,189322.0
2002-09-10,94.133,94.173,94.133,94.153,23406.0,200209.0,197886.0
2002-09-11,94.143,94.143,94.123,94.123,13711.0,200209.0,190518.0
2002-09-12,94.143,94.163,94.143,94.153,24112.0,200209.0,190518.0
2002-09-13,94.163,94.163,94.143,94.143,13854.0,200209.0,199774.0
2002-09-16,94.113,94.153,94.083,94.133,7805.0,200212.0,146339.0
2002-09-17,94.063,94.123,94.053,94.123,18367.0,200212.0,146298.0
2002-09-18,94.153,94.153,94.103,94.113,16774.0,200212.0,146456.0
2002-09-19,94.113,94.193,94.113,94.173,22583.0,200212.0,153834.0
2002-09-20,94.143,94.153,94.093,94.143,14355.0,200212.0,154562.0
2002-09-23,94.133,94.243,94.133,94.223,22959.0,200212.0,165395.0
2002-09-24,94.233,94.253,94.203,94.213,23759.0,200212.0,164781.0
2002-09-25,94.183,94.213,94.163,94.163,19048.0,200212.0,167975.0
2002-09-26,94.193,94.193,94.153,94.183,18043.0,200212.0,159615.0
2002-09-27,94.183,94.283,94.183,94.283,24631.0,200212.0,170916.0
2002-09-30,94.293,94.363,94.293,94.313,25452.0,200212.0,162430.0
2002-10-01,94.303,94.313,94.263,94.273,20313.0,200212.0,165435.0
2002-10-02,94.253,94.303,94.253,94.293,14942.0,200212.0,163971.0
2002-10-03,94.313,94.313,94.273,94.283,15232.0,200212.0,164408.0
2002-10-04,94.283,94.303,94.173,94.233,42586.0,200212.0,178893.0
2002-10-07,94.263,94.283,94.253,94.273,11061.0,200212.0,165588.0
2002-10-08,94.263,94.283,94.243,94.253,24842.0,200212.0,175302.0
2002-10-09,94.283,94.293,94.263,94.283,13900.0,200212.0,175171.0
2002-10-10,94.283,94.323,94.273,94.323,23887.0,200212.0,175418.0
2002-10-11,94.323,94.343,94.283,94.293,13269.0,200212.0,176087.0
2002-10-15,94.273,94.273,94.223,94.223,31498.0,200212.0,176087.0
2002-10-16,94.253,94.293,94.233,94.283,19865.0,200212.0,177608.0
2002-10-17,94.263,94.303,94.223,94.293,28326.0,200212.0,185142.0
2002-10-18,94.313,94.313,94.283,94.303,14333.0,200212.0,171832.0
2002-10-21,94.303,94.323,94.293,94.298,11398.0,200212.0,173837.0
2002-10-22,94.313,94.313,94.288,94.303,28265.0,200212.0,178128.0
2002-10-23,94.318,94.338,94.318,94.333,31902.0,200212.0,181588.0
2002-10-24,94.353,94.368,94.343,94.353,17831.0,200212.0,180155.0
2002-10-25,94.358,94.363,94.348,94.358,14302.0,200212.0,179656.0
2002-10-28,94.368,94.383,94.368,94.378,17773.0,200212.0,176930.0
2002-10-29,94.393,94.423,94.383,94.413,22274.0,200212.0,182040.0
2002-10-30,94.388,94.418,94.388,94.413,8814.0,200212.0,171920.0
2002-10-31,94.408,94.453,94.403,94.453,28041.0,200212.0,163729.0
2002-11-01,94.453,94.458,94.393,94.443,27314.0,200212.0,171777.0
2002-11-04,94.408,94.433,94.408,94.423,8456.0,200212.0,169274.0
2002-11-05,94.423,94.428,94.408,94.408,13606.0,200212.0,174818.0
2002-11-06,94.403,94.543,94.403,94.443,26924.0,200212.0,174874.0
2002-11-07,94.438,94.478,94.423,94.473,17126.0,200212.0,177273.0
2002-11-08,94.458,94.463,94.433,94.453,11509.0,200212.0,168346.0
2002-11-12,94.463,94.463,94.433,94.443,14395.0,200212.0,175455.0
2002-11-13,94.433,94.443,94.433,94.443,12581.0,200212.0,164966.0
2002-11-14,94.433,94.433,94.408,94.413,20560.0,200212.0,173907.0
2002-11-15,94.408,94.433,94.393,94.413,17874.0,200212.0,175943.0
2002-11-18,94.393,94.423,94.393,94.418,11981.0,200212.0,170776.0
2002-11-19,94.428,94.428,94.413,94.418,15346.0,200212.0,175987.0
2002-11-20,94.423,94.428,94.413,94.413,10256.0,200212.0,172732.0
2002-11-21,94.428,94.428,94.403,94.408,20791.0,200212.0,178887.0
2002-11-22,94.418,94.418,94.413,94.413,15233.0,200212.0,180538.0
2002-11-25,94.413,94.423,94.398,94.418,19787.0,200212.0,184330.0
2002-11-26,94.413,94.423,94.408,94.423,13000.0,200212.0,180755.0
2002-11-27,94.413,94.413,94.378,94.388,28738.0,200212.0,188828.0
2002-11-28,94.398,94.398,94.373,94.373,1842.0,200212.0,180751.0
2002-11-29,94.383,94.393,94.383,94.393,11437.0,200212.0,185010.0
2002-12-02,94.373,94.403,94.353,94.403,23664.0,200212.0,190759.0
2002-12-03,94.408,94.413,94.393,94.398,20501.0,200212.0,183831.0
2002-12-04,94.408,94.418,94.403,94.408,30496.0,200212.0,191287.0
2002-12-05,94.408,94.413,94.398,94.403,18522.0,200212.0,191632.0
2002-12-06,94.383,94.413,94.383,94.393,31419.0,200212.0,200548.0
2002-12-09,94.398,94.403,94.393,94.398,10257.0,200212.0,188074.0
2002-12-10,94.393,94.403,94.388,94.388,15934.0,200212.0,187774.0
2002-12-11,94.388,94.393,94.383,94.393,14996.0,200212.0,191140.0
2002-12-12,94.398,94.398,94.383,94.388,15821.0,200212.0,188427.0
2002-12-13,94.388,94.388,94.373,94.378,18091.0,200212.0,194932.0
2002-12-16,94.378,94.378,94.338,94.348,11502.0,200303.0,155949.0
2002-12-17,94.353,94.358,94.348,94.358,17102.0,200303.0,160410.0
2002-12-18,94.358,94.388,94.358,94.373,13273.0,200303.0,161888.0
2002-12-19,94.378,94.383,94.363,94.378,12290.0,200303.0,166308.0
2002-12-20,94.373,94.378,94.363,94.378,18019.0,200303.0,165879.0
2002-12-23,94.383,94.383,94.343,94.348,7267.0,200303.0,160586.0
2002-12-24,94.368,94.393,94.358,94.393,4369.0,200303.0,152225.0
2002-12-27,94.453,94.453,94.413,94.438,21138.0,200303.0,156162.0
2002-12-30,94.408,94.428,94.393,94.393,7058.0,200303.0,155260.0
2002-12-31,94.378,94.408,94.378,94.408,7387.0,200303.0,147670.0
2003-01-02,94.378,94.388,94.318,94.323,25468.0,200303.0,162623.0
2003-01-03,94.318,94.333,94.308,94.328,25333.0,200303.0,167554.0
2003-01-06,94.323,94.328,94.303,94.323,14669.0,200303.0,165060.0
2003-01-07,94.323,94.368,94.323,94.363,22018.0,200303.0,167739.0
2003-01-08,94.368,94.388,94.363,94.383,19917.0,200303.0,163776.0
2003-01-09,94.373,94.373,94.363,94.368,18337.0,200303.0,166799.0
2003-01-10,94.368,94.378,94.313,94.333,28897.0,200303.0,177647.0
2003-01-13,94.318,94.318,94.303,94.318,13089.0,200303.0,180513.0
2003-01-14,94.318,94.338,94.318,94.323,18784.0,200303.0,175715.0
2003-01-15,94.323,94.323,94.228,94.233,83900.0,200303.0,209093.0
2003-01-16,94.218,94.253,94.208,94.228,37208.0,200303.0,209598.0
2003-01-17,94.248,94.253,94.238,94.243,18212.0,200303.0,207955.0
2003-01-20,94.228,94.253,94.228,94.253,3726.0,200303.0,181452.0
2003-01-21,94.248,94.263,94.188,94.203,50977.0,200303.0,206030.0
2003-01-22,94.213,94.228,94.138,94.153,48307.0,200303.0,215307.0
2003-01-23,94.153,94.163,94.143,94.163,36998.0,200303.0,221570.0
2003-01-24,94.163,94.203,94.163,94.183,21217.0,200303.0,203888.0
2003-01-27,94.188,94.193,94.148,94.178,22450.0,200303.0,207449.0
2003-01-28,94.178,94.183,94.138,94.158,21684.0,200303.0,202794.0
2003-01-29,94.163,94.168,94.108,94.113,35046.0,200303.0,218372.0
2003-01-30,94.098,94.148,94.098,94.138,39881.0,200303.0,223972.0
2003-01-31,94.143,94.168,94.143,94.153,16993.0,200303.0,218534.0
2003-02-03,94.148,94.158,94.133,94.153,15319.0,200303.0,219415.0
2003-02-04,94.158,94.198,94.158,94.163,21790.0,200303.0,203605.0
2003-02-05,94.163,94.178,94.128,94.173,21584.0,200303.0,205413.0
2003-02-06,94.188,94.208,94.188,94.203,25988.0,200303.0,207002.0
2003-02-07,94.208,94.248,94.193,94.233,19446.0,200303.0,207158.0
2003-02-10,94.228,94.228,94.188,94.223,14217.0,200303.0,208264.0
2003-02-11,94.203,94.243,94.203,94.243,25989.0,200303.0,209199.0
2003-02-12,94.253,94.308,94.243,94.288,31466.0,200303.0,215847.0
2003-02-13,94.278,94.308,94.278,94.298,25047.0,200303.0,209130.0
2003-02-14,94.298,94.298,94.278,94.283,19766.0,200303.0,209726.0
2003-02-17,94.258,94.268,94.258,94.263,2803.0,200303.0,198132.0
2003-02-18,94.268,94.278,94.253,94.263,16509.0,200303.0,207156.0
2003-02-19,94.258,94.268,94.218,94.233,28017.0,200303.0,217722.0
2003-02-20,94.218,94.228,94.208,94.223,22120.0,200303.0,219789.0
2003-02-21,94.218,94.218,94.178,94.183,35454.0,200303.0,228949.0
2003-02-24,94.193,94.213,94.193,94.208,14864.0,200303.0,222648.0
2003-02-25,94.218,94.233,94.188,94.188,28849.0,200303.0,221390.0
2003-02-26,94.193,94.193,94.153,94.163,31551.0,200303.0,221369.0
2003-02-27,94.168,94.168,94.098,94.123,37953.0,200303.0,220997.0
2003-02-28,94.108,94.133,94.098,94.118,28556.0,200303.0,225978.0
2003-03-03,94.118,94.163,94.113,94.163,26614.0,200303.0,221631.0
2003-03-04,94.163,94.168,94.038,94.048,57217.0,200303.0,241551.0
2003-03-05,94.058,94.058,94.043,94.058,27989.0,200303.0,236964.0
2003-03-06,94.043,94.058,94.043,94.058,23168.0,200303.0,234843.0
2003-03-07,94.038,94.073,94.038,94.063,30457.0,200303.0,233264.0
2003-03-10,94.063,94.073,94.063,94.068,14518.0,200303.0,226820.0
2003-03-11,94.048,94.058,94.043,94.043,27117.0,200303.0,229459.0
2003-03-12,94.053,94.053,94.008,94.013,30900.0,200303.0,245682.0
2003-03-13,94.003,94.003,93.988,93.993,42429.0,200303.0,258546.0
2003-03-14,93.983,94.003,93.983,93.993,33865.0,200303.0,252492.0
2003-03-17,94.033,94.033,93.938,93.953,26229.0,200306.0,210285.0
2003-03-18,93.938,93.968,93.918,93.933,20458.0,200306.0,210250.0
2003-03-19,93.913,93.943,93.913,93.928,21492.0,200306.0,211166.0
2003-03-20,93.938,93.978,93.928,93.938,22005.0,200306.0,216749.0
2003-03-21,93.903,93.923,93.898,93.903,25320.0,200306.0,219068.0
2003-03-24,93.928,93.953,93.928,93.953,13193.0,200306.0,199474.0
2003-03-25,93.963,93.963,93.913,93.933,20004.0,200306.0,201136.0
2003-03-26,93.933,93.963,93.928,93.958,8717.0,200306.0,192135.0
2003-03-27,93.973,93.998,93.973,93.983,16524.0,200306.0,191516.0
2003-03-28,94.013,94.013,93.993,93.998,8648.0,200306.0,188974.0
2003-03-31,94.023,94.043,94.013,94.013,22025.0,200306.0,187382.0
2003-04-01,94.023,94.028,93.968,93.993,22767.0,200306.0,188832.0
2003-04-02,93.953,93.998,93.953,93.998,18649.0,200306.0,189514.0
2003-04-03,93.978,94.118,93.978,94.113,50408.0,200306.0,210098.0
2003-04-04,94.093,94.123,94.073,94.098,29783.0,200306.0,209439.0
2003-04-07,94.038,94.063,94.033,94.053,18186.0,200306.0,200839.0
2003-04-08,94.043,94.043,93.983,94.003,29590.0,200306.0,204251.0
2003-04-09,94.023,94.023,93.988,94.003,17470.0,200306.0,197912.0
2003-04-10,94.018,94.018,93.963,93.968,34018.0,200306.0,205179.0
2003-04-11,93.923,93.958,93.923,93.938,23312.0,200306.0,207384.0
2003-04-14,93.913,93.933,93.913,93.928,13885.0,200306.0,197569.0
2003-04-15,93.928,94.013,93.883,93.998,47305.0,200306.0,215110.0
2003-04-16,93.988,94.018,93.983,94.013,23179.0,200306.0,211496.0
2003-04-17,94.013,94.033,94.008,94.008,10136.0,200306.0,209670.0
2003-04-21,94.003,94.078,94.003,94.073,23866.0,200306.0,211544.0
2003-04-22,94.093,94.093,94.033,94.033,40590.0,200306.0,220727.0
2003-04-23,94.048,94.083,94.033,94.038,30734.0,200306.0,223593.0
2003-04-24,94.093,94.093,94.073,94.083,41331.0,200306.0,230535.0
2003-04-25,94.088,94.113,94.068,94.108,26367.0,200306.0,229621.0
2003-04-28,94.088,94.098,94.078,94.078,21111.0,200306.0,224870.0
2003-04-29,94.068,94.093,94.068,94.078,34578.0,200306.0,233951.0
2003-04-30,94.068,94.103,94.053,94.083,30484.0,200306.0,237036.0
2003-05-01,94.103,94.108,94.083,94.088,20056.0,200306.0,234895.0
2003-05-02,94.083,94.093,94.068,94.078,22049.0,200306.0,229878.0
2003-05-05,94.068,94.083,94.068,94.078,8016.0,200306.0,223002.0
2003-05-06,94.068,94.108,94.068,94.108,18721.0,200306.0,223407.0
2003-05-07,94.103,94.128,94.098,94.123,33915.0,200306.0,235218.0
2003-05-08,94.113,94.123,94.098,94.103,30547.0,200306.0,241171.0
2003-05-09,94.123,94.123,94.093,94.093,10783.0,200306.0,230122.0
2003-05-12,94.113,94.113,94.068,94.073,17432.0,200306.0,228977.0
2003-05-13,94.073,94.078,94.063,94.068,23043.0,200306.0,232213.0
2003-05-14,94.078,94.083,94.068,94.073,31080.0,200306.0,240907.0
2003-05-15,94.073,94.078,94.068,94.068,14866.0,200306.0,242151.0
2003-05-16,94.078,94.078,94.073,94.073,24570.0,200306.0,245584.0
2003-05-20,94.083,94.113,94.073,94.108,33952.0,200306.0,256618.0
2003-05-21,94.103,94.118,94.088,94.108,41453.0,200306.0,263457.0
2003-05-22,94.128,94.163,94.128,94.153,66406.0,200306.0,288255.0
2003-05-23,94.168,94.233,94.163,94.173,45996.0,200306.0,293796.0
2003-05-26,94.168,94.183,94.168,94.183,8298.0,200306.0,275636.0
2003-05-27,94.193,94.203,94.173,94.188,72231.0,200306.0,302238.0
2003-05-28,94.173,94.183,94.163,94.183,35048.0,200306.0,309005.0
2003-05-29,94.173,94.193,94.173,94.188,26654.0,200306.0,302347.0
2003-05-30,94.178,94.178,94.153,94.163,22130.0,200306.0,284767.0
2003-06-02,94.143,94.153,94.143,94.153,21814.0,200306.0,289373.0
2003-06-03,94.163,94.178,94.148,94.168,45001.0,200306.0,302124.0
2003-06-04,94.168,94.173,94.163,94.168,25861.0,200306.0,301525.0
2003-06-05,94.173,94.173,94.158,94.163,33099.0,200306.0,303372.0
2003-06-06,94.183,94.188,94.173,94.178,39440.0,200306.0,308329.0
2003-06-09,94.183,94.183,94.173,94.178,26401.0,200306.0,280549.0
2003-06-10,94.178,94.193,94.178,94.188,23382.0,200306.0,275410.0
2003-06-11,94.188,94.188,94.178,94.183,33483.0,200306.0,261545.0
2003-06-12,94.173,94.193,94.168,94.173,42492.0,200306.0,272564.0
2003-06-13,94.173,94.198,94.173,94.193,26487.0,200306.0,266373.0
2003-06-16,94.233,94.233,94.158,94.163,28057.0,200309.0,222894.0
2003-06-17,94.153,94.183,94.128,94.138,27053.0,200309.0,225967.0
2003-06-18,94.128,94.248,94.113,94.233,48667.0,200309.0,241203.0
2003-06-19,94.258,94.293,94.248,94.248,32247.0,200309.0,237713.0
2003-06-20,94.183,94.223,94.183,94.203,34259.0,200309.0,238496.0
2003-06-23,94.203,94.268,94.203,94.268,16621.0,200309.0,227919.0
2003-06-24,94.253,94.268,94.248,94.248,18974.0,200309.0,228094.0
2003-06-25,94.258,94.268,94.143,94.153,45250.0,200309.0,242239.0
2003-06-26,94.143,94.153,94.083,94.093,43272.0,200309.0,245926.0
2003-06-27,94.103,94.143,94.073,94.123,26825.0,200309.0,240917.0
2003-06-30,94.113,94.148,94.113,94.148,7397.0,200309.0,208645.0
2003-07-02,94.133,94.143,94.128,94.143,13947.0,200309.0,207148.0
2003-07-03,94.143,94.173,94.123,94.143,11074.0,200309.0,205998.0
2003-07-04,94.143,94.163,94.143,94.153,810.0,200309.0,199539.0
2003-07-07,94.143,94.143,94.073,94.073,28237.0,200309.0,213841.0
2003-07-08,94.073,94.083,94.048,94.058,27450.0,200309.0,218808.0
2003-07-09,94.053,94.078,94.053,94.068,17482.0,200309.0,221157.0
2003-07-10,94.063,94.113,94.063,94.103,24109.0,200309.0,219352.0
2003-07-11,94.058,94.058,93.963,94.023,33953.0,200309.0,225137.0
2003-07-14,94.013,94.048,93.998,94.023,8820.0,200309.0,214933.0
2003-07-15,94.028,94.268,94.028,94.253,44364.0,200309.0,226035.0
2003-07-16,94.223,94.298,94.223,94.273,48238.0,200309.0,230877.0
2003-07-17,94.283,94.473,94.258,94.473,59453.0,200309.0,251420.0
2003-07-18,94.463,94.473,94.423,94.428,18938.0,200309.0,227960.0
2003-07-21,94.423,94.463,94.423,94.443,13273.0,200309.0,217086.0
2003-07-22,94.463,94.523,94.458,94.518,20034.0,200309.0,216290.0
2003-07-23,94.518,94.523,94.483,94.483,21608.0,200309.0,222037.0
2003-07-24,94.488,94.493,94.478,94.488,17735.0,200309.0,231182.0
2003-07-25,94.488,94.488,94.463,94.463,20653.0,200309.0,232126.0
2003-07-28,94.443,94.458,94.433,94.438,8790.0,200309.0,233980.0
2003-07-29,94.423,94.473,94.413,94.423,23406.0,200309.0,242843.0
2003-07-30,94.428,94.428,94.358,94.378,32742.0,200309.0,244206.0
2003-07-31,94.408,94.408,94.303,94.308,30476.0,200309.0,253645.0
2003-08-01,94.233,94.333,94.223,94.278,25257.0,200309.0,248252.0
2003-08-05,94.303,94.318,94.263,94.268,37746.0,200309.0,251781.0
2003-08-06,94.273,94.343,94.273,94.328,22065.0,200309.0,244091.0
2003-08-07,94.343,94.358,94.318,94.358,21134.0,200309.0,234655.0
2003-08-08,94.363,94.398,94.363,94.393,15259.0,200309.0,235774.0
2003-08-11,94.363,94.378,94.343,94.348,9694.0,200309.0,230030.0
2003-08-12,94.353,94.373,94.323,94.333,14934.0,200309.0,232469.0
2003-08-13,94.303,94.308,94.283,94.298,18934.0,200309.0,235596.0
2003-08-14,94.283,94.323,94.278,94.318,22249.0,200309.0,236996.0
2003-08-15,94.308,94.318,94.298,94.308,3055.0,200309.0,232970.0
2003-08-18,94.298,94.298,94.278,94.293,19792.0,200309.0,234449.0
2003-08-19,94.323,94.353,94.313,94.353,35606.0,200309.0,248461.0
2003-08-20,94.358,94.368,94.343,94.348,12624.0,200309.0,244469.0
2003-08-21,94.348,94.348,94.323,94.333,24784.0,200309.0,252282.0
2003-08-22,94.343,94.348,94.333,94.338,10321.0,200309.0,246141.0
2003-08-25,94.348,94.358,94.343,94.348,12567.0,200309.0,242549.0
2003-08-26,94.343,94.348,94.333,94.343,16684.0,200309.0,244882.0
2003-08-27,94.353,94.353,94.293,94.293,39157.0,200309.0,258049.0
2003-08-28,94.293,94.313,94.283,94.308,23756.0,200309.0,259106.0
2003-08-29,94.308,94.313,94.293,94.308,23243.0,200309.0,251310.0
2003-09-02,94.303,94.333,94.298,94.323,26688.0,200309.0,253037.0
2003-09-03,94.313,94.328,94.303,94.313,34934.0,200309.0,261129.0
2003-09-04,94.313,94.328,94.308,94.323,23981.0,200309.0,254503.0
2003-09-05,94.348,94.393,94.348,94.383,64264.0,200309.0,278061.0
2003-09-08,94.373,94.383,94.373,94.378,24522.0,200309.0,266509.0
2003-09-09,94.378,94.388,94.378,94.388,28166.0,200309.0,272301.0
2003-09-10,94.393,94.403,94.393,94.403,19541.0,200309.0,263840.0
2003-09-11,94.373,94.388,94.373,94.383,33290.0,200309.0,276247.0
2003-09-12,94.388,94.398,94.388,94.388,17292.0,200309.0,265868.0
2003-09-15,94.378,94.423,94.378,94.413,15648.0,200312.0,192550.0
2003-09-16,94.398,94.408,94.383,94.388,18776.0,200312.0,197161.0
2003-09-17,94.388,94.438,94.388,94.418,20397.0,200312.0,202269.0
2003-09-18,94.408,94.418,94.393,94.398,12071.0,200312.0,200954.0
2003-09-19,94.398,94.418,94.398,94.413,11902.0,200312.0,202278.0
2003-09-22,94.413,94.568,94.413,94.558,45841.0,200312.0,216814.0
2003-09-23,94.548,94.548,94.493,94.538,26891.0,200312.0,216443.0
2003-09-24,94.523,94.568,94.488,94.538,27484.0,200312.0,222307.0
2003-09-25,94.528,94.528,94.478,94.508,40086.0,200312.0,227270.0
2003-09-26,94.528,94.528,94.493,94.503,15538.0,200312.0,225609.0
2003-09-29,94.498,94.498,94.463,94.473,13251.0,200312.0,220549.0
2003-09-30,94.478,94.548,94.463,94.543,38097.0,200312.0,230217.0
2003-10-01,94.548,94.573,94.538,94.558,19973.0,200312.0,229229.0
2003-10-02,94.528,94.548,94.503,94.538,32785.0,200312.0,246827.0
2003-10-03,94.523,94.528,94.433,94.443,30372.0,200312.0,227883.0
2003-10-06,94.443,94.478,94.443,94.468,8515.0,200312.0,219332.0
2003-10-07,94.478,94.538,94.478,94.493,27010.0,200312.0,226420.0
2003-10-08,94.488,94.523,94.478,94.483,19901.0,200312.0,220276.0
2003-10-09,94.488,94.498,94.448,94.468,18367.0,200312.0,217849.0
2003-10-10,94.448,94.468,94.408,94.433,49514.0,200312.0,235863.0
2003-10-14,94.418,94.428,94.388,94.413,29043.0,200312.0,235532.0
2003-10-15,94.408,94.423,94.353,94.378,45591.0,200312.0,243605.0
2003-10-16,94.368,94.418,94.358,94.363,39716.0,200312.0,242688.0
2003-10-17,94.363,94.408,94.353,94.403,17574.0,200312.0,202653.0
2003-10-20,94.373,94.418,94.363,94.403,11735.0,200312.0,201939.0
2003-10-21,94.353,94.398,94.353,94.388,16847.0,200312.0,201634.0
2003-10-22,94.388,94.458,94.368,94.438,51077.0,200312.0,225869.0
2003-10-23,94.483,94.483,94.438,94.483,31863.0,200312.0,215939.0
2003-10-24,94.478,94.513,94.478,94.503,24914.0,200312.0,219730.0
2003-10-27,94.488,94.498,94.488,94.488,8604.0,200312.0,202864.0
2003-10-28,94.468,94.518,94.453,94.508,17928.0,200312.0,204854.0
2003-10-29,94.508,94.508,94.483,94.488,15356.0,200312.0,205523.0
2003-10-30,94.488,94.488,94.438,94.473,19799.0,200312.0,216230.0
2003-10-31,94.468,94.483,94.438,94.463,9894.0,200312.0,207711.0
2003-11-03,94.463,94.463,94.408,94.418,25867.0,200312.0,215424.0
2003-11-04,94.418,94.428,94.398,94.398,17556.0,200312.0,214095.0
2003-11-05,94.368,94.368,94.333,94.333,41700.0,200312.0,229480.0
2003-11-06,94.333,94.348,94.318,94.333,43912.0,200312.0,235338.0
2003-11-07,94.308,94.308,94.258,94.263,40777.0,200312.0,230347.0
2003-11-10,94.268,94.273,94.258,94.258,16283.0,200312.0,202775.0
2003-11-12,94.283,94.303,94.268,94.293,21080.0,200312.0,208510.0
2003-11-13,94.313,94.318,94.298,94.313,35914.0,200312.0,198091.0
2003-11-14,94.318,94.328,94.298,94.323,18071.0,200312.0,184053.0
2003-11-17,94.338,94.358,94.333,94.333,23371.0,200312.0,187357.0
2003-11-18,94.303,94.323,94.298,94.323,28107.0,200312.0,196541.0
2003-11-19,94.323,94.338,94.298,94.313,32947.0,200312.0,198019.0
2003-11-20,94.338,94.358,94.328,94.338,22605.0,200312.0,190715.0
2003-11-21,94.368,94.433,94.368,94.428,66365.0,200312.0,218366.0
2003-11-24,94.438,94.438,94.398,94.403,28663.0,200312.0,210517.0
2003-11-25,94.393,94.393,94.373,94.388,21982.0,200312.0,195977.0
2003-11-26,94.388,94.398,94.363,94.368,23468.0,200312.0,194780.0
2003-11-27,94.363,94.363,94.358,94.358,1859.0,200312.0,182610.0
2003-11-28,94.398,94.408,94.388,94.398,16718.0,200312.0,190974.0
2003-12-01,94.398,94.418,94.388,94.418,25057.0,200312.0,198308.0
2003-12-02,94.403,94.418,94.338,94.358,37846.0,200312.0,209927.0
2003-12-03,94.358,94.363,94.353,94.358,34539.0,200312.0,209258.0
2003-12-04,94.348,94.368,94.348,94.358,28604.0,200312.0,211432.0
2003-12-05,94.338,94.363,94.338,94.358,31656.0,200312.0,216408.0
2003-12-08,94.358,94.378,94.353,94.373,33309.0,200312.0,208955.0
2003-12-09,94.408,94.408,94.368,94.373,22183.0,200312.0,206657.0
2003-12-10,94.368,94.378,94.368,94.373,15377.0,200312.0,197806.0
2003-12-11,94.363,94.378,94.363,94.378,34780.0,200312.0,215123.0
2003-12-12,94.378,94.398,94.378,94.378,45015.0,200312.0,226217.0
2003-12-15,94.363,94.398,94.353,94.378,19571.0,200403.0,176295.0
2003-12-16,94.383,94.403,94.358,94.378,30625.0,200403.0,179080.0
2003-12-17,94.388,94.408,94.383,94.388,27869.0,200403.0,180606.0
2003-12-18,94.388,94.398,94.378,94.393,13065.0,200403.0,179268.0
2003-12-19,94.368,94.403,94.363,94.378,21895.0,200403.0,186378.0
2003-12-22,94.423,94.423,94.378,94.388,9510.0,200403.0,182099.0
2003-12-23,94.383,94.398,94.368,94.368,6897.0,200403.0,182007.0
2003-12-24,94.368,94.378,94.368,94.378,2661.0,200403.0,178797.0
2003-12-29,94.393,94.433,94.368,94.388,16789.0,200403.0,189629.0
2003-12-30,94.368,94.408,94.368,94.393,16613.0,200403.0,194829.0
2003-12-31,94.433,94.433,94.398,94.413,4121.0,200403.0,187705.0
2004-01-02,94.408,94.483,94.408,94.473,22791.0,200403.0,198094.0
2004-01-05,94.468,94.523,94.463,94.518,30802.0,200403.0,210218.0
2004-01-06,94.523,94.538,94.498,94.503,27825.0,200403.0,212746.0
2004-01-07,94.488,94.503,94.478,94.493,15761.0,200403.0,211220.0
2004-01-08,94.483,94.503,94.473,94.488,24901.0,200403.0,214365.0
2004-01-09,94.488,94.538,94.433,94.523,31796.0,200403.0,225291.0
2004-01-12,94.533,94.538,94.498,94.498,17278.0,200403.0,219889.0
2004-01-13,94.503,94.528,94.493,94.523,11020.0,200403.0,217727.0
2004-01-14,94.518,94.543,94.508,94.538,23491.0,200403.0,225215.0
2004-01-15,94.548,94.558,94.518,94.543,25728.0,200403.0,226336.0
2004-01-16,94.558,94.558,94.518,94.533,17704.0,200403.0,225374.0
2004-01-19,94.528,94.558,94.528,94.538,3794.0,200403.0,221640.0
2004-01-20,94.538,94.628,94.498,94.603,51222.0,200403.0,251467.0
2004-01-21,94.598,94.638,94.583,94.633,42751.0,200403.0,240588.0
2004-01-22,94.628,94.708,94.628,94.698,51705.0,200403.0,245619.0
2004-01-23,94.693,94.693,94.658,94.678,34359.0,200403.0,251168.0
2004-01-26,94.668,94.698,94.658,94.688,12257.0,200403.0,240721.0
2004-01-27,94.708,94.723,94.698,94.718,23155.0,200403.0,241051.0
2004-01-28,94.718,94.718,94.663,94.668,41300.0,200403.0,255752.0
2004-01-29,94.658,94.658,94.573,94.583,65189.0,200403.0,280764.0
2004-01-30,94.588,94.648,94.588,94.633,34799.0,200403.0,263523.0
2004-02-02,94.638,94.638,94.608,94.613,19539.0,200403.0,238243.0
2004-02-03,94.658,94.658,94.623,94.628,21696.0,200403.0,238828.0
2004-02-04,94.648,94.648,94.608,94.613,25235.0,200403.0,232881.0
2004-02-05,94.613,94.623,94.598,94.603,18295.0,200403.0,231537.0
2004-02-06,94.598,94.653,94.598,94.648,34871.0,200403.0,243076.0
2004-02-09,94.633,94.678,94.633,94.673,18239.0,200403.0,240529.0
2004-02-10,94.668,94.688,94.663,94.673,13201.0,200403.0,239593.0
2004-02-11,94.668,94.738,94.663,94.713,28175.0,200403.0,254364.0
2004-02-12,94.718,94.728,94.713,94.718,17969.0,200403.0,242720.0
2004-02-13,94.728,94.728,94.703,94.713,17791.0,200403.0,244959.0
2004-02-16,94.723,94.723,94.708,94.708,896.0,200403.0,241332.0
2004-02-17,94.698,94.713,94.698,94.708,17383.0,200403.0,249362.0
2004-02-18,94.708,94.728,94.658,94.693,25614.0,200403.0,257266.0
2004-02-19,94.698,94.728,94.688,94.713,18472.0,200403.0,249814.0
2004-02-20,94.738,94.743,94.718,94.728,22196.0,200403.0,251053.0
2004-02-23,94.728,94.733,94.723,94.733,19439.0,200403.0,248017.0
2004-02-24,94.738,94.748,94.728,94.728,18279.0,200403.0,252171.0
2004-02-25,94.728,94.728,94.713,94.723,12839.0,200403.0,251253.0
2004-02-26,94.723,94.753,94.718,94.748,24135.0,200403.0,253226.0
2004-02-27,94.758,94.768,94.718,94.743,17193.0,200403.0,254163.0
2004-03-01,94.743,94.758,94.743,94.753,24864.0,200403.0,264765.0
2004-03-02,94.748,94.768,94.698,94.723,30057.0,200403.0,274761.0
2004-03-03,94.708,94.708,94.698,94.703,31846.0,200403.0,285351.0
2004-03-04,94.703,94.703,94.693,94.693,26127.0,200403.0,276549.0
2004-03-05,94.693,94.738,94.688,94.728,54508.0,200403.0,287391.0
2004-03-08,94.728,94.733,94.708,94.723,29931.0,200403.0,278604.0
2004-03-09,94.728,94.733,94.723,94.733,19583.0,200403.0,272629.0
2004-03-10,94.733,94.738,94.718,94.733,32944.0,200403.0,281557.0
2004-03-11,94.748,94.748,94.728,94.733,36902.0,200403.0,285213.0
2004-03-12,94.748,94.768,94.738,94.758,25656.0,200403.0,264212.0
2004-03-15,94.778,94.778,94.758,94.768,18949.0,200406.0,215899.0
2004-03-16,94.778,94.798,94.753,94.793,18471.0,200406.0,212866.0
2004-03-17,94.808,94.808,94.758,94.798,14705.0,200406.0,216104.0
2004-03-18,94.798,94.818,94.788,94.788,9682.0,200406.0,215785.0
2004-03-19,94.773,94.788,94.773,94.783,7765.0,200406.0,214413.0
2004-03-22,94.788,94.833,94.788,94.828,22906.0,200406.0,226167.0
2004-03-23,94.813,94.823,94.808,94.813,18290.0,200406.0,223438.0
2004-03-24,94.828,94.833,94.818,94.828,16312.0,200406.0,226915.0
2004-03-25,94.823,94.828,94.813,94.828,37991.0,200406.0,243016.0
2004-03-26,94.833,94.833,94.758,94.763,33704.0,200406.0,252662.0
2004-03-29,94.748,94.758,94.728,94.753,18199.0,200406.0,244740.0
2004-03-30,94.753,94.788,94.748,94.763,18740.0,200406.0,242631.0
2004-03-31,94.738,94.818,94.738,94.818,16173.0,200406.0,239297.0
2004-04-01,94.808,94.833,94.803,94.828,23669.0,200406.0,246500.0
2004-04-02,94.838,94.838,94.673,94.683,67957.0,200406.0,285560.0
2004-04-05,94.678,94.683,94.668,94.673,22088.0,200406.0,260218.0
2004-04-06,94.683,94.698,94.653,94.658,30846.0,200406.0,261066.0
2004-04-07,94.678,94.698,94.678,94.683,22943.0,200406.0,253529.0
2004-04-08,94.698,94.768,94.698,94.763,22528.0,200406.0,261814.0
2004-04-12,94.748,94.758,94.743,94.753,23199.0,200406.0,219587.0
2004-04-13,94.733,94.733,94.658,94.678,63247.0,200406.0,250007.0
2004-04-14,94.663,94.683,94.638,94.683,37667.0,200406.0,248942.0
2004-04-15,94.683,94.703,94.678,94.703,29873.0,200406.0,231750.0
2004-04-16,94.708,94.738,94.708,94.738,21800.0,200406.0,229440.0
2004-04-19,94.718,94.733,94.718,94.728,9428.0,200406.0,209718.0
2004-04-20,94.728,94.728,94.698,94.713,27255.0,200406.0,221423.0
2004-04-21,94.678,94.708,94.678,94.703,25921.0,200406.0,225877.0
2004-04-22,94.693,94.713,94.688,94.713,10882.0,200406.0,222630.0
2004-04-23,94.703,94.703,94.688,94.698,19838.0,200406.0,215516.0
2004-04-26,94.693,94.703,94.693,94.698,8439.0,200406.0,207276.0
2004-04-27,94.698,94.708,94.698,94.708,16443.0,200406.0,209061.0
2004-04-28,94.698,94.703,94.693,94.693,11956.0,200406.0,207589.0
2004-04-29,94.688,94.703,94.673,94.693,26866.0,200406.0,218646.0
2004-04-30,94.703,94.748,94.693,94.738,43903.0,200406.0,239782.0
2004-05-03,94.748,94.778,94.738,94.748,72562.0,200406.0,270072.0
2004-05-04,94.748,94.768,94.718,94.743,32042.0,200406.0,271532.0
2004-05-05,94.758,94.758,94.738,94.743,24209.0,200406.0,267325.0
2004-05-06,94.728,94.733,94.718,94.728,36348.0,200406.0,276897.0
2004-05-07,94.688,94.708,94.613,94.613,126609.0,200406.0,348592.0
2004-05-10,94.628,94.648,94.628,94.633,44982.0,200406.0,302712.0
2004-05-11,94.628,94.648,94.628,94.648,21500.0,200406.0,272748.0
2004-05-12,94.658,94.658,94.638,94.643,32182.0,200406.0,260269.0
2004-05-13,94.638,94.653,94.633,94.638,26728.0,200406.0,252759.0
2004-05-14,94.628,94.648,94.618,94.643,29726.0,200406.0,251561.0
2004-05-17,94.663,94.663,94.653,94.663,14354.0,200406.0,246281.0
2004-05-18,94.658,94.658,94.633,94.633,32565.0,200406.0,252418.0
2004-05-19,94.633,94.638,94.618,94.628,29467.0,200406.0,257174.0
2004-05-20,94.648,94.648,94.638,94.648,20253.0,200406.0,257335.0
2004-05-21,94.658,94.663,94.648,94.648,25329.0,200406.0,246262.0
2004-05-25,94.658,94.658,94.628,94.633,42407.0,200406.0,251868.0
2004-05-26,94.638,94.658,94.638,94.648,20251.0,200406.0,242882.0
2004-05-27,94.648,94.658,94.648,94.653,31805.0,200406.0,245014.0
2004-05-28,94.643,94.658,94.638,94.643,15091.0,200406.0,236945.0
2004-05-31,94.623,94.643,94.623,94.643,1721.0,200406.0,228537.0
2004-06-01,94.638,94.638,94.628,94.638,42340.0,200406.0,255743.0
2004-06-02,94.638,94.638,94.628,94.628,30790.0,200406.0,261382.0
2004-06-03,94.628,94.638,94.628,94.638,32260.0,200406.0,259134.0
2004-06-04,94.608,94.623,94.593,94.618,60400.0,200406.0,279673.0
2004-06-07,94.613,94.613,94.603,94.603,36892.0,200406.0,267652.0
2004-06-08,94.608,94.648,94.608,94.633,39794.0,200406.0,247682.0
2004-06-09,94.623,94.633,94.623,94.633,19387.0,200406.0,235334.0
2004-06-10,94.628,94.633,94.628,94.633,21370.0,200406.0,237155.0
2004-06-11,94.618,94.628,94.618,94.623,11387.0,200406.0,232113.0
2004-06-14,94.608,94.613,94.573,94.578,29571.0,200409.0,187000.0
2004-06-15,94.583,94.673,94.583,94.658,37175.0,200409.0,195470.0
2004-06-16,94.643,94.713,94.598,94.688,51729.0,200409.0,206756.0
2004-06-17,94.668,94.698,94.633,94.683,26391.0,200409.0,210406.0
2004-06-18,94.693,94.713,94.653,94.658,27761.0,200409.0,207840.0
2004-06-21,94.668,94.693,94.663,94.683,15493.0,200409.0,204435.0
2004-06-22,94.673,94.723,94.668,94.723,19261.0,200409.0,202961.0
2004-06-23,94.703,94.763,94.698,94.753,25386.0,200409.0,204175.0
2004-06-24,94.763,94.813,94.748,94.793,30774.0,200409.0,207381.0
2004-06-25,94.808,94.893,94.803,94.848,38736.0,200409.0,214358.0
2004-06-28,94.838,94.838,94.778,94.793,17478.0,200409.0,205546.0
2004-06-29,94.803,94.803,94.773,94.793,20303.0,200409.0,200577.0
2004-06-30,94.798,94.843,94.793,94.833,32548.0,200409.0,208083.0
2004-07-02,94.848,94.933,94.848,94.908,36356.0,200409.0,215396.0
2004-07-05,94.908,94.918,94.908,94.913,7462.0,200409.0,208055.0
2004-07-06,94.913,94.928,94.893,94.918,36608.0,200409.0,223762.0
2004-07-07,94.913,94.923,94.893,94.918,23553.0,200409.0,213970.0
2004-07-08,94.903,94.933,94.893,94.928,29872.0,200409.0,221515.0
2004-07-09,94.933,94.933,94.863,94.913,36411.0,200409.0,227754.0
2004-07-12,94.923,94.923,94.868,94.878,25903.0,200409.0,230785.0
2004-07-13,94.843,94.853,94.838,94.848,28257.0,200409.0,235920.0
2004-07-14,94.848,94.853,94.828,94.838,25966.0,200409.0,240250.0
2004-07-15,94.803,94.823,94.783,94.803,40588.0,200409.0,244933.0
2004-07-16,94.803,94.843,94.803,94.843,27335.0,200409.0,238592.0
2004-07-19,94.823,94.833,94.813,94.823,13196.0,200409.0,229197.0
2004-07-20,94.763,94.853,94.763,94.803,35050.0,200409.0,245225.0
2004-07-21,94.793,94.813,94.783,94.813,26289.0,200409.0,233614.0
2004-07-22,94.813,94.823,94.793,94.823,41882.0,200409.0,235350.0
2004-07-23,94.818,94.868,94.813,94.853,18403.0,200409.0,229877.0
2004-07-26,94.838,94.843,94.808,94.828,17032.0,200409.0,233445.0
2004-07-27,94.813,94.828,94.803,94.803,35305.0,200409.0,244917.0
2004-07-28,94.823,94.823,94.773,94.803,31408.0,200409.0,244103.0
2004-07-29,94.803,94.828,94.788,94.823,25093.0,200409.0,239767.0
2004-07-30,94.803,94.863,94.803,94.858,30600.0,200409.0,246387.0
2004-08-03,94.868,94.948,94.858,94.938,49393.0,200409.0,258718.0
2004-08-04,94.883,94.943,94.883,94.908,31338.0,200409.0,261121.0
2004-08-05,94.923,94.933,94.923,94.928,34157.0,200409.0,267357.0
2004-08-06,94.948,95.063,94.948,95.018,66390.0,200409.0,299244.0
2004-08-09,95.038,95.038,94.998,95.003,28634.0,200409.0,274557.0
2004-08-10,95.003,95.008,94.953,94.958,35972.0,200409.0,275335.0
2004-08-11,94.973,94.973,94.948,94.968,23707.0,200409.0,268124.0
2004-08-12,94.968,94.968,94.958,94.963,23766.0,200409.0,270739.0
2004-08-13,94.988,94.988,94.933,94.943,30774.0,200409.0,272522.0
2004-08-16,94.933,94.933,94.893,94.898,25586.0,200409.0,267826.0
2004-08-17,94.893,94.923,94.893,94.918,26083.0,200409.0,257612.0
2004-08-18,94.938,94.938,94.893,94.903,24843.0,200409.0,256236.0
2004-08-19,94.923,94.938,94.908,94.938,30726.0,200409.0,257516.0
2004-08-20,94.933,94.963,94.933,94.933,18005.0,200409.0,257228.0
2004-08-23,94.883,94.933,94.883,94.908,16876.0,200409.0,255902.0
2004-08-24,94.893,94.893,94.798,94.838,76195.0,200409.0,297886.0
2004-08-25,94.838,94.838,94.788,94.808,46216.0,200409.0,276949.0
2004-08-26,94.798,94.818,94.793,94.793,22322.0,200409.0,248864.0
2004-08-27,94.798,94.798,94.778,94.793,23123.0,200409.0,236010.0
2004-08-30,94.793,94.793,94.773,94.778,18880.0,200409.0,231307.0
2004-08-31,94.773,94.863,94.773,94.838,36992.0,200409.0,233022.0
2004-09-01,94.778,94.808,94.778,94.808,29286.0,200409.0,228621.0
2004-09-02,94.803,94.808,94.768,94.773,40583.0,200409.0,231374.0
2004-09-03,94.788,94.798,94.723,94.743,58654.0,200409.0,256287.0
2004-09-07,94.733,94.743,94.718,94.733,41935.0,200409.0,237285.0
2004-09-08,94.733,94.753,94.713,94.743,53109.0,200409.0,249278.0
2004-09-09,94.748,94.753,94.733,94.738,45427.0,200409.0,235177.0
2004-09-10,94.753,94.763,94.743,94.743,41951.0,200409.0,231560.0
2004-09-13,94.723,94.743,94.718,94.743,21482.0,200412.0,167041.0
2004-09-14,94.743,94.753,94.723,94.753,18705.0,200412.0,170509.0
2004-09-15,94.738,94.748,94.718,94.728,32050.0,200412.0,173405.0
2004-09-16,94.718,94.793,94.718,94.778,37371.0,200412.0,180645.0
2004-09-17,94.843,94.853,94.798,94.803,31586.0,200412.0,178289.0
2004-09-20,94.813,94.818,94.778,94.783,24974.0,200412.0,175007.0
2004-09-21,94.773,94.773,94.698,94.723,37305.0,200412.0,186238.0
2004-09-22,94.708,94.733,94.683,94.723,20101.0,200412.0,174771.0
2004-09-23,94.733,94.738,94.673,94.678,23224.0,200412.0,175650.0
2004-09-24,94.683,94.693,94.668,94.688,27280.0,200412.0,176220.0
2004-09-27,94.688,94.708,94.688,94.703,12036.0,200412.0,175861.0
2004-09-28,94.713,94.723,94.698,94.703,17071.0,200412.0,177709.0
2004-09-29,94.703,94.703,94.678,94.688,20066.0,200412.0,183750.0
2004-09-30,94.693,94.728,94.683,94.708,34971.0,200412.0,189351.0
2004-10-01,94.693,94.703,94.678,94.683,20598.0,200412.0,185498.0
2004-10-04,94.673,94.703,94.673,94.693,15724.0,200412.0,183220.0
2004-10-05,94.693,94.703,94.688,94.703,18435.0,200412.0,188587.0
2004-10-06,94.658,94.698,94.658,94.683,15909.0,200412.0,186907.0
2004-10-07,94.668,94.708,94.668,94.703,25794.0,200412.0,190552.0
2004-10-08,94.663,94.728,94.663,94.728,32128.0,200412.0,196251.0
2004-10-12,94.743,94.763,94.743,94.758,38273.0,200412.0,204900.0
2004-10-13,94.738,94.778,94.728,94.773,46613.0,200412.0,213377.0
2004-10-14,94.778,94.808,94.773,94.793,43237.0,200412.0,215926.0
2004-10-15,94.793,94.798,94.733,94.768,34256.0,200412.0,217462.0
2004-10-18,94.708,94.778,94.708,94.778,16664.0,200412.0,219026.0
2004-10-19,94.763,94.778,94.693,94.773,36032.0,200412.0,226712.0
2004-10-20,94.813,94.833,94.783,94.833,44450.0,200412.0,241219.0
2004-10-21,94.828,94.838,94.753,94.793,57783.0,200412.0,252227.0
2004-10-22,94.763,94.793,94.753,94.793,26585.0,200412.0,236062.0
2004-10-25,94.818,94.828,94.803,94.813,30446.0,200412.0,237956.0
2004-10-26,94.783,94.793,94.773,94.773,29508.0,200412.0,241640.0
2004-10-27,94.763,94.768,94.743,94.743,35453.0,200412.0,248659.0
2004-10-28,94.708,94.748,94.703,94.718,47971.0,200412.0,257685.0
2004-10-29,94.713,94.723,94.678,94.688,46912.0,200412.0,255701.0
2004-11-01,94.683,94.693,94.658,94.658,27802.0,200412.0,240571.0
2004-11-02,94.658,94.658,94.638,94.643,35612.0,200412.0,231413.0
2004-11-03,94.623,94.658,94.608,94.658,49693.0,200412.0,241060.0
2004-11-04,94.643,94.668,94.643,94.653,30671.0,200412.0,231211.0
2004-11-05,94.653,94.653,94.593,94.603,75129.0,200412.0,258852.0
2004-11-08,94.603,94.618,94.593,94.603,33760.0,200412.0,239436.0
2004-11-09,94.613,94.613,94.598,94.598,20307.0,200412.0,232839.0
2004-11-10,94.593,94.628,94.593,94.608,38449.0,200412.0,232787.0
2004-11-12,94.623,94.648,94.618,94.638,35226.0,200412.0,236506.0
2004-11-15,94.628,94.658,94.628,94.638,26994.0,200412.0,232413.0
2004-11-16,94.648,94.648,94.623,94.628,28834.0,200412.0,229523.0
2004-11-17,94.613,94.688,94.613,94.673,69463.0,200412.0,247954.0
2004-11-18,94.673,94.678,94.653,94.673,42277.0,200412.0,238428.0
2004-11-19,94.678,94.758,94.673,94.738,65611.0,200412.0,251961.0
2004-11-22,94.703,94.713,94.678,94.688,30909.0,200412.0,238501.0
2004-11-23,94.703,94.733,94.698,94.713,39737.0,200412.0,247728.0
2004-11-24,94.723,94.733,94.723,94.728,31317.0,200412.0,226539.0
2004-11-25,94.773,94.853,94.773,94.843,45290.0,200412.0,247591.0
2004-11-26,94.823,94.848,94.803,94.843,38224.0,200412.0,258191.0
2004-11-29,94.823,94.833,94.813,94.823,37735.0,200412.0,255804.0
2004-11-30,94.828,94.883,94.823,94.858,78106.0,200412.0,276210.0
2004-12-01,94.868,94.868,94.833,94.843,48800.0,200412.0,282433.0
2004-12-02,94.833,94.833,94.808,94.823,48601.0,200412.0,299266.0
2004-12-03,94.843,94.903,94.793,94.893,76768.0,200412.0,321797.0
2004-12-06,94.888,94.893,94.873,94.873,41726.0,200412.0,301923.0
2004-12-07,94.873,94.923,94.868,94.918,73119.0,200412.0,331574.0
2004-12-08,94.923,94.923,94.903,94.918,61931.0,200412.0,327072.0
2004-12-09,94.908,94.913,94.903,94.913,66593.0,200412.0,341001.0
2004-12-10,94.913,94.918,94.908,94.918,31233.0,200412.0,320356.0
2004-12-13,94.918,94.938,94.903,94.928,23722.0,200503.0,261705.0
2004-12-14,94.928,94.963,94.918,94.948,38728.0,200503.0,265578.0
2004-12-15,94.948,94.963,94.943,94.958,31069.0,200503.0,264596.0
2004-12-16,94.953,94.963,94.933,94.938,31313.0,200503.0,261081.0
2004-12-17,94.938,94.938,94.898,94.908,35446.0,200503.0,266709.0
2004-12-20,94.908,94.918,94.898,94.908,8970.0,200503.0,246076.0
2004-12-21,94.903,94.923,94.883,94.918,18842.0,200503.0,247215.0
2004-12-22,94.918,94.918,94.893,94.903,18104.0,200503.0,250335.0
2004-12-23,94.903,94.938,94.898,94.933,14909.0,200503.0,248041.0
2004-12-24,94.933,94.933,94.933,94.933,328.0,200503.0,241609.0
2004-12-29,94.913,94.918,94.873,94.883,27957.0,200503.0,257515.0
2004-12-30,94.888,94.908,94.888,94.908,17910.0,200503.0,256182.0
2004-12-31,94.903,94.918,94.903,94.918,5128.0,200503.0,255289.0
2005-01-04,94.898,94.908,94.888,94.888,28878.0,200503.0,257805.0
2005-01-05,94.878,94.908,94.878,94.903,22622.0,200503.0,260527.0
2005-01-06,94.903,94.928,94.903,94.928,27656.0,200503.0,254924.0
2005-01-07,94.918,94.918,94.873,94.878,76821.0,200503.0,291712.0
2005-01-10,94.888,94.888,94.853,94.853,44218.0,200503.0,276483.0
2005-01-11,94.858,94.878,94.848,94.868,28501.0,200503.0,245961.0
2005-01-12,94.863,94.888,94.848,94.888,68240.0,200503.0,253409.0
2005-01-13,94.888,94.933,94.888,94.928,35246.0,200503.0,236103.0
2005-01-14,94.928,94.933,94.903,94.923,20574.0,200503.0,221414.0
2005-01-17,94.928,94.938,94.918,94.938,11528.0,200503.0,218725.0
2005-01-18,94.928,94.948,94.918,94.948,42872.0,200503.0,243635.0
2005-01-19,94.948,94.953,94.933,94.943,43752.0,200503.0,250757.0
2005-01-20,94.943,94.953,94.938,94.943,38143.0,200503.0,252757.0
2005-01-21,94.938,94.953,94.928,94.943,30940.0,200503.0,257404.0
2005-01-24,94.943,94.953,94.938,94.938,40943.0,200503.0,259023.0
2005-01-25,94.938,94.988,94.938,94.988,61488.0,200503.0,284226.0
2005-01-26,94.983,95.018,94.983,95.003,52051.0,200503.0,295047.0
2005-01-27,94.998,95.013,94.963,94.973,93285.0,200503.0,320229.0
2005-01-28,94.973,94.983,94.973,94.973,25657.0,200503.0,296354.0
2005-01-31,94.968,94.973,94.963,94.968,31254.0,200503.0,296617.0
2005-02-01,94.963,94.973,94.958,94.968,31756.0,200503.0,295773.0
2005-02-02,94.973,94.973,94.963,94.968,20924.0,200503.0,293723.0
2005-02-03,94.968,94.968,94.958,94.968,32708.0,200503.0,302834.0
2005-02-04,94.983,94.983,94.968,94.983,32271.0,200503.0,301481.0
2005-02-07,94.978,94.978,94.968,94.973,15868.0,200503.0,296914.0
2005-02-08,94.968,94.968,94.958,94.958,44667.0,200503.0,314108.0
2005-02-09,94.958,94.968,94.958,94.963,27542.0,200503.0,303248.0
2005-02-10,94.963,94.968,94.963,94.963,24347.0,200503.0,299915.0
2005-02-11,94.963,94.973,94.963,94.968,15958.0,200503.0,297151.0
2005-02-14,94.963,94.973,94.963,94.968,14310.0,200503.0,283676.0
2005-02-15,94.968,94.973,94.968,94.968,19423.0,200503.0,287201.0
2005-02-16,94.968,94.968,94.958,94.958,28666.0,200503.0,295110.0
2005-02-17,94.953,94.958,94.943,94.953,55580.0,200503.0,313360.0
2005-02-18,94.948,94.953,94.948,94.948,36554.0,200503.0,309091.0
2005-02-21,94.953,94.963,94.953,94.953,8803.0,200503.0,284773.0
2005-02-22,94.968,94.973,94.963,94.963,50027.0,200503.0,308952.0
2005-02-23,94.963,94.963,94.948,94.948,51486.0,200503.0,319602.0
2005-02-24,94.938,94.948,94.933,94.943,35274.0,200503.0,302628.0
2005-02-25,94.943,94.948,94.938,94.938,19891.0,200503.0,293507.0
2005-02-28,94.948,94.948,94.933,94.938,24801.0,200503.0,297151.0
2005-03-01,94.938,94.943,94.938,94.943,35033.0,200503.0,306960.0
2005-03-02,94.938,94.943,94.933,94.938,28739.0,200503.0,311719.0
2005-03-03,94.938,94.943,94.933,94.938,32362.0,200503.0,318076.0
2005-03-04,94.943,94.943,94.928,94.928,58932.0,200503.0,337502.0
2005-03-07,94.928,94.938,94.928,94.933,27920.0,200503.0,332626.0
2005-03-08,94.933,94.933,94.928,94.933,34933.0,200503.0,341221.0
2005-03-09,94.933,94.933,94.928,94.928,31038.0,200503.0,328277.0
2005-03-10,94.928,94.933,94.928,94.933,28641.0,200503.0,326479.0
2005-03-11,94.918,94.933,94.918,94.928,61082.0,200503.0,343462.0
2005-03-14,94.908,94.923,94.898,94.913,61604.0,200506.0,297471.0
2005-03-15,94.913,94.933,94.863,94.868,98726.0,200506.0,313184.0
2005-03-16,94.858,94.898,94.838,94.848,69004.0,200506.0,310585.0
2005-03-17,94.893,94.918,94.853,94.878,63584.0,200506.0,282006.0
2005-03-18,94.873,94.878,94.848,94.853,23857.0,200506.0,257922.0
2005-03-21,94.833,94.868,94.773,94.778,68073.0,200506.0,293836.0
2005-03-22,94.768,94.788,94.693,94.708,85311.0,200506.0,295861.0
2005-03-23,94.708,94.753,94.703,94.738,47717.0,200506.0,288993.0
2005-03-24,94.738,94.748,94.728,94.738,19593.0,200506.0,270138.0
2005-03-28,94.728,94.738,94.728,94.733,8777.0,200506.0,262467.0
2005-03-29,94.743,94.788,94.743,94.778,67118.0,200506.0,295514.0
2005-03-30,94.793,94.793,94.778,94.788,31700.0,200506.0,292255.0
2005-03-31,94.788,94.858,94.788,94.828,73948.0,200506.0,310193.0
2005-04-01,94.823,94.898,94.823,94.868,65683.0,200506.0,315887.0
2005-04-04,94.848,94.888,94.848,94.873,28700.0,200506.0,300204.0
2005-04-05,94.858,94.868,94.843,94.853,23819.0,200506.0,310667.0
2005-04-06,94.868,94.873,94.848,94.868,10993.0,200506.0,287402.0
2005-04-07,94.878,94.898,94.863,94.888,33351.0,200506.0,300745.0
2005-04-08,94.918,94.968,94.918,94.958,69124.0,200506.0,333317.0
2005-04-11,94.948,94.968,94.943,94.958,49532.0,200506.0,328961.0
2005-04-12,94.948,94.978,94.918,94.958,60112.0,200506.0,326593.0
2005-04-13,94.973,94.998,94.963,94.998,63260.0,200506.0,304216.0
2005-04-14,95.008,95.053,94.988,95.048,137213.0,200506.0,362727.0
2005-04-15,95.058,95.068,95.043,95.058,75822.0,200506.0,361522.0
2005-04-18,95.073,95.078,95.058,95.078,45652.0,200506.0,339904.0
2005-04-19,95.058,95.088,95.043,95.088,74628.0,200506.0,363055.0
2005-04-20,95.078,95.098,95.053,95.083,58774.0,200506.0,371222.0
2005-04-21,95.068,95.083,95.053,95.063,67317.0,200506.0,327736.0
2005-04-22,95.048,95.063,95.043,95.063,52923.0,200506.0,340165.0
2005-04-25,95.063,95.063,95.043,95.058,22266.0,200506.0,329091.0
2005-04-26,95.063,95.068,95.043,95.068,27189.0,200506.0,320501.0
2005-04-27,95.053,95.068,95.053,95.058,34832.0,200506.0,323250.0
2005-04-28,95.073,95.073,95.063,95.068,36278.0,200506.0,324418.0
2005-04-29,95.068,95.068,95.058,95.058,30633.0,200506.0,325241.0
2005-05-02,95.058,95.068,95.048,95.068,26479.0,200506.0,326586.0
2005-05-03,95.058,95.063,95.048,95.058,24121.0,200506.0,321471.0
2005-05-04,95.063,95.068,95.058,95.068,23477.0,200506.0,315185.0
2005-05-05,95.063,95.073,95.058,95.068,34281.0,200506.0,318986.0
2005-05-06,95.058,95.063,95.013,95.023,86996.0,200506.0,355703.0
2005-05-09,95.018,95.028,95.018,95.023,30397.0,200506.0,338980.0
2005-05-10,95.038,95.043,95.028,95.038,32946.0,200506.0,339745.0
2005-05-11,95.033,95.068,95.028,95.043,53550.0,200506.0,351024.0
2005-05-12,95.043,95.053,95.038,95.043,34944.0,200506.0,342200.0
2005-05-13,95.043,95.073,95.043,95.073,61898.0,200506.0,328593.0
2005-05-16,95.058,95.068,95.053,95.053,36190.0,200506.0,333967.0
2005-05-17,95.053,95.058,95.048,95.053,29838.0,200506.0,326841.0
2005-05-18,95.048,95.053,95.038,95.038,38778.0,200506.0,328248.0
2005-05-19,95.033,95.038,95.013,95.023,41040.0,200506.0,326712.0
2005-05-20,95.043,95.048,94.998,95.003,30302.0,200506.0,321255.0
2005-05-24,95.038,95.038,95.013,95.028,28710.0,200506.0,328060.0
2005-05-25,95.018,95.068,95.013,95.043,44795.0,200506.0,330888.0
2005-05-26,95.043,95.053,95.043,95.048,20038.0,200506.0,329475.0
2005-05-27,95.043,95.058,95.043,95.053,23748.0,200506.0,322534.0
2005-05-30,95.048,95.048,95.048,95.048,10912.0,200506.0,306025.0
2005-05-31,95.053,95.063,95.053,95.058,61729.0,200506.0,338139.0
2005-06-01,95.058,95.068,95.058,95.068,58010.0,200506.0,360918.0
2005-06-02,95.068,95.068,95.058,95.068,53347.0,200506.0,372018.0
2005-06-03,95.063,95.078,95.058,95.068,50109.0,200506.0,381206.0
2005-06-06,95.063,95.063,95.053,95.063,30786.0,200506.0,377051.0
2005-06-07,95.063,95.068,95.063,95.063,38794.0,200506.0,348495.0
2005-06-08,95.058,95.068,95.058,95.063,71675.0,200506.0,382222.0
2005-06-09,95.058,95.063,95.053,95.063,43992.0,200506.0,369813.0
2005-06-10,95.053,95.063,95.048,95.053,84317.0,200506.0,403523.0
2005-06-13,95.043,95.078,95.033,95.078,31850.0,200509.0,339211.0
2005-06-14,95.083,95.093,95.058,95.063,33292.0,200509.0,331627.0
2005-06-15,95.063,95.088,95.043,95.078,43896.0,200509.0,341622.0
2005-06-16,95.088,95.118,95.073,95.113,24886.0,200509.0,333877.0
2005-06-17,95.103,95.123,95.093,95.118,21286.0,200509.0,337958.0
2005-06-20,95.123,95.138,95.113,95.133,26344.0,200509.0,343802.0
2005-06-21,95.138,95.138,95.113,95.133,47687.0,200509.0,364062.0
2005-06-22,95.143,95.173,95.143,95.168,35361.0,200509.0,322577.0
2005-06-23,95.153,95.178,95.153,95.173,31162.0,200509.0,328338.0
2005-06-24,95.183,95.193,95.178,95.188,34243.0,200509.0,325019.0
2005-06-27,95.193,95.193,95.153,95.173,49401.0,200509.0,339790.0
2005-06-28,95.163,95.168,95.143,95.153,45335.0,200509.0,359825.0
2005-06-29,95.148,95.158,95.143,95.153,36212.0,200509.0,352693.0
2005-06-30,95.158,95.163,95.138,95.143,28111.0,200509.0,340101.0
2005-07-04,95.123,95.123,95.038,95.063,71039.0,200509.0,367850.0
2005-07-05,95.058,95.068,95.008,95.013,101810.0,200509.0,406945.0
2005-07-06,95.028,95.038,95.003,95.018,67956.0,200509.0,373522.0
2005-07-07,95.103,95.133,95.048,95.068,53257.0,200509.0,343074.0
2005-07-08,95.033,95.053,94.988,95.003,62653.0,200509.0,349664.0
2005-07-11,94.993,95.003,94.958,94.968,50362.0,200509.0,354713.0
2005-07-12,94.973,94.978,94.893,94.903,101451.0,200509.0,394884.0
2005-07-13,94.903,94.918,94.893,94.908,39631.0,200509.0,388329.0
2005-07-14,94.903,94.923,94.883,94.913,60411.0,200509.0,352179.0
2005-07-15,94.908,94.928,94.908,94.913,30811.0,200509.0,312747.0
2005-07-18,94.933,94.933,94.913,94.913,14122.0,200509.0,290057.0
2005-07-19,94.913,94.933,94.913,94.933,21549.0,200509.0,280032.0
2005-07-20,94.923,94.938,94.918,94.928,24617.0,200509.0,288866.0
2005-07-21,94.908,94.938,94.908,94.938,41045.0,200509.0,306630.0
2005-07-22,94.933,95.018,94.933,95.008,86753.0,200509.0,327537.0
2005-07-25,95.008,95.013,94.993,95.003,43605.0,200509.0,321499.0
2005-07-26,94.998,95.003,94.963,94.973,33056.0,200509.0,316757.0
2005-07-27,94.978,94.983,94.928,94.933,66080.0,200509.0,329516.0
2005-07-28,94.923,94.968,94.923,94.953,47347.0,200509.0,327354.0
2005-07-29,94.968,94.968,94.923,94.933,37370.0,200509.0,313767.0
2005-08-02,94.928,94.943,94.928,94.933,45992.0,200509.0,326471.0
2005-08-03,94.933,94.948,94.933,94.948,21931.0,200509.0,324085.0
2005-08-04,94.948,94.958,94.943,94.943,22375.0,200509.0,301170.0
2005-08-05,94.943,94.963,94.918,94.918,55670.0,200509.0,322351.0
2005-08-08,94.928,94.933,94.918,94.918,32788.0,200509.0,326606.0
2005-08-09,94.913,94.923,94.893,94.918,41766.0,200509.0,334607.0
2005-08-10,94.918,94.928,94.893,94.903,31572.0,200509.0,331565.0
2005-08-11,94.903,94.918,94.898,94.903,30600.0,200509.0,312180.0
2005-08-12,94.898,94.913,94.893,94.908,28658.0,200509.0,313954.0
2005-08-15,94.908,94.913,94.883,94.888,30675.0,200509.0,320305.0
2005-08-16,94.893,94.913,94.883,94.908,51633.0,200509.0,340342.0
2005-08-17,94.898,94.908,94.893,94.893,39442.0,200509.0,322850.0
2005-08-18,94.898,94.903,94.893,94.903,14078.0,200509.0,303529.0
2005-08-19,94.903,94.903,94.888,94.898,23498.0,200509.0,313045.0
2005-08-22,94.873,94.883,94.873,94.873,69855.0,200509.0,336253.0
2005-08-23,94.873,94.878,94.858,94.863,59351.0,200509.0,342189.0
2005-08-24,94.868,94.878,94.863,94.873,37712.0,200509.0,328307.0
2005-08-25,94.883,94.918,94.878,94.898,68636.0,200509.0,351022.0
2005-08-26,94.918,94.923,94.888,94.893,77529.0,200509.0,362561.0
2005-08-29,94.898,94.908,94.888,94.893,28805.0,200509.0,343554.0
2005-08-30,94.893,94.923,94.893,94.923,44545.0,200509.0,339513.0
2005-08-31,94.918,94.988,94.913,94.988,147527.0,200509.0,407654.0
2005-09-01,94.978,95.123,94.958,95.103,190639.0,200509.0,453962.0
2005-09-02,95.073,95.093,95.013,95.033,77087.0,200509.0,448675.0
2005-09-06,94.983,95.003,94.968,94.973,55820.0,200509.0,456357.0
2005-09-07,94.973,94.978,94.933,94.943,81865.0,200509.0,453883.0
2005-09-08,94.948,94.963,94.948,94.958,42101.0,200509.0,437324.0
2005-09-09,94.963,94.963,94.948,94.948,25179.0,200509.0,417235.0
2005-09-12,94.953,94.953,94.938,94.943,32137.0,200509.0,418102.0
2005-09-13,94.938,94.953,94.928,94.933,24566.0,200509.0,398019.0
2005-09-14,94.938,94.938,94.918,94.918,49106.0,200509.0,402088.0
2005-09-15,94.923,94.923,94.898,94.903,38335.0,200509.0,400411.0
2005-09-16,94.903,94.908,94.888,94.893,55713.0,200509.0,410068.0
2005-09-19,94.898,94.958,94.893,94.953,47703.0,200512.0,333946.0
2005-09-20,94.943,94.948,94.893,94.898,55814.0,200512.0,336123.0
2005-09-21,94.903,94.923,94.903,94.908,29356.0,200512.0,310416.0
2005-09-22,94.928,94.953,94.893,94.903,43960.0,200512.0,307577.0
2005-09-23,94.888,94.888,94.823,94.828,57010.0,200512.0,313410.0
2005-09-26,94.803,94.808,94.763,94.773,68585.0,200512.0,321504.0
2005-09-27,94.763,94.798,94.733,94.748,91666.0,200512.0,325411.0
2005-09-28,94.758,94.763,94.723,94.733,68137.0,200512.0,321807.0
2005-09-29,94.748,94.763,94.698,94.708,59428.0,200512.0,304946.0
2005-09-30,94.698,94.708,94.678,94.698,54578.0,200512.0,292046.0
2005-10-03,94.718,94.718,94.673,94.708,37149.0,200512.0,292972.0
2005-10-04,94.703,94.723,94.688,94.718,47224.0,200512.0,303013.0
2005-10-05,94.733,94.733,94.698,94.723,40931.0,200512.0,297208.0
2005-10-06,94.733,94.738,94.718,94.723,29786.0,200512.0,296463.0
2005-10-07,94.708,94.743,94.683,94.683,39127.0,200512.0,298043.0
2005-10-11,94.673,94.673,94.653,94.668,32087.0,200512.0,303155.0
2005-10-12,94.663,94.668,94.643,94.658,30927.0,200512.0,289423.0
2005-10-13,94.623,94.663,94.623,94.658,44680.0,200512.0,275985.0
2005-10-14,94.653,94.668,94.633,94.648,29840.0,200512.0,268054.0
2005-10-17,94.658,94.658,94.628,94.633,21279.0,200512.0,252946.0
2005-10-18,94.628,94.633,94.603,94.618,58402.0,200512.0,283552.0
2005-10-19,94.623,94.633,94.588,94.593,53944.0,200512.0,292378.0
2005-10-20,94.573,94.623,94.573,94.613,48680.0,200512.0,291269.0
2005-10-21,94.623,94.623,94.603,94.613,35061.0,200512.0,297517.0
2005-10-24,94.598,94.603,94.583,94.598,25146.0,200512.0,299217.0
2005-10-25,94.583,94.588,94.573,94.573,40564.0,200512.0,314550.0
2005-10-26,94.553,94.568,94.553,94.563,52602.0,200512.0,319684.0
2005-10-27,94.563,94.578,94.563,94.573,21622.0,200512.0,310809.0
2005-10-28,94.578,94.578,94.553,94.563,25803.0,200512.0,316493.0
2005-10-31,94.553,94.563,94.553,94.558,29290.0,200512.0,320789.0
2005-11-01,94.563,94.573,94.543,94.558,44193.0,200512.0,335021.0
2005-11-02,94.548,94.558,94.548,94.553,33951.0,200512.0,340965.0
2005-11-03,94.553,94.558,94.548,94.553,35476.0,200512.0,347797.0
2005-11-04,94.548,94.548,94.528,94.533,36168.0,200512.0,309319.0
2005-11-07,94.538,94.538,94.523,94.528,27626.0,200512.0,316867.0
2005-11-08,94.533,94.538,94.528,94.533,23044.0,200512.0,305074.0
2005-11-09,94.533,94.538,94.523,94.523,37232.0,200512.0,312370.0
2005-11-10,94.523,94.528,94.518,94.528,17855.0,200512.0,310506.0
2005-11-14,94.523,94.523,94.513,94.513,45550.0,200512.0,323248.0
2005-11-15,94.518,94.523,94.513,94.513,27871.0,200512.0,320409.0
2005-11-16,94.518,94.523,94.513,94.513,52679.0,200512.0,336327.0
2005-11-17,94.513,94.528,94.513,94.518,49246.0,200512.0,343984.0
2005-11-18,94.513,94.518,94.493,94.503,33640.0,200512.0,340061.0
2005-11-21,94.498,94.508,94.493,94.498,57485.0,200512.0,363058.0
2005-11-22,94.498,94.533,94.498,94.528,89073.0,200512.0,374329.0
2005-11-23,94.513,94.523,94.498,94.508,34311.0,200512.0,357769.0
2005-11-24,94.513,94.513,94.498,94.498,6670.0,200512.0,348670.0
2005-11-25,94.503,94.503,94.493,94.498,10244.0,200512.0,350209.0
2005-11-28,94.498,94.513,94.498,94.498,35171.0,200512.0,362208.0
2005-11-29,94.498,94.508,94.493,94.498,70664.0,200512.0,387450.0
2005-11-30,94.503,94.528,94.503,94.508,76592.0,200512.0,389304.0
2005-12-01,94.513,94.518,94.508,94.513,61476.0,200512.0,404462.0
2005-12-02,94.508,94.523,94.503,94.518,90096.0,200512.0,402087.0
2005-12-05,94.513,94.518,94.508,94.518,31347.0,200512.0,378919.0
2005-12-06,94.513,94.543,94.508,94.528,120472.0,200512.0,411313.0
2005-12-07,94.533,94.533,94.518,94.523,28304.0,200512.0,377631.0
2005-12-08,94.528,94.538,94.528,94.533,41409.0,200512.0,376606.0
2005-12-09,94.528,94.533,94.528,94.533,73328.0,200512.0,398170.0
2005-12-12,94.528,94.533,94.518,94.523,80807.0,200512.0,415198.0
2005-12-13,94.528,94.528,94.518,94.523,45440.0,200512.0,405835.0
2005-12-14,94.523,94.533,94.523,94.523,102458.0,200512.0,431720.0
2005-12-15,94.528,94.528,94.518,94.518,32104.0,200512.0,401064.0
2005-12-16,94.518,94.518,94.503,94.508,36133.0,200512.0,384181.0
2005-12-19,94.508,94.513,94.483,94.508,27742.0,200603.0,318271.0
2005-12-20,94.498,94.498,94.483,94.493,33491.0,200603.0,326290.0
2005-12-21,94.488,94.503,94.473,94.473,29137.0,200603.0,331448.0
2005-12-22,94.493,94.493,94.468,94.473,22812.0,200603.0,319126.0
2005-12-23,94.463,94.468,94.448,94.463,14182.0,200603.0,322024.0
2005-12-28,94.463,94.478,94.463,94.473,12313.0,200603.0,324167.0
2005-12-29,94.463,94.478,94.448,94.453,15413.0,200603.0,326806.0
2005-12-30,94.448,94.458,94.443,94.443,23068.0,200603.0,331966.0
2006-01-03,94.453,94.483,94.443,94.483,41992.0,200603.0,352871.0
2006-01-04,94.488,94.608,94.488,94.603,143234.0,200603.0,408347.0
2006-01-05,94.578,94.668,94.568,94.653,134048.0,200603.0,420615.0
2006-01-06,94.613,94.668,94.603,94.623,90111.0,200603.0,390366.0
2006-01-09,94.618,94.633,94.588,94.608,42167.0,200603.0,315335.0
2006-01-10,94.598,94.598,94.558,94.558,45388.0,200603.0,323384.0
2006-01-11,94.568,94.573,94.543,94.553,38901.0,200603.0,308319.0
2006-01-12,94.563,94.573,94.528,94.553,52390.0,200603.0,320703.0
2006-01-13,94.558,94.583,94.543,94.578,29922.0,200603.0,305845.0
2006-01-16,94.548,94.583,94.548,94.573,14832.0,200603.0,302433.0
2006-01-17,94.578,94.588,94.563,94.573,48247.0,200603.0,321046.0
2006-01-18,94.613,94.613,94.563,94.578,77497.0,200603.0,316528.0
2006-01-19,94.563,94.573,94.553,94.563,46486.0,200603.0,320243.0
2006-01-20,94.573,94.573,94.558,94.573,30156.0,200603.0,316020.0
2006-01-23,94.573,94.578,94.558,94.568,35265.0,200603.0,327817.0
2006-01-24,94.568,94.608,94.558,94.598,86178.0,200603.0,368414.0
2006-01-25,94.588,94.593,94.558,94.563,51886.0,200603.0,365336.0
2006-01-26,94.573,94.573,94.548,94.558,59069.0,200603.0,387308.0
2006-01-27,94.558,94.578,94.548,94.548,49693.0,200603.0,397169.0
2006-01-30,94.533,94.548,94.528,94.533,42224.0,200603.0,340019.0
2006-01-31,94.543,94.558,94.538,94.548,48255.0,200603.0,353836.0
2006-02-01,94.543,94.543,94.528,94.528,57956.0,200603.0,355819.0
2006-02-02,94.538,94.543,94.508,94.513,50918.0,200603.0,356275.0
2006-02-03,94.518,94.523,94.498,94.513,67634.0,200603.0,378809.0
2006-02-06,94.498,94.513,94.483,94.483,69535.0,200603.0,405824.0
2006-02-07,94.488,94.493,94.483,94.483,67778.0,200603.0,426000.0
2006-02-08,94.488,94.493,94.468,94.473,59982.0,200603.0,437517.0
2006-02-09,94.473,94.503,94.468,94.478,58997.0,200603.0,461198.0
2006-02-10,94.498,94.508,94.478,94.488,69538.0,200603.0,485481.0
2006-02-13,94.493,94.498,94.493,94.493,27062.0,200603.0,399566.0
2006-02-14,94.503,94.503,94.488,94.493,60810.0,200603.0,408283.0
2006-02-15,94.503,94.503,94.488,94.498,90470.0,200603.0,432646.0
2006-02-16,94.498,94.513,94.498,94.503,27535.0,200603.0,407026.0
2006-02-17,94.518,94.528,94.503,94.518,36507.0,200603.0,407516.0
2006-02-20,94.508,94.528,94.508,94.518,42774.0,200603.0,408124.0
2006-02-21,94.513,94.523,94.503,94.508,41170.0,200603.0,388575.0
2006-02-22,94.503,94.518,94.488,94.513,51561.0,200603.0,390878.0
2006-02-23,94.513,94.518,94.503,94.503,33075.0,200603.0,385650.0
2006-02-24,94.498,94.513,94.498,94.503,57787.0,200603.0,398824.0
2006-02-27,94.503,94.503,94.493,94.498,41590.0,200603.0,397209.0
2006-02-28,94.493,94.513,94.488,94.508,73093.0,200603.0,428647.0
2006-03-01,94.513,94.513,94.503,94.508,76798.0,200603.0,417232.0
2006-03-02,94.508,94.523,94.503,94.523,74297.0,200603.0,419148.0
2006-03-03,94.518,94.518,94.508,94.513,47950.0,200603.0,413305.0
2006-03-06,94.513,94.523,94.508,94.523,70561.0,200603.0,404872.0
2006-03-07,94.508,94.533,94.508,94.523,179742.0,200603.0,485718.0
2006-03-08,94.523,94.543,94.523,94.538,118825.0,200603.0,475979.0
2006-03-09,94.538,94.543,94.533,94.533,104601.0,200603.0,468764.0
2006-03-10,94.538,94.538,94.523,94.523,72781.0,200603.0,430093.0
2006-03-13,94.493,94.543,94.493,94.533,19444.0,200606.0,338170.0
2006-03-14,94.543,94.583,94.538,94.578,59750.0,200606.0,354347.0
2006-03-15,94.573,94.588,94.563,94.563,60504.0,200606.0,352660.0
2006-03-16,94.568,94.623,94.568,94.608,69883.0,200606.0,368843.0
2006-03-17,94.593,94.608,94.568,94.578,27561.0,200606.0,339059.0
2006-03-20,94.583,94.583,94.563,94.568,30516.0,200606.0,338291.0
2006-03-21,94.558,94.568,94.543,94.553,59084.0,200606.0,351385.0
2006-03-22,94.543,94.543,94.503,94.513,80777.0,200606.0,359886.0
2006-03-23,94.518,94.528,94.488,94.493,75165.0,200606.0,343850.0
2006-03-24,94.493,94.548,94.493,94.538,58184.0,200606.0,346684.0
2006-03-27,94.523,94.523,94.503,94.508,45448.0,200606.0,343511.0
2006-03-28,94.493,94.503,94.458,94.468,77159.0,200606.0,372877.0
2006-03-29,94.463,94.463,94.438,94.453,78698.0,200606.0,382762.0
2006-03-30,94.453,94.473,94.443,94.453,68544.0,200606.0,377881.0
2006-03-31,94.448,94.483,94.448,94.473,56138.0,200606.0,374678.0
2006-04-03,94.463,94.463,94.433,94.443,79677.0,200606.0,393166.0
2006-04-04,94.438,94.448,94.408,94.418,107691.0,200606.0,426926.0
2006-04-05,94.428,94.458,94.428,94.438,39835.0,200606.0,395574.0
2006-04-06,94.438,94.448,94.423,94.423,65159.0,200606.0,406487.0
2006-04-07,94.403,94.403,94.338,94.383,126395.0,200606.0,450426.0
2006-04-10,94.358,94.378,94.343,94.353,31659.0,200606.0,414051.0
2006-04-11,94.363,94.368,94.348,94.363,30651.0,200606.0,409691.0
2006-04-12,94.368,94.383,94.363,94.368,36593.0,200606.0,410222.0
2006-04-13,94.358,94.383,94.353,94.363,38100.0,200606.0,409640.0
2006-04-17,94.433,94.433,94.358,94.423,46297.0,200606.0,414401.0
2006-04-18,94.433,94.493,94.433,94.478,123306.0,200606.0,454564.0
2006-04-19,94.488,94.488,94.438,94.458,70203.0,200606.0,444785.0
2006-04-20,94.458,94.458,94.423,94.448,62584.0,200606.0,414568.0
2006-04-21,94.448,94.478,94.443,94.473,75792.0,200606.0,426926.0
2006-04-24,94.468,94.473,94.463,94.468,43052.0,200606.0,404858.0
2006-04-25,94.463,94.463,94.358,94.388,113506.0,200606.0,436577.0
2006-04-26,94.378,94.393,94.358,94.363,59147.0,200606.0,409533.0
2006-04-27,94.373,94.403,94.343,94.383,103731.0,200606.0,422041.0
2006-04-28,94.378,94.403,94.373,94.398,77317.0,200606.0,420578.0
2006-05-01,94.383,94.388,94.353,94.363,31121.0,200606.0,401512.0
2006-05-02,94.353,94.373,94.343,94.368,52633.0,200606.0,398502.0
2006-05-03,94.363,94.368,94.348,94.358,63058.0,200606.0,414340.0
2006-05-04,94.348,94.368,94.343,94.363,75417.0,200606.0,430190.0
2006-05-05,94.363,94.378,94.333,94.353,84565.0,200606.0,435200.0
2006-05-08,94.353,94.368,94.348,94.358,47574.0,200606.0,438636.0
2006-05-09,94.353,94.398,94.353,94.378,70154.0,200606.0,455364.0
2006-05-10,94.373,94.398,94.353,94.383,58002.0,200606.0,455131.0
2006-05-11,94.378,94.413,94.373,94.413,71975.0,200606.0,462840.0
2006-05-12,94.388,94.468,94.388,94.433,147322.0,200606.0,499635.0
2006-05-15,94.428,94.428,94.403,94.423,51300.0,200606.0,476442.0
2006-05-16,94.423,94.438,94.413,94.428,65171.0,200606.0,471013.0
2006-05-17,94.423,94.423,94.393,94.403,61534.0,200606.0,444056.0
2006-05-18,94.398,94.463,94.363,94.453,154821.0,200606.0,474981.0
2006-05-19,94.448,94.448,94.413,94.418,48019.0,200606.0,447035.0
2006-05-23,94.418,94.423,94.408,94.418,70099.0,200606.0,468465.0
2006-05-24,94.423,94.428,94.313,94.328,162274.0,200606.0,516700.0
2006-05-25,94.318,94.328,94.313,94.323,57101.0,200606.0,499398.0
2006-05-26,94.323,94.328,94.318,94.318,41035.0,200606.0,447327.0
2006-05-29,94.313,94.318,94.303,94.303,44070.0,200606.0,448806.0
2006-05-30,94.308,94.313,94.308,94.313,84012.0,200606.0,469650.0
2006-05-31,94.308,94.313,94.298,94.298,117462.0,200606.0,472191.0
2006-06-01,94.288,94.298,94.288,94.298,71448.0,200606.0,472314.0
2006-06-02,94.288,94.308,94.288,94.308,89208.0,200606.0,477145.0
2006-06-05,94.298,94.308,94.298,94.303,36044.0,200606.0,454123.0
2006-06-06,94.303,94.303,94.293,94.303,103684.0,200606.0,481812.0
2006-06-07,94.293,94.303,94.288,94.288,79619.0,200606.0,492196.0
2006-06-08,94.293,94.303,94.288,94.288,68589.0,200606.0,479859.0
2006-06-09,94.288,94.288,94.183,94.243,180521.0,200606.0,554540.0
2006-06-12,94.253,94.263,94.248,94.258,56444.0,200606.0,503363.0
2006-06-13,94.268,94.273,94.258,94.263,62771.0,200606.0,488426.0
2006-06-14,94.258,94.263,94.228,94.228,76292.0,200606.0,490340.0
2006-06-15,94.223,94.228,94.203,94.208,69420.0,200606.0,493079.0
2006-06-16,94.203,94.213,94.193,94.193,30323.0,200606.0,456855.0
2006-06-19,94.183,94.198,94.178,94.183,42350.0,200609.0,405061.0
2006-06-20,94.188,94.188,94.103,94.103,77224.0,200609.0,435527.0
2006-06-21,94.113,94.143,94.063,94.133,135807.0,200609.0,474592.0
2006-06-22,94.143,94.143,94.103,94.113,62939.0,200609.0,443866.0
2006-06-23,94.088,94.128,94.073,94.083,35854.0,200609.0,422728.0
2006-06-26,94.073,94.088,94.053,94.053,21886.0,200609.0,416561.0
2006-06-27,94.068,94.078,94.053,94.073,98109.0,200609.0,453574.0
2006-06-28,94.063,94.073,94.048,94.053,54294.0,200609.0,463430.0
2006-06-29,94.043,94.143,94.043,94.123,85749.0,200609.0,464507.0
2006-06-30,94.118,94.148,94.073,94.103,64891.0,200609.0,463773.0
2006-07-04,94.073,94.103,94.073,94.083,15092.0,200609.0,436923.0
2006-07-05,94.083,94.093,94.058,94.073,68856.0,200609.0,472106.0
2006-07-06,94.083,94.103,94.073,94.088,64881.0,200609.0,488152.0
2006-07-07,94.088,94.213,94.088,94.203,122391.0,200609.0,506452.0
2006-07-10,94.193,94.243,94.178,94.238,87512.0,200609.0,525856.0
2006-07-11,94.233,94.333,94.213,94.303,185928.0,200609.0,678695.0
2006-07-12,94.313,94.333,94.283,94.323,83681.0,200609.0,495332.0
2006-07-13,94.328,94.338,94.303,94.333,85538.0,200609.0,546414.0
2006-07-14,94.333,94.343,94.318,94.328,69110.0,200609.0,572964.0
2006-07-17,94.313,94.318,94.293,94.313,52298.0,200609.0,457327.0
2006-07-18,94.293,94.298,94.278,94.283,77748.0,200609.0,490152.0
2006-07-19,94.273,94.338,94.253,94.323,166376.0,200609.0,519416.0
2006-07-20,94.318,94.328,94.298,94.323,84671.0,200609.0,506179.0
2006-07-21,94.308,94.378,94.303,94.353,130476.0,200609.0,543468.0
2006-07-24,94.363,94.373,94.343,94.368,47807.0,200609.0,515812.0
2006-07-25,94.373,94.373,94.348,94.353,68617.0,200609.0,530806.0
2006-07-26,94.348,94.368,94.338,94.358,52512.0,200609.0,519261.0
2006-07-27,94.363,94.368,94.348,94.348,51480.0,200609.0,520087.0
2006-07-28,94.348,94.368,94.338,94.353,50892.0,200609.0,523822.0
2006-07-31,94.348,94.373,94.348,94.363,49769.0,200609.0,542233.0
2006-08-01,94.363,94.368,94.353,94.363,86838.0,200609.0,571881.0
2006-08-02,94.363,94.368,94.343,94.353,69791.0,200609.0,574339.0
2006-08-03,94.343,94.353,94.333,94.348,58754.0,200609.0,570122.0
2006-08-04,94.343,94.383,94.343,94.368,58365.0,200609.0,581313.0
2006-08-08,94.363,94.383,94.358,94.378,66410.0,200609.0,572197.0
2006-08-09,94.373,94.378,94.368,94.378,39579.0,200609.0,552067.0
2006-08-10,94.388,94.393,94.378,94.383,45516.0,200609.0,549869.0
2006-08-11,94.378,94.383,94.368,94.378,49848.0,200609.0,545948.0
2006-08-14,94.363,94.378,94.363,94.363,46516.0,200609.0,553153.0
2006-08-15,94.368,94.388,94.368,94.383,58958.0,200609.0,562186.0
2006-08-16,94.383,94.393,94.378,94.388,69652.0,200609.0,531080.0
2006-08-17,94.388,94.403,94.383,94.383,60677.0,200609.0,527348.0
2006-08-18,94.383,94.388,94.378,94.383,78976.0,200609.0,535456.0
2006-08-21,94.388,94.393,94.388,94.393,71692.0,200609.0,511477.0
2006-08-22,94.383,94.393,94.373,94.393,53235.0,200609.0,499921.0
2006-08-23,94.388,94.398,94.383,94.393,60301.0,200609.0,498375.0
2006-08-24,94.388,94.393,94.388,94.393,49487.0,200609.0,479253.0
2006-08-25,94.393,94.398,94.393,94.398,56589.0,200609.0,478894.0
2006-08-28,94.398,94.398,94.393,94.398,34053.0,200609.0,468118.0
2006-08-29,94.393,94.403,94.388,94.403,62458.0,200609.0,485355.0
2006-08-30,94.398,94.403,94.393,94.403,111200.0,200609.0,526056.0
2006-08-31,94.403,94.408,94.398,94.408,85199.0,200609.0,520929.0
2006-09-01,94.403,94.408,94.398,94.408,74871.0,200609.0,521566.0
2006-09-05,94.408,94.408,94.388,94.398,57279.0,200609.0,529020.0
2006-09-06,94.388,94.393,94.383,94.393,112857.0,200609.0,550211.0
2006-09-07,94.383,94.393,94.383,94.388,54604.0,200609.0,509910.0
2006-09-08,94.398,94.398,94.388,94.393,118607.0,200609.0,537002.0
2006-09-11,94.388,94.393,94.388,94.393,54729.0,200609.0,509882.0
2006-09-12,94.393,94.393,94.383,94.388,59943.0,200609.0,499262.0
2006-09-13,94.383,94.388,94.383,94.383,80596.0,200609.0,517659.0
2006-09-14,94.383,94.383,94.378,94.378,97658.0,200609.0,527141.0
2006-09-15,94.383,94.383,94.373,94.373,68170.0,200609.0,520846.0
2006-09-18,94.363,94.393,94.363,94.383,58204.0,200612.0,428661.0
2006-09-19,94.383,94.418,94.373,94.413,54279.0,200612.0,426652.0
2006-09-20,94.418,94.423,94.403,94.408,49651.0,200612.0,424403.0
2006-09-21,94.403,94.433,94.393,94.428,72800.0,200612.0,429028.0
2006-09-22,94.443,94.463,94.428,94.458,63683.0,200612.0,437039.0
2006-09-25,94.468,94.483,94.453,94.478,47772.0,200612.0,437874.0
2006-09-26,94.468,94.473,94.448,94.453,45997.0,200612.0,426854.0
2006-09-27,94.458,94.468,94.438,94.443,71468.0,200612.0,442290.0
2006-09-28,94.443,94.453,94.433,94.443,36865.0,200612.0,439516.0
2006-09-29,94.453,94.458,94.428,94.433,43665.0,200612.0,437793.0
2006-10-02,94.433,94.448,94.423,94.438,31107.0,200612.0,425964.0
2006-10-03,94.443,94.443,94.428,94.428,54793.0,200612.0,438319.0
2006-10-04,94.428,94.448,94.428,94.438,45224.0,200612.0,434721.0
2006-10-05,94.438,94.438,94.418,94.418,47217.0,200612.0,442390.0
2006-10-06,94.418,94.433,94.388,94.398,114068.0,200612.0,481235.0
2006-10-10,94.393,94.398,94.383,94.388,70391.0,200612.0,470607.0
2006-10-11,94.398,94.398,94.373,94.378,74746.0,200612.0,463569.0
2006-10-12,94.383,94.388,94.373,94.373,48683.0,200612.0,452838.0
2006-10-13,94.378,94.388,94.363,94.368,65912.0,200612.0,438054.0
2006-10-16,94.363,94.373,94.363,94.363,38809.0,200612.0,415464.0
2006-10-17,94.373,94.388,94.363,94.363,68194.0,200612.0,420822.0
2006-10-18,94.368,94.368,94.358,94.363,55440.0,200612.0,414230.0
2006-10-19,94.363,94.378,94.358,94.358,59488.0,200612.0,419706.0
2006-10-20,94.353,94.358,94.348,94.348,43953.0,200612.0,431090.0
2006-10-23,94.353,94.353,94.343,94.348,43651.0,200612.0,411820.0
2006-10-24,94.348,94.348,94.343,94.343,32750.0,200612.0,384946.0
2006-10-25,94.348,94.348,94.338,94.343,48062.0,200612.0,382381.0
2006-10-26,94.353,94.368,94.343,94.363,76317.0,200612.0,401357.0
2006-10-27,94.363,94.373,94.358,94.368,45231.0,200612.0,391835.0
2006-10-30,94.373,94.378,94.368,94.373,31600.0,200612.0,379293.0
2006-10-31,94.373,94.383,94.368,94.373,65796.0,200612.0,399580.0
2006-11-01,94.383,94.398,94.368,94.388,105514.0,200612.0,419721.0
2006-11-02,94.388,94.393,94.383,94.383,86027.0,200612.0,427889.0
2006-11-03,94.363,94.368,94.353,94.358,137475.0,200612.0,452409.0
2006-11-06,94.358,94.363,94.348,94.353,49664.0,200612.0,428422.0
2006-11-07,94.358,94.363,94.353,94.353,54181.0,200612.0,402479.0
2006-11-08,94.358,94.363,94.348,94.353,46435.0,200612.0,395009.0
2006-11-09,94.353,94.363,94.353,94.353,44746.0,200612.0,383421.0
2006-11-10,94.358,94.363,94.353,94.353,37249.0,200612.0,366927.0
2006-11-14,94.358,94.363,94.353,94.358,53180.0,200612.0,394064.0
2006-11-15,94.358,94.363,94.353,94.358,44787.0,200612.0,399716.0
2006-11-16,94.358,94.368,94.358,94.358,54660.0,200612.0,405222.0
2006-11-17,94.363,94.373,94.358,94.363,52865.0,200612.0,413109.0
2006-11-20,94.368,94.383,94.368,94.373,34976.0,200612.0,409526.0
2006-11-21,94.373,94.383,94.368,94.368,61920.0,200612.0,432042.0
2006-11-22,94.368,94.368,94.363,94.363,29175.0,200612.0,423685.0
2006-11-23,94.363,94.373,94.363,94.363,3571.0,200612.0,410992.0
2006-11-24,94.368,94.373,94.363,94.373,15767.0,200612.0,415962.0
2006-11-27,94.363,94.368,94.363,94.368,35600.0,200612.0,426243.0
2006-11-28,94.368,94.373,94.363,94.368,57742.0,200612.0,434518.0
2006-11-29,94.363,94.373,94.363,94.368,52274.0,200612.0,433118.0
2006-11-30,94.368,94.373,94.363,94.368,68109.0,200612.0,457979.0
2006-12-01,94.368,94.378,94.363,94.373,137054.0,200612.0,506740.0
2006-12-04,94.373,94.373,94.363,94.368,66200.0,200612.0,500545.0
2006-12-05,94.368,94.373,94.363,94.363,96587.0,200612.0,521154.0
2006-12-06,94.363,94.368,94.358,94.358,92326.0,200612.0,541726.0
2006-12-07,94.363,94.363,94.353,94.353,62016.0,200612.0,517722.0
2006-12-08,94.353,94.363,94.348,94.348,117809.0,200612.0,569469.0
2006-12-11,94.353,94.358,94.348,94.353,106682.0,200612.0,575979.0
2006-12-12,94.358,94.363,94.353,94.358,80952.0,200612.0,566084.0
2006-12-13,94.358,94.358,94.353,94.353,102272.0,200612.0,523664.0
2006-12-14,94.353,94.358,94.348,94.348,85623.0,200612.0,518326.0
2006-12-15,94.348,94.353,94.338,94.338,129204.0,200612.0,542873.0
2006-12-18,94.353,94.358,94.323,94.328,99628.0,200703.0,466500.0
2006-12-19,94.323,94.353,94.323,94.348,74591.0,200703.0,450900.0
2006-12-20,94.348,94.353,94.333,94.338,56556.0,200703.0,425399.0
2006-12-21,94.348,94.373,94.338,94.363,53427.0,200703.0,416028.0
2006-12-22,94.358,94.373,94.353,94.358,28183.0,200703.0,388665.0
2006-12-27,94.358,94.363,94.338,94.343,35794.0,200703.0,391423.0
2006-12-28,94.338,94.348,94.333,94.338,38940.0,200703.0,398814.0
2006-12-29,94.338,94.338,94.323,94.333,24207.0,200703.0,393078.0
2007-01-02,94.333,94.353,94.328,94.348,24784.0,200703.0,386066.0
2007-01-03,94.348,94.358,94.333,94.348,56841.0,200703.0,412777.0
2007-01-04,94.353,94.368,94.343,94.363,49310.0,200703.0,411703.0
2007-01-05,94.343,94.353,94.318,94.333,84332.0,200703.0,420899.0
2007-01-08,94.328,94.333,94.313,94.313,49776.0,200703.0,409724.0
2007-01-09,94.318,94.323,94.313,94.313,55656.0,200703.0,414129.0
2007-01-10,94.323,94.323,94.303,94.308,58186.0,200703.0,416827.0
2007-01-11,94.308,94.308,94.293,94.298,55595.0,200703.0,416069.0
2007-01-12,94.298,94.303,94.288,94.298,76499.0,200703.0,438195.0
2007-01-15,94.303,94.303,94.293,94.298,13831.0,200703.0,432853.0
2007-01-16,94.303,94.308,94.283,94.298,73112.0,200703.0,454978.0
2007-01-17,94.298,94.298,94.288,94.288,59764.0,200703.0,442921.0
2007-01-18,94.288,94.293,94.278,94.288,78163.0,200703.0,451268.0
2007-01-19,94.288,94.288,94.283,94.283,49570.0,200703.0,434218.0
2007-01-22,94.283,94.288,94.278,94.283,36885.0,200703.0,415213.0
2007-01-23,94.283,94.293,94.283,94.288,75399.0,200703.0,440353.0
2007-01-24,94.288,94.298,94.288,94.293,69092.0,200703.0,444673.0
2007-01-25,94.288,94.293,94.283,94.283,78892.0,200703.0,450732.0
2007-01-26,94.278,94.283,94.273,94.283,85497.0,200703.0,454658.0
2007-01-29,94.283,94.283,94.273,94.278,40645.0,200703.0,447914.0
2007-01-30,94.278,94.278,94.268,94.268,45103.0,200703.0,427231.0
2007-01-31,94.273,94.283,94.268,94.273,52474.0,200703.0,428032.0
2007-02-01,94.273,94.278,94.263,94.273,71473.0,200703.0,447092.0
2007-02-02,94.258,94.273,94.258,94.268,74585.0,200703.0,463590.0
2007-02-05,94.273,94.273,94.268,94.273,43175.0,200703.0,456925.0
2007-02-06,94.268,94.278,94.268,94.278,53093.0,200703.0,466416.0
2007-02-07,94.278,94.283,94.273,94.283,51723.0,200703.0,474645.0
2007-02-08,94.278,94.283,94.273,94.278,66478.0,200703.0,488378.0
2007-02-09,94.278,94.278,94.263,94.273,144367.0,200703.0,539433.0
2007-02-12,94.273,94.278,94.273,94.278,65925.0,200703.0,517422.0
2007-02-13,94.273,94.278,94.273,94.273,88388.0,200703.0,535678.0
2007-02-14,94.278,94.283,94.278,94.278,99546.0,200703.0,561253.0
2007-02-15,94.278,94.283,94.278,94.283,87682.0,200703.0,558535.0
2007-02-16,94.283,94.283,94.278,94.283,54341.0,200703.0,535511.0
2007-02-19,94.278,94.283,94.278,94.278,12687.0,200703.0,527391.0
2007-02-20,94.278,94.283,94.278,94.283,40604.0,200703.0,533946.0
2007-02-21,94.283,94.283,94.278,94.278,89108.0,200703.0,560681.0
2007-02-22,94.278,94.283,94.278,94.283,139072.0,200703.0,614695.0
2007-02-23,94.283,94.288,94.278,94.283,147993.0,200703.0,628941.0
2007-02-26,94.283,94.283,94.278,94.283,54224.0,200703.0,591385.0
2007-02-27,94.283,94.293,94.283,94.293,223041.0,200703.0,690202.0
2007-02-28,94.293,94.303,94.293,94.298,219529.0,200703.0,655983.0
2007-03-01,94.293,94.308,94.293,94.303,211197.0,200703.0,680820.0
2007-03-02,94.303,94.308,94.298,94.308,141110.0,200703.0,570441.0
2007-03-05,94.308,94.323,94.298,94.298,122959.0,200703.0,581682.0
2007-03-06,94.298,94.303,94.288,94.288,112850.0,200703.0,560026.0
2007-03-07,94.293,94.298,94.288,94.293,53093.0,200703.0,529139.0
2007-03-08,94.293,94.293,94.288,94.288,63176.0,200703.0,544291.0
2007-03-09,94.288,94.288,94.283,94.283,161203.0,200703.0,585678.0
2007-03-12,94.288,94.288,94.283,94.288,81526.0,200703.0,535876.0
2007-03-13,94.288,94.293,94.288,94.293,99023.0,200703.0,544126.0
2007-03-14,94.288,94.293,94.288,94.288,120648.0,200703.0,529234.0
2007-03-15,94.288,94.288,94.283,94.283,75562.0,200703.0,511362.0
2007-03-16,94.288,94.288,94.283,94.283,63078.0,200703.0,514155.0
2007-03-19,94.263,94.273,94.258,94.273,47781.0,200706.0,473050.0
2007-03-20,94.278,94.278,94.233,94.243,82574.0,200706.0,488700.0
2007-03-21,94.238,94.273,94.228,94.273,142185.0,200706.0,540396.0
2007-03-22,94.253,94.263,94.233,94.238,73603.0,200706.0,476965.0
2007-03-23,94.243,94.258,94.228,94.233,78086.0,200706.0,445624.0
2007-03-26,94.228,94.243,94.223,94.238,98996.0,200706.0,445774.0
2007-03-27,94.243,94.243,94.228,94.233,63188.0,200706.0,433571.0
2007-03-28,94.233,94.248,94.228,94.233,56909.0,200706.0,423875.0
2007-03-29,94.233,94.233,94.223,94.228,55685.0,200706.0,422897.0
2007-03-30,94.223,94.248,94.223,94.223,84440.0,200706.0,442693.0
2007-04-02,94.233,94.238,94.223,94.228,43777.0,200706.0,433040.0
2007-04-03,94.228,94.228,94.223,94.223,41671.0,200706.0,430941.0
2007-04-04,94.223,94.228,94.223,94.228,42201.0,200706.0,428591.0
2007-04-05,94.233,94.233,94.213,94.213,58332.0,200706.0,452624.0
2007-04-09,94.183,94.183,94.158,94.178,47729.0,200706.0,464916.0
2007-04-10,94.178,94.193,94.178,94.188,48057.0,200706.0,457037.0
2007-04-11,94.193,94.193,94.178,94.178,43272.0,200706.0,421114.0
2007-04-12,94.183,94.188,94.178,94.188,38106.0,200706.0,418762.0
2007-04-13,94.193,94.193,94.173,94.183,57679.0,200706.0,446886.0
2007-04-16,94.178,94.178,94.168,94.173,60025.0,200706.0,463514.0
2007-04-17,94.168,94.183,94.163,94.173,76613.0,200706.0,487976.0
2007-04-18,94.178,94.178,94.168,94.173,54233.0,200706.0,459913.0
2007-04-19,94.173,94.178,94.158,94.163,63600.0,200706.0,467584.0
2007-04-20,94.163,94.163,94.143,94.148,72606.0,200706.0,474507.0
2007-04-23,94.153,94.153,94.143,94.148,44203.0,200706.0,477356.0
2007-04-24,94.148,94.178,94.128,94.173,66209.0,200706.0,491992.0
2007-04-25,94.173,94.178,94.168,94.173,38368.0,200706.0,460154.0
2007-04-26,94.173,94.183,94.163,94.183,69705.0,200706.0,472341.0
2007-04-27,94.183,94.183,94.173,94.178,37824.0,200706.0,451003.0
2007-04-30,94.178,94.188,94.173,94.188,33000.0,200706.0,459429.0
2007-05-01,94.183,94.188,94.173,94.178,55265.0,200706.0,437766.0
2007-05-02,94.173,94.183,94.173,94.173,59154.0,200706.0,475396.0
2007-05-03,94.178,94.178,94.168,94.168,113527.0,200706.0,521093.0
2007-05-04,94.173,94.178,94.168,94.178,68736.0,200706.0,499516.0
2007-05-07,94.173,94.178,94.173,94.178,28529.0,200706.0,467565.0
2007-05-08,94.183,94.183,94.173,94.178,27921.0,200706.0,455745.0
2007-05-09,94.178,94.178,94.173,94.173,34915.0,200706.0,465149.0
2007-05-10,94.173,94.183,94.173,94.183,69685.0,200706.0,488988.0
2007-05-11,94.188,94.193,94.183,94.188,82792.0,200706.0,508322.0
2007-05-14,94.188,94.188,94.183,94.188,31148.0,200706.0,479563.0
2007-05-15,94.183,94.188,94.178,94.183,43098.0,200706.0,475462.0
2007-05-16,94.183,94.188,94.178,94.178,37477.0,200706.0,473227.0
2007-05-17,94.178,94.178,94.158,94.163,151085.0,200706.0,531722.0
2007-05-18,94.158,94.158,94.133,94.138,114057.0,200706.0,530389.0
2007-05-22,94.138,94.148,94.128,94.133,90356.0,200706.0,518353.0
2007-05-23,94.133,94.133,94.123,94.133,95143.0,200706.0,508688.0
2007-05-24,94.133,94.138,94.128,94.138,99515.0,200706.0,520466.0
2007-05-25,94.128,94.133,94.118,94.133,43062.0,200706.0,487622.0
2007-05-28,94.133,94.133,94.123,94.128,19387.0,200706.0,478232.0
2007-05-29,94.123,94.128,94.033,94.068,213940.0,200706.0,573889.0
2007-05-30,94.068,94.073,94.063,94.063,60084.0,200706.0,498692.0
2007-05-31,94.063,94.068,94.053,94.063,59799.0,200706.0,485842.0
2007-06-01,94.063,94.068,94.053,94.058,79201.0,200706.0,483212.0
2007-06-04,94.053,94.058,94.038,94.053,61667.0,200706.0,463107.0
2007-06-05,94.048,94.053,94.033,94.043,67806.0,200706.0,460976.0
2007-06-06,94.043,94.048,94.038,94.043,62019.0,200706.0,468615.0
2007-06-07,94.038,94.043,94.033,94.038,110419.0,200706.0,480406.0
2007-06-08,94.038,94.038,94.028,94.033,61793.0,200706.0,465188.0
2007-06-11,94.028,94.033,94.023,94.033,48904.0,200706.0,453478.0
2007-06-12,94.023,94.028,94.018,94.023,84807.0,200706.0,475646.0
2007-06-13,94.023,94.028,94.018,94.018,73535.0,200706.0,465352.0
2007-06-14,94.023,94.023,94.018,94.018,64784.0,200706.0,450116.0
2007-06-15,94.018,94.023,94.013,94.013,94115.0,200706.0,476192.0
2007-06-18,94.013,94.023,93.983,93.983,73882.0,200709.0,422346.0
2007-06-19,93.983,94.003,93.978,93.998,57847.0,200709.0,411384.0
2007-06-20,93.998,94.008,93.988,93.998,59930.0,200709.0,420360.0
2007-06-21,93.998,94.068,93.998,94.013,60886.0,200709.0,426930.0
2007-06-22,94.008,94.018,94.003,94.008,38514.0,200709.0,415927.0
2007-06-25,94.008,94.028,94.008,94.018,33360.0,200709.0,411149.0
2007-06-26,94.013,94.023,94.008,94.013,47708.0,200709.0,423010.0
2007-06-27,94.028,94.038,94.013,94.013,74344.0,200709.0,440851.0
2007-06-28,94.008,94.013,93.988,93.993,38469.0,200709.0,428353.0
2007-06-29,93.993,94.053,93.993,94.008,62066.0,200709.0,443212.0
2007-07-03,94.013,94.028,93.998,93.998,44842.0,200709.0,443862.0
2007-07-04,94.003,94.013,93.998,93.998,9863.0,200709.0,430918.0
2007-07-05,93.998,93.998,93.963,93.963,59486.0,200709.0,452656.0
2007-07-06,93.968,93.973,93.923,93.933,64874.0,200709.0,457138.0
2007-07-09,93.933,93.948,93.933,93.948,39327.0,200709.0,455467.0
2007-07-10,93.958,94.013,93.943,94.003,96134.0,200709.0,486290.0
2007-07-11,94.008,94.018,93.983,93.983,53595.0,200709.0,447227.0
2007-07-12,93.988,93.993,93.958,93.968,39418.0,200709.0,432357.0
2007-07-13,93.968,93.978,93.953,93.958,22908.0,200709.0,418007.0
2007-07-16,93.958,93.968,93.953,93.963,21311.0,200709.0,404071.0
2007-07-17,93.963,93.963,93.923,93.943,27536.0,200709.0,407436.0
2007-07-18,93.938,93.973,93.938,93.963,44756.0,200709.0,423369.0
2007-07-19,93.923,93.953,93.923,93.943,22347.0,200709.0,417112.0
2007-07-20,93.938,93.978,93.933,93.963,45028.0,200709.0,434494.0
2007-07-23,93.953,93.958,93.953,93.953,30208.0,200709.0,424971.0
2007-07-24,93.953,93.953,93.898,93.913,87060.0,200709.0,466045.0
2007-07-25,93.918,93.918,93.903,93.913,27523.0,200709.0,423337.0
2007-07-26,93.918,93.973,93.918,93.968,87567.0,200709.0,459840.0
2007-07-27,93.958,93.973,93.933,93.963,65246.0,200709.0,460508.0
2007-07-30,93.973,93.973,93.958,93.963,45355.0,200709.0,436293.0
2007-07-31,93.928,93.963,93.913,93.953,55746.0,200709.0,432282.0
2007-08-01,93.973,93.983,93.953,93.963,63156.0,200709.0,427501.0
2007-08-02,93.943,93.968,93.938,93.963,46829.0,200709.0,429768.0
2007-08-03,93.948,94.003,93.943,93.973,56057.0,200709.0,432768.0
2007-08-07,93.953,93.978,93.948,93.968,45694.0,200709.0,431896.0
2007-08-08,93.948,93.953,93.933,93.943,42508.0,200709.0,429236.0
2007-08-09,93.953,94.058,93.953,94.053,105380.0,200709.0,467897.0
2007-08-10,94.058,94.148,94.033,94.063,125735.0,200709.0,490505.0
2007-08-13,94.108,94.123,94.023,94.113,94546.0,200709.0,448122.0
2007-08-14,94.088,94.178,94.073,94.143,117229.0,200709.0,448625.0
2007-08-15,94.143,94.163,94.093,94.108,103007.0,200709.0,451734.0
2007-08-16,94.113,94.223,94.038,94.173,121022.0,200709.0,457824.0
2007-08-17,94.163,94.323,94.143,94.253,113630.0,200709.0,477842.0
2007-08-20,94.173,94.228,94.173,94.213,58820.0,200709.0,403076.0
2007-08-21,94.233,94.283,94.153,94.168,72506.0,200709.0,411938.0
2007-08-22,94.103,94.118,94.073,94.098,60378.0,200709.0,392015.0
2007-08-23,94.073,94.093,94.043,94.063,62800.0,200709.0,391539.0
2007-08-24,94.068,94.068,93.978,94.013,47188.0,200709.0,383201.0
2007-08-27,94.013,94.053,93.983,94.023,17153.0,200709.0,367945.0
2007-08-28,94.043,94.043,94.028,94.038,27025.0,200709.0,365970.0
2007-08-29,94.053,94.053,93.958,93.958,34845.0,200709.0,360401.0
2007-08-30,93.943,93.968,93.903,93.903,43147.0,200709.0,368043.0
2007-08-31,93.853,93.883,93.848,93.868,36223.0,200709.0,363405.0
2007-09-04,93.863,93.863,93.818,93.828,57118.0,200709.0,381318.0
2007-09-05,93.853,93.853,93.813,93.833,44930.0,200709.0,373116.0
2007-09-06,93.823,93.833,93.818,93.833,37260.0,200709.0,355359.0
2007-09-07,93.818,93.853,93.818,93.838,44947.0,200709.0,361312.0
2007-09-10,93.828,93.828,93.743,93.763,37912.0,200709.0,348516.0
2007-09-11,93.738,93.748,93.733,93.743,64140.0,200709.0,367544.0
2007-09-12,93.713,93.738,93.668,93.698,48718.0,200709.0,349126.0
2007-09-13,93.703,93.723,93.683,93.708,41363.0,200709.0,351367.0
2007-09-14,93.708,93.728,93.698,93.708,38014.0,200709.0,346766.0
2007-09-17,93.673,93.688,93.588,93.633,30844.0,200712.0,267569.0
2007-09-18,93.633,93.728,93.588,93.718,44938.0,200712.0,282326.0
2007-09-19,93.638,93.783,93.638,93.783,46663.0,200712.0,288386.0
2007-09-20,93.783,93.783,93.738,93.763,42046.0,200712.0,289264.0
2007-09-21,93.763,93.838,93.763,93.823,33564.0,200712.0,288901.0
2007-09-24,93.833,93.833,93.793,93.808,30563.0,200712.0,283409.0
2007-09-25,93.798,93.843,93.788,93.803,32052.0,200712.0,286172.0
2007-09-26,93.783,93.783,93.748,93.763,33289.0,200712.0,283597.0
2007-09-27,93.738,93.783,93.738,93.783,21832.0,200712.0,280072.0
2007-09-28,93.778,93.813,93.773,93.808,30566.0,200712.0,288431.0
2007-10-01,93.778,93.823,93.768,93.788,21041.0,200712.0,284291.0
2007-10-02,93.768,93.768,93.733,93.733,27753.0,200712.0,292910.0
2007-10-03,93.728,93.743,93.698,93.703,33602.0,200712.0,300615.0
2007-10-04,93.668,93.703,93.663,93.668,24935.0,200712.0,294727.0
2007-10-05,93.628,93.628,93.548,93.568,41593.0,200712.0,312929.0
2007-10-09,93.548,93.568,93.523,93.523,52457.0,200712.0,323515.0
2007-10-10,93.508,93.528,93.508,93.528,42789.0,200712.0,315046.0
2007-10-11,93.538,93.598,93.538,93.598,45166.0,200712.0,326864.0
2007-10-12,93.608,93.613,93.563,93.568,27551.0,200712.0,312784.0
2007-10-15,93.563,93.593,93.558,93.588,21943.0,200712.0,315175.0
2007-10-16,93.603,93.618,93.583,93.613,30275.0,200712.0,322779.0
2007-10-17,93.608,93.643,93.593,93.638,40595.0,200712.0,330321.0
2007-10-18,93.643,93.683,93.638,93.643,29265.0,200712.0,326385.0
2007-10-19,93.663,93.733,93.613,93.693,50754.0,200712.0,334875.0
2007-10-22,93.728,93.728,93.673,93.683,27242.0,200712.0,325892.0
2007-10-23,93.688,93.723,93.673,93.713,22164.0,200712.0,319641.0
2007-10-24,93.758,93.838,93.738,93.773,45467.0,200712.0,333639.0
2007-10-25,93.763,93.788,93.748,93.768,34745.0,200712.0,318040.0
2007-10-26,93.773,93.788,93.763,93.768,37199.0,200712.0,315931.0
2007-10-29,93.748,93.808,93.748,93.803,37405.0,200712.0,317551.0
2007-10-30,93.808,93.828,93.798,93.823,42953.0,200712.0,331552.0
2007-10-31,93.798,93.818,93.773,93.778,40132.0,200712.0,333754.0
2007-11-01,93.778,93.838,93.738,93.833,53437.0,200712.0,348437.0
2007-11-02,93.783,93.808,93.748,93.778,59743.0,200712.0,356199.0
2007-11-05,93.773,93.773,93.733,93.733,44301.0,200712.0,346175.0
2007-11-06,93.688,93.773,93.678,93.753,39926.0,200712.0,341242.0
2007-11-07,93.808,93.833,93.773,93.798,47933.0,200712.0,353331.0
2007-11-08,93.783,93.948,93.783,93.858,60764.0,200712.0,358090.0
2007-11-09,93.878,93.883,93.808,93.813,42541.0,200712.0,347685.0
2007-11-13,93.803,93.803,93.763,93.773,34943.0,200712.0,340966.0
2007-11-14,93.758,93.763,93.718,93.753,41345.0,200712.0,334921.0
2007-11-15,93.733,93.748,93.673,93.718,58496.0,200712.0,351128.0
2007-11-16,93.688,93.708,93.683,93.698,54431.0,200712.0,353894.0
2007-11-19,93.688,93.803,93.688,93.783,72783.0,200712.0,368888.0
2007-11-20,93.698,93.833,93.698,93.803,73292.0,200712.0,383550.0
2007-11-21,93.818,93.888,93.818,93.853,84764.0,200712.0,406683.0
2007-11-22,93.858,93.873,93.853,93.873,6468.0,200712.0,372756.0
2007-11-23,93.838,93.838,93.818,93.823,32613.0,200712.0,388130.0
2007-11-26,93.798,93.818,93.798,93.818,62737.0,200712.0,408457.0
2007-11-27,93.823,93.823,93.783,93.788,48246.0,200712.0,417660.0
2007-11-28,93.733,93.758,93.733,93.758,57897.0,200712.0,435208.0
2007-11-29,93.773,93.773,93.698,93.733,40160.0,200712.0,424142.0
2007-11-30,93.728,93.733,93.688,93.723,51356.0,200712.0,435890.0
2007-12-03,93.738,93.758,93.708,93.718,44282.0,200712.0,430646.0
2007-12-04,93.708,93.813,93.708,93.773,66367.0,200712.0,460919.0
2007-12-05,93.793,93.798,93.768,93.778,56178.0,200712.0,455779.0
2007-12-06,93.783,93.788,93.768,93.783,67801.0,200712.0,431645.0
2007-12-07,93.778,93.778,93.728,93.728,85304.0,200712.0,447609.0
2007-12-10,93.728,93.733,93.703,93.708,39693.0,200712.0,431945.0
2007-12-11,93.723,93.758,93.678,93.678,44825.0,200712.0,436594.0
2007-12-12,93.683,93.778,93.678,93.713,68349.0,200712.0,465022.0
2007-12-13,93.683,93.713,93.683,93.698,69096.0,200712.0,456226.0
2007-12-14,93.688,93.688,93.653,93.658,56919.0,200712.0,452699.0
2007-12-17,93.588,93.678,93.588,93.668,72474.0,200803.0,395723.0
2007-12-18,93.688,93.788,93.688,93.763,43874.0,200803.0,404011.0
2007-12-19,93.768,93.838,93.718,93.818,46322.0,200803.0,383519.0
2007-12-20,93.803,93.853,93.798,93.848,21278.0,200803.0,363607.0
2007-12-21,93.833,93.838,93.808,93.823,22932.0,200803.0,368445.0
2007-12-24,93.823,93.833,93.803,93.823,5381.0,200803.0,361158.0
2007-12-27,93.803,93.863,93.803,93.853,13942.0,200803.0,364712.0
2007-12-28,93.868,93.928,93.858,93.918,27572.0,200803.0,372385.0
2007-12-31,93.948,93.998,93.938,93.968,18699.0,200803.0,369956.0
2008-01-02,93.998,94.103,93.998,94.103,40259.0,200803.0,390016.0
2008-01-03,94.098,94.138,94.058,94.088,55097.0,200803.0,402193.0
2008-01-04,94.098,94.128,94.063,94.118,54616.0,200803.0,404674.0
2008-01-07,94.108,94.128,94.098,94.113,39488.0,200803.0,392956.0
2008-01-08,94.118,94.138,94.103,94.133,39753.0,200803.0,395486.0
2008-01-09,94.168,94.243,94.168,94.203,80320.0,200803.0,436989.0
2008-01-10,94.198,94.258,94.188,94.228,67835.0,200803.0,447237.0
2008-01-11,94.228,94.358,94.228,94.358,55357.0,200803.0,445346.0
2008-01-14,94.418,94.418,94.323,94.328,60035.0,200803.0,464003.0
2008-01-15,94.363,94.368,94.278,94.308,58289.0,200803.0,469877.0
2008-01-16,94.338,94.348,94.243,94.253,80443.0,200803.0,495682.0
2008-01-17,94.258,94.288,94.228,94.278,70849.0,200803.0,488630.0
2008-01-18,94.278,94.318,94.268,94.298,39640.0,200803.0,464836.0
2008-01-21,94.303,94.468,94.303,94.388,17119.0,200803.0,455356.0
2008-01-22,94.448,94.628,94.438,94.488,73106.0,200803.0,485412.0
2008-01-23,94.568,94.608,94.528,94.558,66472.0,200803.0,493439.0
2008-01-24,94.468,94.528,94.458,94.468,59802.0,200803.0,506194.0
2008-01-25,94.468,94.548,94.438,94.508,57488.0,200803.0,510051.0
2008-01-28,94.523,94.543,94.503,94.543,38653.0,200803.0,494549.0
2008-01-29,94.538,94.553,94.513,94.528,39902.0,200803.0,491272.0
2008-01-30,94.528,94.578,94.498,94.573,39514.0,200803.0,490323.0
2008-01-31,94.668,94.668,94.578,94.603,58149.0,200803.0,503791.0
2008-02-01,94.598,94.643,94.558,94.558,64132.0,200803.0,497968.0
2008-02-04,94.548,94.548,94.518,94.538,27500.0,200803.0,479164.0
2008-02-05,94.528,94.608,94.528,94.598,74392.0,200803.0,495128.0
2008-02-06,94.618,94.648,94.613,94.633,68704.0,200803.0,498744.0
2008-02-07,94.718,94.718,94.573,94.638,60887.0,200803.0,479682.0
2008-02-08,94.578,94.603,94.523,94.598,66596.0,200803.0,480297.0
2008-02-11,94.588,94.643,94.568,94.638,46972.0,200803.0,435033.0
2008-02-12,94.638,94.648,94.603,94.608,57039.0,200803.0,433808.0
2008-02-13,94.598,94.613,94.588,94.598,38615.0,200803.0,411123.0
2008-02-14,94.598,94.618,94.578,94.608,40860.0,200803.0,401854.0
2008-02-15,94.588,94.658,94.588,94.628,42404.0,200803.0,401854.0
2008-02-19,94.603,94.623,94.593,94.608,45244.0,200803.0,401854.0
2008-02-20,94.608,94.633,94.578,94.578,55647.0,200803.0,407064.0
2008-02-21,94.548,94.578,94.538,94.573,69168.0,200803.0,414101.0
2008-02-22,94.578,94.608,94.558,94.563,45625.0,200803.0,397966.0
2008-02-25,94.568,94.568,94.548,94.553,50953.0,200803.0,407238.0
2008-02-26,94.548,94.588,94.518,94.588,63175.0,200803.0,410241.0
2008-02-27,94.593,94.613,94.568,94.593,65436.0,200803.0,413811.0
2008-02-28,94.603,94.613,94.583,94.598,65240.0,200803.0,410960.0
2008-02-29,94.618,94.633,94.613,94.628,64632.0,200803.0,414161.0
2008-03-03,94.628,94.698,94.613,94.653,65912.0,200803.0,449985.0
2008-03-04,94.648,94.698,94.618,94.673,73312.0,200803.0,472695.0
2008-03-05,94.668,94.678,94.658,94.663,67766.0,200803.0,477996.0
2008-03-06,94.683,94.688,94.668,94.678,53375.0,200803.0,455701.0
2008-03-07,94.713,94.713,94.653,94.668,53821.0,200803.0,465315.0
2008-03-10,94.668,94.678,94.648,94.673,36437.0,200803.0,422439.0
2008-03-11,94.658,94.663,94.648,94.648,75592.0,200803.0,440362.0
2008-03-12,94.668,94.668,94.653,94.653,63344.0,200803.0,449119.0
2008-03-13,94.668,94.678,94.658,94.668,38834.0,200803.0,422970.0
2008-03-14,94.668,94.713,94.663,94.688,59087.0,200803.0,421209.0
2008-03-17,94.888,94.918,94.793,94.828,48465.0,200806.0,348069.0
2008-03-18,94.798,94.813,94.748,94.748,51489.0,200806.0,364333.0
2008-03-19,94.788,94.788,94.628,94.678,65440.0,200806.0,368888.0
2008-03-20,94.638,94.688,94.608,94.648,39506.0,200806.0,338050.0
2008-03-24,94.598,94.608,94.468,94.518,51395.0,200806.0,339649.0
2008-03-25,94.513,94.558,94.498,94.543,49977.0,200806.0,357924.0
2008-03-26,94.548,94.568,94.538,94.553,42595.0,200806.0,321264.0
2008-03-27,94.558,94.583,94.553,94.563,31375.0,200806.0,313387.0
2008-03-28,94.573,94.578,94.533,94.553,18001.0,200806.0,303988.0
2008-03-31,94.553,94.593,94.548,94.558,37064.0,200806.0,317995.0
2008-04-01,94.538,94.543,94.378,94.388,72813.0,200806.0,337033.0
2008-04-02,94.388,94.388,94.243,94.258,68431.0,200806.0,350334.0
2008-04-03,94.238,94.288,94.228,94.248,36755.0,200806.0,331183.0
2008-04-04,94.248,94.358,94.248,94.358,43879.0,200806.0,333418.0
2008-04-07,94.308,94.348,94.298,94.348,23037.0,200806.0,324069.0
2008-04-08,94.368,94.378,94.318,94.333,22830.0,200806.0,291554.0
2008-04-09,94.338,94.373,94.328,94.358,37278.0,200806.0,296931.0
2008-04-10,94.348,94.378,94.298,94.303,48697.0,200806.0,300729.0
2008-04-11,94.318,94.348,94.313,94.333,29294.0,200806.0,300502.0
2008-04-14,94.333,94.348,94.303,94.338,31116.0,200806.0,294202.0
2008-04-15,94.348,94.348,94.273,94.313,48034.0,200806.0,301312.0
2008-04-16,94.283,94.298,94.163,94.198,60563.0,200806.0,316632.0
2008-04-17,94.198,94.248,94.128,94.183,54165.0,200806.0,320393.0
2008-04-18,94.098,94.223,94.098,94.198,44801.0,200806.0,319345.0
2008-04-21,94.258,94.283,94.223,94.278,40835.0,200806.0,315168.0
2008-04-22,94.278,94.398,94.258,94.358,44823.0,200806.0,317330.0
2008-04-23,94.398,94.448,94.388,94.433,32595.0,200806.0,301582.0
2008-04-24,94.448,94.453,94.368,94.408,39948.0,200806.0,303779.0
2008-04-25,94.363,94.428,94.333,94.418,37070.0,200806.0,308963.0
2008-04-28,94.428,94.458,94.418,94.448,25414.0,200806.0,297359.0
2008-04-29,94.448,94.508,94.448,94.478,27282.0,200806.0,289871.0
2008-04-30,94.493,94.568,94.483,94.568,39011.0,200806.0,298648.0
2008-05-01,94.613,94.618,94.583,94.588,42970.0,200806.0,307656.0
2008-05-02,94.588,94.648,94.568,94.623,56807.0,200806.0,315563.0
2008-05-05,94.613,94.618,94.568,94.598,15680.0,200806.0,299777.0
2008-05-06,94.598,94.613,94.588,94.593,30413.0,200806.0,302862.0
2008-05-07,94.598,94.603,94.568,94.598,37085.0,200806.0,308544.0
2008-05-08,94.608,94.618,94.598,94.613,45011.0,200806.0,318713.0
2008-05-09,94.623,94.638,94.598,94.603,45173.0,200806.0,326432.0
2008-05-12,94.598,94.618,94.553,94.598,53277.0,200806.0,343379.0
2008-05-13,94.593,94.593,94.573,94.573,46998.0,200806.0,342373.0
2008-05-14,94.528,94.603,94.523,94.588,46379.0,200806.0,345637.0
2008-05-15,94.598,94.608,94.563,94.603,44767.0,200806.0,346133.0
2008-05-16,94.598,94.618,94.533,94.588,28230.0,200806.0,345071.0
2008-05-20,94.588,94.613,94.573,94.588,38275.0,200806.0,355448.0
2008-05-21,94.548,94.563,94.503,94.538,64701.0,200806.0,369066.0
2008-05-22,94.518,94.538,94.488,94.498,64683.0,200806.0,381705.0
2008-05-23,94.513,94.533,94.508,94.528,25624.0,200806.0,357379.0
2008-05-26,94.518,94.518,94.488,94.498,6169.0,200806.0,340393.0
2008-05-27,94.498,94.513,94.483,94.493,26442.0,200806.0,340569.0
2008-05-28,94.488,94.498,94.443,94.478,50408.0,200806.0,359222.0
2008-05-29,94.448,94.483,94.448,94.478,50512.0,200806.0,371405.0
2008-05-30,94.478,94.538,94.468,94.513,55829.0,200806.0,377791.0
2008-06-02,94.538,94.538,94.503,94.528,43019.0,200806.0,364307.0
2008-06-03,94.528,94.533,94.513,94.533,45972.0,200806.0,364539.0
2008-06-04,94.528,94.548,94.528,94.528,49813.0,200806.0,365089.0
2008-06-05,94.528,94.553,94.518,94.533,59258.0,200806.0,371817.0
2008-06-06,94.513,94.553,94.513,94.548,52253.0,200806.0,363568.0
2008-06-09,94.528,94.538,94.523,94.528,79141.0,200806.0,371193.0
2008-06-10,94.508,94.508,94.238,94.258,100079.0,200806.0,392122.0
2008-06-11,94.263,94.288,94.263,94.278,60382.0,200806.0,357842.0
2008-06-12,94.273,94.273,94.258,94.263,40490.0,200806.0,357842.0
2008-06-13,94.253,94.263,94.248,94.248,66604.0,200806.0,344566.0
2008-06-16,94.258,94.268,94.228,94.233,64526.0,200809.0,319103.0
2008-06-17,94.308,94.318,94.273,94.308,49034.0,200809.0,308788.0
2008-06-18,94.308,94.318,94.298,94.303,46128.0,200809.0,293579.0
2008-06-19,94.258,94.258,94.208,94.243,33932.0,200809.0,285481.0
2008-06-20,94.308,94.308,94.258,94.293,20790.0,200809.0,267704.0
2008-06-23,94.278,94.288,94.253,94.253,18795.0,200809.0,265580.0
2008-06-24,94.268,94.303,94.268,94.293,15828.0,200809.0,267373.0
2008-06-25,94.288,94.308,94.248,94.303,23141.0,200809.0,277293.0
2008-06-26,94.303,94.363,94.303,94.353,41191.0,200809.0,291952.0
2008-06-27,94.333,94.378,94.333,94.378,23721.0,200809.0,285489.0
2008-06-30,94.358,94.363,94.328,94.338,12278.0,200809.0,281084.0
2008-07-02,94.308,94.328,94.298,94.328,21116.0,200809.0,260750.0
2008-07-03,94.358,94.358,94.308,94.338,16267.0,200809.0,258134.0
2008-07-04,94.348,94.358,94.343,94.348,2354.0,200809.0,247742.0
2008-07-07,94.353,94.398,94.323,94.373,37247.0,200809.0,266101.0
2008-07-08,94.393,94.393,94.343,94.343,21317.0,200809.0,264895.0
2008-07-09,94.338,94.388,94.323,94.383,16810.0,200809.0,268245.0
2008-07-10,94.348,94.378,94.338,94.368,32641.0,200809.0,278670.0
2008-07-11,94.358,94.438,94.358,94.388,54637.0,200809.0,291754.0
2008-07-14,94.378,94.418,94.368,94.408,42046.0,200809.0,295451.0
2008-07-15,94.408,94.478,94.403,94.433,43017.0,200809.0,311199.0
2008-07-16,94.448,94.448,94.398,94.403,28851.0,200809.0,308979.0
2008-07-17,94.403,94.408,94.368,94.378,28974.0,200809.0,308728.0
2008-07-18,94.368,94.408,94.363,94.378,20279.0,200809.0,305588.0
2008-07-21,94.368,94.378,94.363,94.373,22550.0,200809.0,305946.0
2008-07-22,94.373,94.388,94.363,94.368,27538.0,200809.0,308195.0
2008-07-23,94.368,94.368,94.328,94.348,42316.0,200809.0,320216.0
2008-07-24,94.358,94.398,94.358,94.393,28246.0,200809.0,315202.0
2008-07-25,94.393,94.403,94.358,94.373,34283.0,200809.0,315634.0
2008-07-28,94.383,94.408,94.378,94.403,30274.0,200809.0,317352.0
2008-07-29,94.403,94.413,94.383,94.403,26132.0,200809.0,317438.0
2008-07-30,94.398,94.413,94.368,94.403,25269.0,200809.0,320691.0
2008-07-31,94.403,94.503,94.393,94.468,49596.0,200809.0,340220.0
2008-08-01,94.468,94.503,94.458,94.483,41362.0,200809.0,344724.0
2008-08-05,94.473,94.508,94.423,94.468,41120.0,200809.0,353378.0
2008-08-06,94.468,94.488,94.443,94.463,38739.0,200809.0,351634.0
2008-08-07,94.463,94.523,94.463,94.513,58298.0,200809.0,364675.0
2008-08-08,94.503,94.683,94.478,94.573,75291.0,200809.0,384804.0
2008-08-11,94.573,94.603,94.488,94.548,42775.0,200809.0,374479.0
2008-08-12,94.533,94.563,94.488,94.518,38246.0,200809.0,371990.0
2008-08-13,94.533,94.543,94.493,94.493,45388.0,200809.0,371917.0
2008-08-14,94.473,94.503,94.458,94.478,38038.0,200809.0,368100.0
2008-08-15,94.438,94.463,94.438,94.453,22038.0,200809.0,364088.0
2008-08-18,94.463,94.468,94.438,94.463,27274.0,200809.0,355624.0
2008-08-19,94.478,94.498,94.458,94.458,34254.0,200809.0,357577.0
2008-08-20,94.468,94.468,94.448,94.458,32266.0,200809.0,354348.0
2008-08-21,94.448,94.468,94.433,94.438,49966.0,200809.0,358692.0
2008-08-22,94.443,94.443,94.418,94.428,53149.0,200809.0,352947.0
2008-08-25,94.448,94.453,94.413,94.433,51682.0,200809.0,353491.0
2008-08-26,94.433,94.433,94.418,94.428,45050.0,200809.0,354941.0
2008-08-27,94.423,94.453,94.413,94.448,48079.0,200809.0,352824.0
2008-08-28,94.433,94.463,94.418,94.438,28290.0,200809.0,343692.0
2008-08-29,94.443,94.473,94.413,94.453,38859.0,200809.0,341484.0
2008-09-02,94.468,94.493,94.458,94.473,52674.0,200809.0,356258.0
2008-09-03,94.473,94.478,94.348,94.353,60245.0,200809.0,365018.0
2008-09-04,94.353,94.353,94.333,94.348,32394.0,200809.0,357162.0
2008-09-05,94.338,94.353,94.333,94.343,60523.0,200809.0,371817.0
2008-09-08,94.328,94.338,94.318,94.333,61523.0,200809.0,382335.0
2008-09-09,94.328,94.343,94.323,94.338,63840.0,200809.0,379953.0
2008-09-10,94.328,94.333,94.323,94.328,36881.0,200809.0,364640.0
2008-09-11,94.328,94.348,94.323,94.323,60456.0,200809.0,364907.0
2008-09-12,94.323,94.323,94.308,94.313,60124.0,200809.0,366397.0
2008-09-15,94.513,94.733,94.508,94.723,70406.0,200812.0,315187.0
2008-09-16,94.713,94.783,94.493,94.503,80738.0,200812.0,332412.0
2008-09-17,94.453,94.473,94.348,94.403,64790.0,200812.0,336642.0
2008-09-18,94.323,94.458,94.323,94.388,46189.0,200812.0,317364.0
2008-09-19,94.353,94.353,94.258,94.263,65911.0,200812.0,315187.0
2008-09-22,94.263,94.328,94.208,94.318,50683.0,200812.0,332625.0
2008-09-23,94.318,94.318,94.233,94.243,33452.0,200812.0,306155.0
2008-09-24,94.213,94.243,94.178,94.198,37302.0,200812.0,327187.0
2008-09-25,94.053,94.248,94.053,94.243,24553.0,200812.0,315462.0
2008-09-26,94.243,94.373,94.243,94.353,22098.0,200812.0,315709.0
2008-09-29,94.353,94.643,94.353,94.628,20087.0,200812.0,310128.0
2008-09-30,94.578,94.623,94.368,94.373,37679.0,200812.0,324587.0
2008-10-01,94.373,94.473,94.353,94.433,32716.0,200812.0,339387.0
2008-10-02,94.438,94.533,94.438,94.513,19912.0,200812.0,342886.0
2008-10-03,94.623,94.683,94.503,94.623,29870.0,200812.0,355300.0
2008-10-06,94.733,95.058,94.673,95.028,42417.0,200812.0,313218.0
2008-10-07,95.033,95.123,94.858,94.983,47172.0,200812.0,326121.0
2008-10-08,94.983,95.143,94.888,94.973,33136.0,200812.0,286486.0
2008-10-09,94.853,95.033,94.753,94.983,25989.0,200812.0,287344.0
2008-10-10,95.073,95.073,94.908,94.963,40058.0,200812.0,296239.0
2008-10-14,94.923,95.043,94.868,94.978,25655.0,200812.0,283555.0
2008-10-15,94.943,94.993,94.933,94.953,20993.0,200812.0,251330.0
2008-10-16,94.958,94.978,94.853,94.963,32962.0,200812.0,253508.0
2008-10-17,94.963,95.123,94.963,95.078,16549.0,200812.0,245761.0
2008-10-20,95.123,95.253,95.118,95.198,20468.0,200812.0,238483.0
2008-10-21,95.218,95.223,95.003,95.198,24472.0,200812.0,237394.0
2008-10-22,95.203,95.253,95.198,95.248,26623.0,200812.0,238759.0
2008-10-23,95.238,95.258,95.198,95.238,14789.0,200812.0,235701.0
2008-10-24,95.258,95.348,95.248,95.283,13803.0,200812.0,238943.0
2008-10-27,95.303,95.353,95.303,95.338,16336.0,200812.0,240770.0
2008-10-28,95.303,95.373,95.303,95.348,17399.0,200812.0,245821.0
2008-10-29,95.353,95.393,95.328,95.328,14061.0,200812.0,243105.0
2008-10-30,95.303,95.388,95.278,95.378,22149.0,200812.0,253980.0
2008-10-31,95.403,95.403,95.333,95.353,21656.0,200812.0,258152.0
2008-11-03,95.363,95.388,95.353,95.378,12255.0,200812.0,252516.0
2008-11-04,95.363,95.423,95.363,95.408,17473.0,200812.0,253842.0
2008-11-05,95.398,95.408,95.383,95.403,11872.0,200812.0,252013.0
2008-11-06,95.433,95.513,95.433,95.483,16401.0,200812.0,254085.0
2008-11-07,95.483,95.483,95.433,95.453,17236.0,200812.0,256450.0
2008-11-10,95.438,95.473,95.418,95.443,9987.0,200812.0,250639.0
2008-11-12,95.443,95.508,95.433,95.478,16011.0,200812.0,251314.0
2008-11-13,95.418,95.453,95.398,95.403,17664.0,200812.0,253284.0
2008-11-14,95.393,95.408,95.373,95.403,14136.0,200812.0,255881.0
2008-11-17,95.473,95.473,95.413,95.413,11337.0,200812.0,253754.0
2008-11-18,95.448,95.453,95.418,95.423,13592.0,200812.0,255005.0
2008-11-19,95.433,95.448,95.423,95.433,19233.0,200812.0,256944.0
2008-11-20,95.453,95.543,95.453,95.533,46072.0,200812.0,275397.0
2008-11-21,95.513,95.543,95.508,95.543,16647.0,200812.0,268820.0
2008-11-24,95.543,95.548,95.513,95.513,16621.0,200812.0,266827.0
2008-11-25,95.523,95.558,95.513,95.553,15773.0,200812.0,269640.0
2008-11-26,95.553,95.573,95.533,95.573,13228.0,200812.0,264806.0
2008-11-27,95.573,95.573,95.528,95.573,3037.0,200812.0,258964.0
2008-11-28,95.588,95.588,95.543,95.583,9033.0,200812.0,263919.0
2008-12-01,95.568,95.603,95.563,95.583,26412.0,200812.0,273869.0
2008-12-02,95.603,95.603,95.523,95.588,13950.0,200812.0,271749.0
2008-12-03,95.573,95.583,95.523,95.533,17392.0,200812.0,272396.0
2008-12-04,95.533,95.633,95.533,95.618,27258.0,200812.0,280715.0
2008-12-05,95.648,95.693,95.633,95.663,13323.0,200812.0,273770.0
2008-12-08,95.648,95.653,95.638,95.643,18923.0,200812.0,276411.0
2008-12-09,95.633,95.793,95.628,95.723,34510.0,200812.0,284516.0
2008-12-10,95.738,95.748,95.723,95.743,21821.0,200812.0,275892.0
2008-12-11,95.733,95.748,95.718,95.718,20782.0,200812.0,277580.0
2008-12-12,95.723,95.723,95.703,95.703,21362.0,200812.0,280600.0
2008-12-15,95.703,95.748,95.668,95.733,30217.0,200903.0,229904.0
2008-12-16,95.788,95.893,95.703,95.863,40960.0,200903.0,243787.0
2008-12-17,95.873,95.893,95.823,95.873,37305.0,200903.0,242817.0
2008-12-18,95.883,95.938,95.843,95.933,21639.0,200903.0,235020.0
2008-12-19,95.933,95.933,95.883,95.898,23610.0,200903.0,228051.0
2008-12-22,95.898,95.988,95.898,95.978,20478.0,200903.0,225808.0
2008-12-23,96.003,96.008,95.943,95.963,21804.0,200903.0,231172.0
2008-12-24,95.983,95.993,95.963,95.973,1634.0,200903.0,223583.0
2008-12-29,95.973,96.118,95.973,96.103,14947.0,200903.0,227778.0
2008-12-30,96.093,96.103,96.013,96.103,8459.0,200903.0,221480.0
2008-12-31,96.048,96.113,96.048,96.083,6130.0,200903.0,220393.0
2009-01-02,96.098,96.123,95.998,96.048,5080.0,200903.0,220597.0
2009-01-05,96.068,96.068,95.998,96.023,21932.0,200903.0,233286.0
2009-01-06,95.998,96.018,95.983,96.003,21637.0,200903.0,238107.0
2009-01-07,96.023,96.038,96.003,96.033,14053.0,200903.0,234343.0
2009-01-08,96.053,96.053,96.033,96.043,12548.0,200903.0,231613.0
2009-01-09,96.073,96.088,96.033,96.068,16962.0,200903.0,235423.0
2009-01-12,96.093,96.123,96.073,96.118,19197.0,200903.0,237083.0
2009-01-13,96.093,96.113,96.088,96.103,29779.0,200903.0,243699.0
2009-01-14,96.093,96.128,96.093,96.123,23249.0,200903.0,244569.0
2009-01-15,96.113,96.143,96.053,96.068,36723.0,200903.0,252317.0
2009-01-16,96.058,96.098,96.053,96.078,14824.0,200903.0,242436.0
2009-01-19,96.053,96.068,96.033,96.053,9854.0,200903.0,229286.0
2009-01-20,96.058,96.058,95.933,96.038,43999.0,200903.0,251111.0
2009-01-21,96.013,96.018,95.973,95.993,16683.0,200903.0,226238.0
2009-01-22,95.993,96.023,95.943,95.968,34194.0,200903.0,235902.0
2009-01-23,95.973,95.973,95.913,95.953,25309.0,200903.0,229449.0
2009-01-26,95.943,95.963,95.933,95.963,19728.0,200903.0,226022.0
2009-01-27,95.958,96.008,95.958,95.993,20489.0,200903.0,225824.0
2009-01-28,96.003,96.018,95.963,95.978,18236.0,200903.0,224499.0
2009-01-29,95.973,95.983,95.963,95.963,16772.0,200903.0,224219.0
2009-01-30,95.968,95.983,95.953,95.953,15348.0,200903.0,222184.0
2009-02-02,95.953,96.013,95.953,96.003,16552.0,200903.0,225148.0
2009-02-03,96.023,96.053,95.988,96.008,25654.0,200903.0,225784.0
2009-02-04,96.013,96.013,95.983,96.003,14404.0,200903.0,225511.0
2009-02-05,96.003,96.038,95.998,96.028,22350.0,200903.0,230720.0
2009-02-06,96.088,96.153,96.088,96.143,37893.0,200903.0,244580.0
2009-02-09,96.133,96.148,96.118,96.123,17907.0,200903.0,237202.0
2009-02-10,96.133,96.148,96.073,96.093,26075.0,200903.0,237903.0
2009-02-11,96.103,96.113,96.083,96.103,21560.0,200903.0,238960.0
2009-02-12,96.103,96.118,96.068,96.108,13280.0,200903.0,237329.0
2009-02-13,96.083,96.093,96.058,96.078,11480.0,200903.0,236975.0
2009-02-17,96.088,96.098,96.073,96.083,24409.0,200903.0,239472.0
2009-02-18,96.083,96.083,96.028,96.063,30419.0,200903.0,238271.0
2009-02-19,96.063,96.073,96.038,96.063,15430.0,200903.0,232924.0
2009-02-20,96.078,96.098,96.058,96.063,14087.0,200903.0,232581.0
2009-02-23,96.083,96.103,96.053,96.098,12884.0,200903.0,231297.0
2009-02-24,96.118,96.118,96.078,96.093,10047.0,200903.0,229168.0
2009-02-25,96.083,96.088,96.063,96.063,20473.0,200903.0,233056.0
2009-02-26,96.068,96.098,96.068,96.098,21040.0,200903.0,237448.0
2009-02-27,96.098,96.113,96.098,96.098,15924.0,200903.0,233414.0
2009-03-02,96.113,96.143,96.113,96.128,29116.0,200903.0,244790.0
2009-03-03,96.113,96.208,96.103,96.198,44991.0,200903.0,258021.0
2009-03-04,96.203,96.213,96.198,96.213,20351.0,200903.0,248717.0
2009-03-05,96.218,96.218,96.203,96.213,28744.0,200903.0,258723.0
2009-03-06,96.223,96.223,96.203,96.213,42032.0,200903.0,268056.0
2009-03-09,96.198,96.203,96.193,96.198,30814.0,200903.0,275139.0
2009-03-10,96.188,96.193,96.178,96.188,27785.0,200903.0,270140.0
2009-03-11,96.183,96.193,96.178,96.188,20396.0,200903.0,259801.0
2009-03-12,96.183,96.198,96.183,96.193,30091.0,200903.0,285510.0
2009-03-13,96.203,96.208,96.203,96.203,30292.0,200903.0,279544.0
2009-03-16,96.183,96.243,96.183,96.223,29810.0,200906.0,224999.0
2009-03-17,96.218,96.243,96.208,96.218,32729.0,200906.0,231080.0
2009-03-18,96.233,96.253,96.203,96.248,36962.0,200906.0,242261.0
2009-03-19,96.223,96.268,96.223,96.238,35812.0,200906.0,237665.0
2009-03-20,96.233,96.253,96.228,96.238,13067.0,200906.0,226901.0
2009-03-23,96.203,96.238,96.198,96.208,22600.0,200906.0,229934.0
2009-03-24,96.193,96.208,96.188,96.193,26314.0,200906.0,236392.0
2009-03-25,96.188,96.208,96.168,96.193,20111.0,200906.0,221893.0
2009-03-26,96.193,96.253,96.188,96.243,19468.0,200906.0,222248.0
2009-03-27,96.243,96.273,96.243,96.263,11969.0,200906.0,214642.0
2009-03-30,96.253,96.293,96.253,96.293,16816.0,200906.0,219427.0
2009-03-31,96.293,96.303,96.278,96.303,29729.0,200906.0,227971.0
2009-04-01,96.303,96.318,96.283,96.293,31368.0,200906.0,235253.0
2009-04-02,96.293,96.298,96.238,96.258,27984.0,200906.0,238180.0
2009-04-03,96.243,96.263,96.233,96.233,28924.0,200906.0,239186.0
2009-04-06,96.233,96.263,96.223,96.233,15237.0,200906.0,231534.0
2009-04-07,96.258,96.263,96.243,96.253,20105.0,200906.0,231136.0
2009-04-08,96.268,96.273,96.248,96.258,17820.0,200906.0,231516.0
2009-04-09,96.268,96.268,96.228,96.248,13479.0,200906.0,229084.0
2009-04-13,96.253,96.263,96.233,96.253,9697.0,200906.0,225498.0
2009-04-14,96.258,96.268,96.253,96.253,16096.0,200906.0,226739.0
2009-04-15,96.253,96.253,96.228,96.238,25906.0,200906.0,232134.0
2009-04-16,96.223,96.253,96.203,96.248,25526.0,200906.0,228756.0
2009-04-17,96.248,96.248,96.218,96.223,19441.0,200906.0,224841.0
2009-04-20,96.228,96.253,96.203,96.248,24843.0,200906.0,222941.0
2009-04-21,96.238,96.363,96.238,96.343,67506.0,200906.0,250087.0
2009-04-22,96.343,96.353,96.343,96.348,24487.0,200906.0,237888.0
2009-04-23,96.353,96.373,96.348,96.373,32333.0,200906.0,238813.0
2009-04-24,96.373,96.383,96.368,96.373,18971.0,200906.0,234839.0
2009-04-27,96.388,96.388,96.373,96.383,16459.0,200906.0,235631.0
2009-04-28,96.383,96.383,96.358,96.358,25007.0,200906.0,239080.0
2009-04-29,96.368,96.373,96.358,96.368,16890.0,200906.0,236597.0
2009-04-30,96.363,96.373,96.358,96.373,17780.0,200906.0,241785.0
2009-05-01,96.373,96.383,96.368,96.373,13200.0,200906.0,238163.0
2009-05-04,96.383,96.383,96.373,96.373,15019.0,200906.0,242254.0
2009-05-05,96.383,96.383,96.368,96.373,15411.0,200906.0,242160.0
2009-05-06,96.373,96.373,96.363,96.368,11191.0,200906.0,239206.0
2009-05-07,96.368,96.378,96.368,96.378,39945.0,200906.0,253424.0
2009-05-08,96.378,96.383,96.368,96.378,33827.0,200906.0,257462.0
2009-05-11,96.383,96.393,96.373,96.388,18047.0,200906.0,247779.0
2009-05-12,96.388,96.393,96.378,96.393,9194.0,200906.0,236794.0
2009-05-13,96.393,96.403,96.388,96.393,21642.0,200906.0,246070.0
2009-05-14,96.393,96.403,96.388,96.403,13694.0,200906.0,246202.0
2009-05-15,96.403,96.413,96.403,96.403,19009.0,200906.0,251926.0
2009-05-19,96.408,96.413,96.398,96.408,30885.0,200906.0,263602.0
2009-05-20,96.413,96.423,96.413,96.423,38821.0,200906.0,272687.0
2009-05-21,96.433,96.433,96.403,96.408,26511.0,200906.0,274680.0
2009-05-22,96.403,96.413,96.398,96.408,21295.0,200906.0,275115.0
2009-05-25,96.403,96.408,96.388,96.398,4784.0,200906.0,268333.0
2009-05-26,96.398,96.403,96.388,96.393,22605.0,200906.0,282198.0
2009-05-27,96.393,96.393,96.378,96.383,63198.0,200906.0,317539.0
2009-05-28,96.388,96.388,96.373,96.378,24676.0,200906.0,304731.0
2009-05-29,96.373,96.383,96.368,96.368,44742.0,200906.0,331315.0
2009-06-01,96.373,96.373,96.363,96.368,49125.0,200906.0,336200.0
2009-06-02,96.368,96.373,96.363,96.363,41476.0,200906.0,330357.0
2009-06-03,96.368,96.378,96.368,96.373,18257.0,200906.0,311370.0
2009-06-04,96.373,96.373,96.368,96.368,38641.0,200906.0,320688.0
2009-06-05,96.368,96.368,96.358,96.358,86004.0,200906.0,353333.0
2009-06-08,96.358,96.368,96.358,96.363,72912.0,200906.0,344292.0
2009-06-09,96.368,96.368,96.358,96.358,41280.0,200906.0,303891.0
2009-06-10,96.358,96.363,96.358,96.358,43431.0,200906.0,308245.0
2009-06-11,96.358,96.363,96.348,96.353,60405.0,200906.0,307934.0
2009-06-12,96.353,96.358,96.348,96.353,37386.0,200906.0,295643.0
2009-06-15,96.363,96.363,96.353,96.358,20730.0,200909.0,241115.0
2009-06-16,96.353,96.363,96.348,96.348,43371.0,200909.0,250529.0
2009-06-17,96.348,96.363,96.343,96.353,34782.0,200909.0,253884.0
2009-06-18,96.353,96.358,96.343,96.348,48265.0,200909.0,264224.0
2009-06-19,96.348,96.358,96.348,96.353,21236.0,200909.0,248013.0
2009-06-22,96.358,96.358,96.353,96.358,14742.0,200909.0,244008.0
2009-06-23,96.353,96.358,96.348,96.353,26208.0,200909.0,252232.0
2009-06-24,96.353,96.358,96.348,96.353,16483.0,200909.0,248125.0
2009-06-25,96.358,96.358,96.353,96.353,34747.0,200909.0,258384.0
2009-06-26,96.358,96.363,96.353,96.353,16667.0,200909.0,253120.0
2009-06-29,96.358,96.363,96.353,96.363,15371.0,200909.0,252616.0
2009-06-30,96.358,96.363,96.353,96.358,16798.0,200909.0,250337.0
2009-07-02,96.358,96.368,96.348,96.353,33935.0,200909.0,267617.0
2009-07-03,96.348,96.358,96.348,96.358,15600.0,200909.0,261593.0
2009-07-06,96.353,96.358,96.343,96.348,29431.0,200909.0,262536.0
2009-07-07,96.348,96.353,96.343,96.343,22660.0,200909.0,258389.0
2009-07-08,96.348,96.353,96.343,96.348,16206.0,200909.0,253475.0
2009-07-09,96.343,96.353,96.343,96.348,24377.0,200909.0,256199.0
2009-07-10,96.353,96.353,96.348,96.348,17309.0,200909.0,245298.0
2009-07-13,96.348,96.348,96.323,96.328,33960.0,200909.0,247932.0
2009-07-14,96.338,96.338,96.328,96.328,37316.0,200909.0,249178.0
2009-07-15,96.328,96.333,96.318,96.318,23348.0,200909.0,235399.0
2009-07-16,96.328,96.343,96.323,96.328,14380.0,200909.0,226910.0
2009-07-17,96.328,96.338,96.323,96.328,16875.0,200909.0,228337.0
2009-07-20,96.323,96.338,96.323,96.333,13447.0,200909.0,227690.0
2009-07-21,96.328,96.338,96.328,96.333,20038.0,200909.0,229364.0
2009-07-22,96.333,96.333,96.328,96.333,11886.0,200909.0,221409.0
2009-07-23,96.328,96.328,96.318,96.318,27342.0,200909.0,232642.0
2009-07-24,96.323,96.323,96.313,96.318,27554.0,200909.0,237403.0
2009-07-27,96.323,96.323,96.313,96.318,14325.0,200909.0,227573.0
2009-07-28,96.323,96.328,96.323,96.323,17701.0,200909.0,230991.0
2009-07-29,96.323,96.328,96.318,96.328,20068.0,200909.0,232802.0
2009-07-30,96.323,96.333,96.323,96.328,19999.0,200909.0,229291.0
2009-07-31,96.333,96.333,96.323,96.328,18838.0,200909.0,235851.0
2009-08-04,96.323,96.328,96.313,96.318,17414.0,200909.0,235081.0
2009-08-05,96.318,96.323,96.313,96.313,34955.0,200909.0,250033.0
2009-08-06,96.318,96.333,96.318,96.328,18356.0,200909.0,247137.0
2009-08-07,96.328,96.333,96.323,96.328,31314.0,200909.0,252538.0
2009-08-10,96.333,96.333,96.328,96.328,15857.0,200909.0,242398.0
2009-08-11,96.333,96.338,96.328,96.333,31435.0,200909.0,252387.0
2009-08-12,96.333,96.338,96.328,96.338,33204.0,200909.0,261323.0
2009-08-13,96.333,96.343,96.333,96.338,29055.0,200909.0,256265.0
2009-08-14,96.333,96.343,96.333,96.338,18810.0,200909.0,254319.0
2009-08-17,96.333,96.343,96.333,96.338,13482.0,200909.0,256394.0
2009-08-18,96.333,96.338,96.333,96.338,18019.0,200909.0,257951.0
2009-08-19,96.338,96.353,96.338,96.353,57144.0,200909.0,289153.0
2009-08-20,96.343,96.353,96.343,96.353,29004.0,200909.0,288034.0
2009-08-21,96.348,96.353,96.348,96.353,52461.0,200909.0,304953.0
2009-08-24,96.348,96.358,96.348,96.353,38169.0,200909.0,303840.0
2009-08-25,96.353,96.353,96.343,96.343,32960.0,200909.0,305268.0
2009-08-26,96.343,96.348,96.343,96.343,26002.0,200909.0,305513.0
2009-08-27,96.343,96.348,96.338,96.343,30587.0,200909.0,302179.0
2009-08-28,96.343,96.348,96.338,96.343,25284.0,200909.0,294261.0
2009-08-31,96.343,96.348,96.338,96.343,37055.0,200909.0,298724.0
2009-09-01,96.348,96.348,96.338,96.343,62511.0,200909.0,323569.0
2009-09-02,96.343,96.348,96.343,96.343,19100.0,200909.0,292564.0
2009-09-03,96.343,96.348,96.343,96.348,28675.0,200909.0,300409.0
2009-09-04,96.348,96.348,96.343,96.343,24626.0,200909.0,295568.0
2009-09-08,96.348,96.348,96.343,96.348,21687.0,200909.0,296944.0
2009-09-09,96.343,96.348,96.343,96.348,24181.0,200909.0,299352.0
2009-09-10,96.343,96.353,96.343,96.348,40758.0,200909.0,291066.0
2009-09-11,96.348,96.353,96.348,96.353,39405.0,200909.0,299659.0
2009-09-14,96.348,96.363,96.333,96.343,58324.0,200912.0,271342.0
2009-09-15,96.338,96.348,96.323,96.348,52985.0,200912.0,283500.0
2009-09-16,96.348,96.348,96.328,96.348,67169.0,200912.0,289072.0
2009-09-17,96.343,96.353,96.343,96.348,16468.0,200912.0,258279.0
2009-09-18,96.343,96.348,96.333,96.338,23937.0,200912.0,265750.0
2009-09-21,96.343,96.343,96.338,96.343,17431.0,200912.0,263219.0
2009-09-22,96.343,96.343,96.333,96.343,23774.0,200912.0,263930.0
2009-09-23,96.343,96.343,96.333,96.343,26416.0,200912.0,265177.0
2009-09-24,96.338,96.343,96.333,96.338,14569.0,200912.0,259816.0
2009-09-25,96.338,96.338,96.328,96.328,44953.0,200912.0,278955.0
2009-09-28,96.333,96.338,96.328,96.333,17180.0,200912.0,263153.0
2009-09-29,96.328,96.333,96.323,96.333,22056.0,200912.0,258789.0
2009-09-30,96.328,96.333,96.323,96.333,34135.0,200912.0,268296.0
2009-10-01,96.328,96.348,96.323,96.348,41412.0,200912.0,274572.0
2009-10-02,96.348,96.353,96.338,96.348,39116.0,200912.0,286355.0
2009-10-05,96.348,96.353,96.343,96.348,31405.0,200912.0,278528.0
2009-10-06,96.343,96.343,96.328,96.338,44960.0,200912.0,291378.0
2009-10-07,96.333,96.338,96.318,96.323,39017.0,200912.0,291758.0
2009-10-08,96.323,96.328,96.308,96.313,85762.0,200912.0,326620.0
2009-10-09,96.318,96.318,96.263,96.278,94630.0,200912.0,334497.0
2009-10-13,96.278,96.298,96.268,96.283,78675.0,200912.0,341480.0
2009-10-14,96.273,96.293,96.268,96.283,56503.0,200912.0,309569.0
2009-10-15,96.283,96.298,96.283,96.293,62168.0,200912.0,291228.0
2009-10-16,96.298,96.308,96.298,96.308,48364.0,200912.0,277423.0
2009-10-19,96.308,96.313,96.303,96.313,28989.0,200912.0,259137.0
2009-10-20,96.313,96.333,96.298,96.333,101932.0,200912.0,311141.0
2009-10-21,96.323,96.338,96.323,96.333,47589.0,200912.0,286326.0
2009-10-22,96.333,96.343,96.328,96.343,51279.0,200912.0,301190.0
2009-10-23,96.338,96.343,96.333,96.338,48925.0,200912.0,309344.0
2009-10-26,96.338,96.343,96.333,96.338,47409.0,200912.0,315330.0
2009-10-27,96.338,96.343,96.333,96.343,35379.0,200912.0,322176.0
2009-10-28,96.343,96.343,96.338,96.343,50251.0,200912.0,326739.0
2009-10-29,96.338,96.343,96.338,96.343,20915.0,200912.0,325686.0
2009-10-30,96.343,96.348,96.338,96.343,65890.0,200912.0,353536.0
2009-11-02,96.343,96.348,96.338,96.343,35243.0,200912.0,337654.0
2009-11-03,96.343,96.348,96.338,96.343,28036.0,200912.0,335780.0
2009-11-04,96.343,96.343,96.338,96.343,26242.0,200912.0,336372.0
2009-11-05,96.343,96.348,96.343,96.343,39089.0,200912.0,344568.0
2009-11-06,96.343,96.353,96.343,96.348,59732.0,200912.0,355139.0
2009-11-09,96.353,96.353,96.348,96.353,25908.0,200912.0,341869.0
2009-11-10,96.353,96.358,96.348,96.353,35323.0,200912.0,329662.0
2009-11-12,96.353,96.358,96.353,96.353,48416.0,200912.0,361001.0
2009-11-13,96.358,96.363,96.353,96.353,25011.0,200912.0,328356.0
2009-11-16,96.353,96.363,96.353,96.358,57773.0,200912.0,346882.0
2009-11-17,96.358,96.363,96.353,96.358,56563.0,200912.0,358357.0
2009-11-18,96.358,96.358,96.353,96.358,30059.0,200912.0,342124.0
2009-11-19,96.358,96.363,96.353,96.358,37610.0,200912.0,337735.0
2009-11-20,96.363,96.363,96.358,96.358,58506.0,200912.0,339368.0
2009-11-23,96.363,96.363,96.353,96.358,34863.0,200912.0,331512.0
2009-11-24,96.358,96.358,96.353,96.358,30281.0,200912.0,326282.0
2009-11-25,96.358,96.358,96.353,96.358,45083.0,200912.0,336937.0
2009-11-26,96.358,96.358,96.348,96.353,12140.0,200912.0,311716.0
2009-11-27,96.353,96.353,96.343,96.348,19761.0,200912.0,316782.0
2009-11-30,96.353,96.358,96.343,96.353,54940.0,200912.0,344725.0
2009-12-01,96.343,96.358,96.343,96.353,40007.0,200912.0,347465.0
2009-12-02,96.353,96.358,96.353,96.358,40641.0,200912.0,343631.0
2009-12-03,96.358,96.363,96.358,96.363,37773.0,200912.0,348123.0
2009-12-04,96.363,96.363,96.358,96.358,96930.0,200912.0,392391.0
2009-12-07,96.363,96.363,96.353,96.358,32507.0,200912.0,354328.0
2009-12-08,96.358,96.358,96.353,96.353,38962.0,200912.0,353748.0
2009-12-09,96.353,96.358,96.353,96.353,30459.0,200912.0,349151.0
2009-12-10,96.358,96.358,96.353,96.353,46068.0,200912.0,357748.0
2009-12-11,96.353,96.358,96.353,96.358,49601.0,200912.0,371807.0
2009-12-14,96.358,96.363,96.358,96.363,22120.0,201003.0,306763.0
2009-12-15,96.358,96.358,96.323,96.338,72781.0,201003.0,342745.0
2009-12-16,96.348,96.353,96.338,96.338,53890.0,201003.0,342238.0
2009-12-17,96.348,96.353,96.338,96.348,53998.0,201003.0,337959.0
2009-12-18,96.348,96.353,96.343,96.343,14438.0,201003.0,313177.0
2009-12-21,96.343,96.348,96.338,96.348,14788.0,201003.0,302362.0
2009-12-22,96.343,96.348,96.328,96.328,22314.0,201003.0,301446.0
2009-12-23,96.328,96.338,96.323,96.328,25183.0,201003.0,306230.0
2009-12-24,96.323,96.333,96.323,96.333,9689.0,201003.0,298612.0
2009-12-29,96.323,96.328,96.313,96.318,46844.0,201003.0,318452.0
2009-12-30,96.318,96.333,96.318,96.328,15480.0,201003.0,310668.0
2009-12-31,96.328,96.328,96.323,96.323,24512.0,201003.0,308098.0
2010-01-04,96.328,96.338,96.323,96.338,38077.0,201003.0,310513.0
2010-01-05,96.338,96.348,96.338,96.348,34325.0,201003.0,304293.0
2010-01-06,96.348,96.363,96.348,96.358,46693.0,201003.0,318658.0
2010-01-07,96.358,96.363,96.358,96.358,30892.0,201003.0,311340.0
2010-01-08,96.358,96.388,96.353,96.383,56944.0,201003.0,333415.0
2010-01-11,96.388,96.393,96.383,96.388,37493.0,201003.0,331085.0
2010-01-12,96.393,96.393,96.383,96.388,29384.0,201003.0,330172.0
2010-01-13,96.383,96.388,96.378,96.378,31817.0,201003.0,331415.0
2010-01-14,96.383,96.383,96.373,96.378,41384.0,201003.0,339382.0
2010-01-15,96.373,96.388,96.373,96.383,29384.0,201003.0,336054.0
2010-01-18,96.383,96.388,96.378,96.383,13924.0,201003.0,335152.0
2010-01-19,96.383,96.388,96.378,96.388,50526.0,201003.0,357742.0
2010-01-20,96.388,96.398,96.388,96.398,50220.0,201003.0,365025.0
2010-01-21,96.398,96.403,96.393,96.403,42821.0,201003.0,366782.0
2010-01-22,96.398,96.403,96.383,96.398,46323.0,201003.0,374351.0
2010-01-25,96.388,96.398,96.388,96.398,17568.0,201003.0,361450.0
2010-01-26,96.398,96.403,96.393,96.398,36744.0,201003.0,376029.0
2010-01-27,96.398,96.403,96.393,96.398,44815.0,201003.0,385352.0
2010-01-28,96.398,96.398,96.393,96.398,37747.0,201003.0,384730.0
2010-01-29,96.398,96.403,96.393,96.398,44653.0,201003.0,382954.0
2010-02-01,96.398,96.403,96.393,96.393,44214.0,201003.0,390418.0
2010-02-02,96.393,96.398,96.388,96.393,48555.0,201003.0,411359.0
2010-02-03,96.393,96.398,96.388,96.393,70732.0,201003.0,388634.0
2010-02-04,96.398,96.403,96.393,96.398,60280.0,201003.0,390941.0
2010-02-05,96.398,96.403,96.393,96.398,75723.0,201003.0,401541.0
2010-02-08,96.398,96.403,96.398,96.398,33116.0,201003.0,393671.0
2010-02-09,96.403,96.403,96.398,96.398,79440.0,201003.0,417791.0
2010-02-10,96.398,96.398,96.393,96.398,87965.0,201003.0,419515.0
2010-02-11,96.398,96.403,96.393,96.393,76302.0,201003.0,422203.0
2010-02-12,96.393,96.398,96.393,96.398,32674.0,201003.0,401786.0
2010-02-16,96.398,96.398,96.393,96.398,38942.0,201003.0,403215.0
2010-02-17,96.398,96.398,96.393,96.398,38098.0,201003.0,405924.0
2010-02-18,96.398,96.398,96.393,96.398,52714.0,201003.0,416009.0
2010-02-19,96.393,96.398,96.393,96.398,62178.0,201003.0,419505.0
2010-02-22,96.398,96.398,96.393,96.398,35501.0,201003.0,399984.0
2010-02-23,96.393,96.398,96.393,96.398,50103.0,201003.0,398175.0
2010-02-24,96.398,96.398,96.393,96.398,71059.0,201003.0,410145.0
2010-02-25,96.403,96.403,96.398,96.403,65206.0,201003.0,412122.0
2010-02-26,96.398,96.403,96.398,96.398,47479.0,201003.0,406228.0
2010-03-01,96.398,96.398,96.393,96.398,93061.0,201003.0,431606.0
2010-03-02,96.398,96.403,96.393,96.398,122838.0,201003.0,474303.0
2010-03-03,96.398,96.398,96.393,96.393,87746.0,201003.0,439157.0
2010-03-04,96.393,96.398,96.388,96.393,99534.0,201003.0,438661.0
2010-03-05,96.388,96.393,96.388,96.393,67333.0,201003.0,425832.0
2010-03-08,96.388,96.393,96.383,96.383,29321.0,201003.0,406813.0
2010-03-09,96.388,96.393,96.383,96.393,37561.0,201003.0,389908.0
2010-03-10,96.388,96.388,96.383,96.383,68735.0,201003.0,388941.0
2010-03-11,96.388,96.388,96.383,96.383,55217.0,201003.0,389529.0
2010-03-12,96.388,96.388,96.373,96.373,88251.0,201003.0,411115.0
2010-03-15,96.388,96.393,96.368,96.373,25768.0,201006.0,321889.0
2010-03-16,96.368,96.393,96.358,96.383,55258.0,201006.0,345775.0
2010-03-17,96.383,96.383,96.363,96.368,39041.0,201006.0,333098.0
2010-03-18,96.363,96.378,96.363,96.378,51050.0,201006.0,347268.0
2010-03-19,96.373,96.373,96.318,96.338,94817.0,201006.0,375761.0
2010-03-22,96.333,96.348,96.333,96.343,43867.0,201006.0,360951.0
2010-03-23,96.343,96.343,96.338,96.343,56084.0,201006.0,374627.0
2010-03-24,96.343,96.343,96.293,96.308,100424.0,201006.0,401493.0
2010-03-25,96.308,96.308,96.273,96.288,57446.0,201006.0,384140.0
2010-03-26,96.293,96.293,96.273,96.283,35691.0,201006.0,373157.0
2010-03-29,96.273,96.283,96.258,96.263,26176.0,201006.0,371296.0
2010-03-30,96.263,96.263,96.238,96.238,51097.0,201006.0,364803.0
2010-03-31,96.233,96.253,96.213,96.223,51439.0,201006.0,366120.0
2010-04-01,96.223,96.233,96.208,96.208,40599.0,201006.0,359419.0
2010-04-05,96.203,96.203,96.163,96.168,47298.0,201006.0,365625.0
2010-04-06,96.168,96.183,96.163,96.168,58594.0,201006.0,373419.0
2010-04-07,96.168,96.213,96.168,96.208,58628.0,201006.0,382993.0
2010-04-08,96.208,96.223,96.173,96.183,56050.0,201006.0,384891.0
2010-04-09,96.183,96.228,96.178,96.193,60104.0,201006.0,394923.0
2010-04-12,96.183,96.188,96.153,96.163,50300.0,201006.0,402834.0
2010-04-13,96.163,96.168,96.133,96.143,73951.0,201006.0,410774.0
2010-04-14,96.133,96.153,96.128,96.148,78287.0,201006.0,408836.0
2010-04-15,96.148,96.178,96.148,96.148,57201.0,201006.0,391079.0
2010-04-16,96.153,96.198,96.153,96.193,90429.0,201006.0,403402.0
2010-04-19,96.193,96.218,96.183,96.208,55177.0,201006.0,405685.0
2010-04-20,96.208,96.223,96.033,96.043,148593.0,201006.0,461365.0
2010-04-21,96.033,96.033,95.973,95.998,109503.0,201006.0,460973.0
2010-04-22,96.003,96.038,96.003,96.018,77850.0,201006.0,456321.0
2010-04-23,96.003,96.068,96.003,96.038,47475.0,201006.0,448141.0
2010-04-26,96.043,96.048,96.028,96.033,29236.0,201006.0,442283.0
2010-04-27,96.043,96.058,96.033,96.048,59860.0,201006.0,453318.0
2010-04-28,96.053,96.053,96.043,96.048,39709.0,201006.0,450022.0
2010-04-29,96.053,96.078,96.053,96.068,43227.0,201006.0,456350.0
2010-04-30,96.053,96.083,96.053,96.068,44779.0,201006.0,468408.0
2010-05-03,96.068,96.068,96.053,96.063,45888.0,201006.0,464422.0
2010-05-04,96.063,96.133,96.063,96.123,100416.0,201006.0,486302.0
2010-05-05,96.123,96.193,96.118,96.143,98564.0,201006.0,485958.0
2010-05-06,96.138,96.323,96.118,96.233,67577.0,201006.0,467990.0
2010-05-07,96.183,96.188,96.063,96.143,85297.0,201006.0,478579.0
2010-05-10,96.143,96.143,96.033,96.098,47865.0,201006.0,470625.0
2010-05-11,96.098,96.118,96.068,96.098,39483.0,201006.0,458493.0
2010-05-12,96.083,96.098,96.078,96.088,37303.0,201006.0,458491.0
2010-05-13,96.093,96.108,96.083,96.103,29040.0,201006.0,453883.0
2010-05-14,96.103,96.158,96.103,96.143,53387.0,201006.0,465676.0
2010-05-17,96.133,96.133,96.118,96.118,35947.0,201006.0,449627.0
2010-05-18,96.103,96.163,96.103,96.153,54044.0,201006.0,459595.0
2010-05-19,96.168,96.198,96.133,96.168,57139.0,201006.0,462308.0
2010-05-20,96.163,96.208,96.163,96.193,75762.0,201006.0,470058.0
2010-05-21,96.208,96.208,96.163,96.168,33144.0,201006.0,451108.0
2010-05-25,96.163,96.253,96.163,96.228,87795.0,201006.0,476830.0
2010-05-26,96.213,96.213,96.173,96.198,57163.0,201006.0,479855.0
2010-05-27,96.188,96.223,96.138,96.143,80432.0,201006.0,437882.0
2010-05-28,96.138,96.163,96.128,96.148,55034.0,201006.0,434255.0
2010-05-31,96.123,96.133,96.088,96.093,22500.0,201006.0,384248.0
2010-06-01,96.103,96.133,96.063,96.133,87178.0,201006.0,409279.0
2010-06-02,96.123,96.133,96.118,96.118,56446.0,201006.0,406282.0
2010-06-03,96.118,96.128,96.108,96.128,60082.0,201006.0,401527.0
2010-06-04,96.128,96.148,96.118,96.148,88065.0,201006.0,412729.0
2010-06-07,96.143,96.143,96.133,96.138,57712.0,201006.0,396796.0
2010-06-08,96.143,96.143,96.133,96.143,55539.0,201006.0,372493.0
2010-06-09,96.138,96.138,96.133,96.133,62240.0,201006.0,369096.0
2010-06-10,96.138,96.138,96.123,96.128,74901.0,201006.0,378995.0
2010-06-11,96.128,96.133,96.128,96.128,60186.0,201006.0,360955.0
2010-06-14,96.118,96.118,96.093,96.098,40589.0,201009.0,289375.0
2010-06-15,96.098,96.118,96.078,96.113,32657.0,201009.0,283788.0
2010-06-16,96.108,96.138,96.103,96.128,41470.0,201009.0,273304.0
2010-06-17,96.128,96.178,96.128,96.158,50221.0,201009.0,279639.0
2010-06-18,96.163,96.168,96.133,96.148,29510.0,201009.0,277149.0
2010-06-21,96.128,96.158,96.113,96.143,42304.0,201009.0,282756.0
2010-06-22,96.153,96.163,96.133,96.153,59447.0,201009.0,291775.0
2010-06-23,96.158,96.228,96.143,96.213,75635.0,201009.0,293903.0
2010-06-24,96.218,96.248,96.218,96.228,66032.0,201009.0,317519.0
2010-06-25,96.253,96.273,96.223,96.233,31065.0,201009.0,296636.0
2010-06-28,96.243,96.253,96.238,96.253,36820.0,201009.0,300564.0
2010-06-29,96.293,96.343,96.273,96.338,81013.0,201009.0,332601.0
2010-06-30,96.338,96.378,96.313,96.343,75428.0,201009.0,323722.0
2010-07-02,96.338,96.398,96.303,96.348,39321.0,201009.0,309547.0
2010-07-05,96.363,96.368,96.353,96.363,10516.0,201009.0,300142.0
2010-07-06,96.358,96.368,96.323,96.343,49582.0,201009.0,321585.0
2010-07-07,96.343,96.348,96.328,96.333,35019.0,201009.0,318131.0
2010-07-08,96.333,96.333,96.293,96.313,56863.0,201009.0,333151.0
2010-07-09,96.308,96.308,96.213,96.228,66787.0,201009.0,356993.0
2010-07-12,96.238,96.258,96.228,96.233,30669.0,201009.0,342061.0
2010-07-13,96.228,96.243,96.203,96.213,30797.0,201009.0,348657.0
2010-07-14,96.208,96.213,96.178,96.193,66267.0,201009.0,367204.0
2010-07-15,96.183,96.218,96.158,96.208,68729.0,201009.0,365361.0
2010-07-16,96.208,96.258,96.183,96.238,61690.0,201009.0,368780.0
2010-07-19,96.238,96.263,96.223,96.258,53222.0,201009.0,356208.0
2010-07-20,96.263,96.283,96.218,96.228,79380.0,201009.0,375029.0
2010-07-21,96.223,96.228,96.208,96.223,46203.0,201009.0,363421.0
2010-07-22,96.218,96.238,96.208,96.208,39187.0,201009.0,357136.0
2010-07-23,96.208,96.208,96.168,96.173,28633.0,201009.0,345884.0
2010-07-26,96.178,96.183,96.153,96.158,22330.0,201009.0,342329.0
2010-07-27,96.158,96.163,96.148,96.153,35553.0,201009.0,344967.0
2010-07-28,96.163,96.168,96.158,96.168,31211.0,201009.0,345908.0
2010-07-29,96.158,96.188,96.158,96.178,34444.0,201009.0,346447.0
2010-07-30,96.203,96.208,96.183,96.203,29254.0,201009.0,350178.0
2010-08-03,96.198,96.218,96.193,96.193,57299.0,201009.0,366009.0
2010-08-04,96.188,96.198,96.158,96.168,52714.0,201009.0,377353.0
2010-08-05,96.168,96.178,96.158,96.168,40009.0,201009.0,365417.0
2010-08-06,96.173,96.198,96.158,96.188,43773.0,201009.0,366541.0
2010-08-09,96.193,96.193,96.183,96.183,16236.0,201009.0,349701.0
2010-08-10,96.178,96.198,96.178,96.193,22558.0,201009.0,339994.0
2010-08-11,96.198,96.253,96.198,96.243,65596.0,201009.0,360100.0
2010-08-12,96.248,96.268,96.238,96.238,57392.0,201009.0,360977.0
2010-08-13,96.253,96.263,96.223,96.238,34160.0,201009.0,359350.0
2010-08-16,96.248,96.258,96.233,96.248,31983.0,201009.0,358813.0
2010-08-17,96.243,96.248,96.223,96.228,50428.0,201009.0,364334.0
2010-08-18,96.238,96.243,96.223,96.233,19792.0,201009.0,353852.0
2010-08-19,96.228,96.248,96.218,96.243,44547.0,201009.0,371290.0
2010-08-20,96.248,96.313,96.248,96.303,71892.0,201009.0,399289.0
2010-08-23,96.303,96.328,96.283,96.313,65106.0,201009.0,397012.0
2010-08-24,96.318,96.353,96.313,96.318,80095.0,201009.0,412210.0
2010-08-25,96.318,96.343,96.283,96.308,81321.0,201009.0,424505.0
2010-08-26,96.318,96.323,96.283,96.298,61850.0,201009.0,419421.0
2010-08-27,96.308,96.313,96.248,96.268,66634.0,201009.0,416966.0
2010-08-30,96.278,96.288,96.263,96.268,49809.0,201009.0,409799.0
2010-08-31,96.278,96.313,96.273,96.283,81506.0,201009.0,428649.0
2010-09-01,96.273,96.283,96.253,96.273,69753.0,201009.0,427829.0
2010-09-02,96.258,96.278,96.258,96.278,48357.0,201009.0,410305.0
2010-09-03,96.268,96.273,96.223,96.228,83919.0,201009.0,425945.0
2010-09-07,96.218,96.253,96.208,96.248,58876.0,201009.0,421602.0
2010-09-08,96.228,96.248,96.108,96.108,159480.0,201009.0,472793.0
2010-09-09,96.108,96.108,96.088,96.088,121954.0,201009.0,441968.0
2010-09-10,96.088,96.093,96.073,96.078,80218.0,201009.0,399175.0
2010-09-13,96.058,96.078,96.053,96.073,41601.0,201012.0,309416.0
2010-09-14,96.073,96.088,96.058,96.068,60348.0,201012.0,329317.0
2010-09-15,96.063,96.063,96.038,96.048,96753.0,201012.0,338659.0
2010-09-16,96.033,96.058,96.018,96.033,80629.0,201012.0,312504.0
2010-09-17,96.028,96.063,96.028,96.053,38849.0,201012.0,296902.0
2010-09-20,96.053,96.058,96.033,96.038,55500.0,201012.0,299699.0
2010-09-21,96.038,96.068,96.028,96.058,61117.0,201012.0,305518.0
2010-09-22,96.063,96.098,96.063,96.088,80878.0,201012.0,312628.0
2010-09-23,96.093,96.103,96.083,96.088,22408.0,201012.0,291375.0
2010-09-24,96.083,96.093,96.043,96.048,50854.0,201012.0,301916.0
2010-09-27,96.048,96.073,96.038,96.068,41406.0,201012.0,304758.0
2010-09-28,96.058,96.093,96.058,96.088,58100.0,201012.0,302437.0
2010-09-29,96.083,96.103,96.073,96.093,48797.0,201012.0,298533.0
2010-09-30,96.088,96.133,96.078,96.128,84638.0,201012.0,310655.0
2010-10-01,96.123,96.128,96.108,96.113,46419.0,201012.0,294907.0
2010-10-04,96.118,96.133,96.118,96.123,20003.0,201012.0,283634.0
2010-10-05,96.123,96.138,96.118,96.118,36838.0,201012.0,289948.0
2010-10-06,96.128,96.138,96.118,96.128,50866.0,201012.0,301987.0
2010-10-07,96.133,96.138,96.118,96.128,31838.0,201012.0,297138.0
2010-10-08,96.128,96.153,96.118,96.133,54001.0,201012.0,304712.0
2010-10-12,96.143,96.153,96.123,96.128,38737.0,201012.0,297065.0
2010-10-13,96.128,96.128,96.108,96.113,48546.0,201012.0,301941.0
2010-10-14,96.108,96.128,96.098,96.113,41316.0,201012.0,304492.0
2010-10-15,96.113,96.133,96.108,96.113,20029.0,201012.0,295030.0
2010-10-18,96.108,96.133,96.108,96.123,88409.0,201012.0,325210.0
2010-10-19,96.128,96.188,96.123,96.183,133067.0,201012.0,374488.0
2010-10-20,96.183,96.183,96.168,96.173,76378.0,201012.0,366779.0
2010-10-21,96.173,96.178,96.168,96.178,41130.0,201012.0,338386.0
2010-10-22,96.178,96.188,96.168,96.178,44230.0,201012.0,339610.0
2010-10-25,96.178,96.188,96.178,96.178,25178.0,201012.0,326527.0
2010-10-26,96.178,96.178,96.168,96.173,58019.0,201012.0,353225.0
2010-10-27,96.168,96.178,96.168,96.168,48752.0,201012.0,341865.0
2010-10-28,96.173,96.178,96.168,96.173,39945.0,201012.0,334735.0
2010-10-29,96.173,96.178,96.168,96.178,22168.0,201012.0,318944.0
2010-11-01,96.178,96.178,96.173,96.173,37165.0,201012.0,327891.0
2010-11-02,96.168,96.173,96.153,96.158,45614.0,201012.0,338750.0
2010-11-03,96.158,96.173,96.158,96.163,27728.0,201012.0,330565.0
2010-11-04,96.163,96.168,96.163,96.163,45947.0,201012.0,342056.0
2010-11-05,96.168,96.168,96.148,96.148,101197.0,201012.0,383373.0
2010-11-08,96.153,96.158,96.148,96.148,82341.0,201012.0,366867.0
2010-11-09,96.158,96.158,96.143,96.148,79358.0,201012.0,365796.0
2010-11-10,96.148,96.158,96.143,96.148,83603.0,201012.0,324262.0
2010-11-12,96.148,96.158,96.148,96.148,57440.0,201012.0,348716.0
2010-11-15,96.148,96.153,96.143,96.148,43169.0,201012.0,332413.0
2010-11-16,96.148,96.163,96.143,96.158,50839.0,201012.0,337175.0
2010-11-17,96.153,96.163,96.148,96.158,37376.0,201012.0,333663.0
2010-11-18,96.158,96.158,96.148,96.153,49825.0,201012.0,336986.0
2010-11-19,96.153,96.158,96.148,96.158,40103.0,201012.0,333250.0
2010-11-22,96.153,96.158,96.153,96.158,36449.0,201012.0,330890.0
2010-11-23,96.158,96.158,96.138,96.143,100709.0,201012.0,371262.0
2010-11-24,96.143,96.143,96.108,96.113,145778.0,201012.0,394897.0
2010-11-25,96.118,96.123,96.113,96.118,37341.0,201012.0,351571.0
2010-11-26,96.133,96.133,96.118,96.123,47745.0,201012.0,355213.0
2010-11-29,96.133,96.138,96.123,96.138,63121.0,201012.0,352266.0
2010-11-30,96.138,96.143,96.128,96.133,89658.0,201012.0,366882.0
2010-12-01,96.128,96.138,96.123,96.133,95755.0,201012.0,373355.0
2010-12-02,96.123,96.138,96.123,96.128,59414.0,201012.0,359643.0
2010-12-03,96.128,96.143,96.128,96.138,59249.0,201012.0,361996.0
2010-12-06,96.143,96.148,96.138,96.148,65420.0,201012.0,366145.0
2010-12-07,96.143,96.153,96.138,96.143,68509.0,201012.0,368206.0
2010-12-08,96.143,96.143,96.138,96.143,55752.0,201012.0,364216.0
2010-12-09,96.143,96.143,96.138,96.143,41199.0,201012.0,356079.0
2010-12-10,96.138,96.148,96.138,96.138,48736.0,201012.0,359934.0
2010-12-13,96.138,96.188,96.113,96.188,73711.0,201103.0,322064.0
2010-12-14,96.178,96.183,96.148,96.158,52372.0,201103.0,318474.0
2010-12-15,96.148,96.168,96.133,96.148,60311.0,201103.0,321575.0
2010-12-16,96.153,96.153,96.128,96.143,37931.0,201103.0,318500.0
2010-12-17,96.158,96.158,96.143,96.153,33270.0,201103.0,307914.0
2010-12-20,96.153,96.163,96.148,96.158,22039.0,201103.0,310543.0
2010-12-21,96.153,96.168,96.148,96.158,32198.0,201103.0,315183.0
2010-12-22,96.158,96.163,96.153,96.158,18043.0,201103.0,304592.0
2010-12-23,96.158,96.163,96.143,96.148,17334.0,201103.0,304217.0
2010-12-24,96.148,96.158,96.143,96.148,3030.0,201103.0,294928.0
2010-12-29,96.158,96.158,96.118,96.133,20556.0,201103.0,307630.0
2010-12-30,96.128,96.133,96.108,96.118,21566.0,201103.0,310283.0
2010-12-31,96.113,96.128,96.108,96.128,17788.0,201103.0,299345.0
2011-01-04,96.118,96.143,96.113,96.118,38719.0,201103.0,308027.0
2011-01-05,96.128,96.133,96.088,96.093,70030.0,201103.0,337456.0
2011-01-06,96.098,96.118,96.098,96.108,62934.0,201103.0,342420.0
2011-01-07,96.108,96.143,96.088,96.138,74515.0,201103.0,346302.0
2011-01-10,96.133,96.143,96.123,96.138,36805.0,201103.0,340100.0
2011-01-11,96.153,96.153,96.128,96.143,34610.0,201103.0,338213.0
2011-01-12,96.138,96.158,96.133,96.148,42551.0,201103.0,336278.0
2011-01-13,96.148,96.153,96.138,96.153,29314.0,201103.0,332934.0
2011-01-14,96.148,96.148,96.143,96.148,35746.0,201103.0,340316.0
2011-01-17,96.143,96.148,96.138,96.143,27839.0,201103.0,339959.0
2011-01-18,96.143,96.198,96.133,96.188,108878.0,201103.0,387411.0
2011-01-19,96.188,96.228,96.188,96.223,128526.0,201103.0,418504.0
2011-01-20,96.223,96.228,96.213,96.228,84870.0,201103.0,423882.0
2011-01-21,96.228,96.233,96.213,96.228,69751.0,201103.0,413514.0
2011-01-24,96.228,96.238,96.228,96.238,53214.0,201103.0,408408.0
2011-01-25,96.238,96.258,96.233,96.258,111695.0,201103.0,444246.0
2011-01-26,96.253,96.253,96.238,96.248,78185.0,201103.0,446573.0
2011-01-27,96.243,96.258,96.243,96.253,64635.0,201103.0,438389.0
2011-01-28,96.248,96.258,96.243,96.253,86512.0,201103.0,459345.0
2011-01-31,96.253,96.258,96.243,96.253,73271.0,201103.0,444631.0
2011-02-01,96.258,96.258,96.243,96.243,91336.0,201103.0,459094.0
2011-02-02,96.248,96.248,96.238,96.238,81733.0,201103.0,466486.0
2011-02-03,96.243,96.243,96.233,96.238,85701.0,201103.0,473635.0
2011-02-04,96.243,96.243,96.218,96.228,105538.0,201103.0,493146.0
2011-02-07,96.228,96.238,96.223,96.233,62657.0,201103.0,469580.0
2011-02-08,96.238,96.243,96.228,96.233,87359.0,201103.0,482930.0
2011-02-09,96.233,96.243,96.233,96.243,73441.0,201103.0,475509.0
2011-02-10,96.243,96.243,96.238,96.243,48990.0,201103.0,461643.0
2011-02-11,96.243,96.248,96.233,96.233,96991.0,201103.0,482741.0
2011-02-14,96.238,96.238,96.228,96.233,58819.0,201103.0,463464.0
2011-02-15,96.228,96.233,96.223,96.233,70481.0,201103.0,455560.0
2011-02-16,96.238,96.238,96.228,96.233,99590.0,201103.0,472614.0
2011-02-17,96.233,96.243,96.233,96.243,92402.0,201103.0,475534.0
2011-02-18,96.243,96.253,96.243,96.253,77641.0,201103.0,466602.0
2011-02-22,96.258,96.258,96.248,96.258,77301.0,201103.0,460365.0
2011-02-23,96.258,96.258,96.248,96.253,70943.0,201103.0,459292.0
2011-02-24,96.258,96.258,96.248,96.253,36420.0,201103.0,444298.0
2011-02-25,96.248,96.253,96.243,96.248,51826.0,201103.0,455740.0
2011-02-28,96.248,96.248,96.233,96.238,110252.0,201103.0,481654.0
2011-03-01,96.233,96.263,96.223,96.258,104746.0,201103.0,497195.0
2011-03-02,96.258,96.263,96.258,96.258,58155.0,201103.0,471222.0
2011-03-03,96.258,96.263,96.253,96.258,93954.0,201103.0,495107.0
2011-03-04,96.258,96.263,96.253,96.263,76284.0,201103.0,482690.0
2011-03-07,96.258,96.263,96.258,96.263,48716.0,201103.0,486872.0
2011-03-08,96.263,96.263,96.258,96.258,41067.0,201103.0,479212.0
2011-03-09,96.258,96.263,96.258,96.263,50459.0,201103.0,484612.0
2011-03-10,96.263,96.268,96.258,96.263,141962.0,201103.0,534905.0
2011-03-11,96.268,96.273,96.263,96.273,137233.0,201103.0,539132.0
2011-03-14,96.273,96.303,96.268,96.283,111297.0,201106.0,500386.0
2011-03-15,96.298,96.358,96.298,96.313,173357.0,201106.0,534600.0
2011-03-16,96.313,96.358,96.308,96.353,122565.0,201106.0,508551.0
2011-03-17,96.348,96.353,96.323,96.343,129522.0,201106.0,515396.0
2011-03-18,96.343,96.353,96.328,96.343,97645.0,201106.0,514183.0
2011-03-21,96.333,96.333,96.298,96.308,100262.0,201106.0,522063.0
2011-03-22,96.303,96.323,96.288,96.318,95975.0,201106.0,522491.0
2011-03-23,96.318,96.328,96.308,96.313,67090.0,201106.0,508437.0
2011-03-24,96.313,96.323,96.308,96.313,50045.0,201106.0,500800.0
2011-03-25,96.313,96.318,96.298,96.303,63281.0,201106.0,503565.0
2011-03-28,96.308,96.308,96.293,96.298,55518.0,201106.0,506549.0
2011-03-29,96.298,96.308,96.283,96.288,80316.0,201106.0,522915.0
2011-03-30,96.293,96.313,96.288,96.303,54423.0,201106.0,521342.0
2011-03-31,96.308,96.318,96.283,96.293,100831.0,201106.0,505672.0
2011-04-01,96.283,96.293,96.258,96.268,87912.0,201106.0,505844.0
2011-04-04,96.268,96.278,96.253,96.273,53773.0,201106.0,488430.0
2011-04-05,96.258,96.278,96.243,96.248,81740.0,201106.0,501382.0
2011-04-06,96.243,96.253,96.233,96.238,64426.0,201106.0,499553.0
2011-04-07,96.238,96.248,96.228,96.228,86010.0,201106.0,511459.0
2011-04-08,96.228,96.243,96.208,96.228,63021.0,201106.0,499474.0
2011-04-11,96.228,96.233,96.213,96.218,79821.0,201106.0,502655.0
2011-04-12,96.228,96.293,96.223,96.278,124231.0,201106.0,520712.0
2011-04-13,96.288,96.328,96.263,96.318,127516.0,201106.0,533018.0
2011-04-14,96.318,96.333,96.313,96.318,93438.0,201106.0,514945.0
2011-04-15,96.318,96.333,96.318,96.328,92648.0,201106.0,519243.0
2011-04-18,96.333,96.338,96.313,96.328,111491.0,201106.0,534762.0
2011-04-19,96.323,96.328,96.283,96.308,166122.0,201106.0,574236.0
2011-04-20,96.298,96.303,96.288,96.293,95640.0,201106.0,554975.0
2011-04-21,96.288,96.298,96.283,96.288,116535.0,201106.0,573155.0
2011-04-25,96.298,96.298,96.288,96.293,45265.0,201106.0,545924.0
2011-04-26,96.298,96.313,96.293,96.308,71266.0,201106.0,566457.0
2011-04-27,96.308,96.308,96.288,96.303,104722.0,201106.0,586581.0
2011-04-28,96.308,96.323,96.308,96.318,76052.0,201106.0,577384.0
2011-04-29,96.318,96.333,96.313,96.328,85906.0,201106.0,591391.0
2011-05-02,96.323,96.328,96.318,96.318,56833.0,201106.0,535154.0
2011-05-03,96.318,96.328,96.318,96.328,73696.0,201106.0,546749.0
2011-05-04,96.323,96.343,96.318,96.338,83570.0,201106.0,561084.0
2011-05-05,96.338,96.353,96.333,96.343,89824.0,201106.0,572994.0
2011-05-06,96.343,96.348,96.323,96.343,145218.0,201106.0,614376.0
2011-05-09,96.333,96.353,96.333,96.343,64163.0,201106.0,572638.0
2011-05-10,96.343,96.348,96.333,96.343,70041.0,201106.0,582210.0
2011-05-11,96.338,96.353,96.338,96.348,75031.0,201106.0,589818.0
2011-05-12,96.348,96.358,96.348,96.358,71689.0,201106.0,584922.0
2011-05-13,96.358,96.363,96.353,96.363,78130.0,201106.0,595011.0
2011-05-16,96.363,96.368,96.358,96.368,88513.0,201106.0,604681.0
2011-05-17,96.368,96.373,96.358,96.368,147571.0,201106.0,629362.0
2011-05-18,96.368,96.373,96.358,96.363,112844.0,201106.0,610151.0
2011-05-19,96.363,96.363,96.353,96.358,125648.0,201106.0,612687.0
2011-05-20,96.363,96.378,96.358,96.373,171781.0,201106.0,652822.0
2011-05-24,96.373,96.378,96.368,96.373,85940.0,201106.0,631205.0
2011-05-25,96.373,96.373,96.363,96.373,90956.0,201106.0,638754.0
2011-05-26,96.373,96.378,96.368,96.378,175804.0,201106.0,699569.0
2011-05-27,96.378,96.378,96.373,96.378,81455.0,201106.0,657939.0
2011-05-30,96.373,96.378,96.373,96.373,36010.0,201106.0,622549.0
2011-05-31,96.368,96.378,96.368,96.368,167093.0,201106.0,696250.0
2011-06-01,96.368,96.378,96.363,96.373,165260.0,201106.0,685032.0
2011-06-02,96.373,96.378,96.368,96.368,108225.0,201106.0,655988.0
2011-06-03,96.373,96.378,96.368,96.378,140540.0,201106.0,675016.0
2011-06-06,96.373,96.383,96.373,96.378,62056.0,201106.0,642370.0
2011-06-07,96.378,96.383,96.378,96.378,96208.0,201106.0,651518.0
2011-06-08,96.378,96.388,96.378,96.383,74009.0,201106.0,658976.0
2011-06-09,96.383,96.388,96.378,96.378,80971.0,201106.0,656041.0
2011-06-10,96.383,96.383,96.378,96.383,95031.0,201106.0,662359.0
2011-06-13,96.378,96.383,96.373,96.378,82189.0,201109.0,563063.0
2011-06-14,96.373,96.378,96.353,96.363,181989.0,201109.0,626467.0
2011-06-15,96.363,96.393,96.353,96.388,170585.0,201109.0,636321.0
2011-06-16,96.398,96.433,96.398,96.413,218908.0,201109.0,660067.0
2011-06-17,96.403,96.403,96.383,96.398,83651.0,201109.0,597962.0
2011-06-20,96.403,96.408,96.393,96.398,85912.0,201109.0,561297.0
2011-06-21,96.393,96.408,96.393,96.403,96208.0,201109.0,572463.0
2011-06-22,96.413,96.418,96.403,96.403,81766.0,201109.0,574903.0
2011-06-23,96.403,96.423,96.403,96.413,123605.0,201109.0,608932.0
2011-06-24,96.408,96.448,96.408,96.443,128035.0,201109.0,630915.0
2011-06-27,96.443,96.453,96.413,96.418,161992.0,201109.0,657561.0
2011-06-28,96.423,96.423,96.408,96.408,116365.0,201109.0,627812.0
2011-06-29,96.413,96.418,96.373,96.383,196141.0,201109.0,668632.0
2011-06-30,96.383,96.383,96.353,96.353,102508.0,201109.0,620261.0
2011-07-04,96.353,96.368,96.328,96.368,34783.0,201109.0,567221.0
2011-07-05,96.363,96.378,96.363,96.378,69148.0,201109.0,580977.0
2011-07-06,96.378,96.398,96.378,96.383,85760.0,201109.0,597635.0
2011-07-07,96.383,96.383,96.358,96.363,98425.0,201109.0,613154.0
2011-07-08,96.363,96.403,96.333,96.393,133394.0,201109.0,643497.0
2011-07-11,96.398,96.428,96.398,96.403,133442.0,201109.0,639088.0
2011-07-12,96.413,96.418,96.383,96.393,173211.0,201109.0,662629.0
2011-07-13,96.393,96.408,96.383,96.398,126171.0,201109.0,635691.0
2011-07-14,96.398,96.413,96.378,96.403,110245.0,201109.0,618787.0
2011-07-15,96.393,96.413,96.393,96.413,82512.0,201109.0,590344.0
2011-07-18,96.418,96.423,96.403,96.408,96355.0,201109.0,606109.0
2011-07-19,96.398,96.403,96.353,96.358,213607.0,201109.0,653972.0
2011-07-20,96.358,96.358,96.323,96.338,143037.0,201109.0,629508.0
2011-07-21,96.338,96.343,96.313,96.323,112045.0,201109.0,599390.0
2011-07-22,96.333,96.388,96.328,96.353,107757.0,201109.0,605775.0
2011-07-25,96.348,96.378,96.338,96.358,46932.0,201109.0,578242.0
2011-07-26,96.353,96.363,96.348,96.358,55504.0,201109.0,582741.0
2011-07-27,96.368,96.368,96.353,96.368,95712.0,201109.0,610748.0
2011-07-28,96.363,96.368,96.358,96.363,66741.0,201109.0,599658.0
2011-07-29,96.358,96.403,96.358,96.393,110083.0,201109.0,629909.0
2011-08-02,96.403,96.428,96.403,96.418,183723.0,201109.0,713632.0
2011-08-03,96.413,96.423,96.403,96.418,170047.0,201109.0,708696.0
2011-08-04,96.418,96.518,96.418,96.503,285500.0,201109.0,796862.0
2011-08-05,96.503,96.553,96.448,96.468,153306.0,201109.0,731237.0
2011-08-08,96.503,96.633,96.493,96.628,138156.0,201109.0,699912.0
2011-08-09,96.628,96.643,96.528,96.623,137637.0,201109.0,686385.0
2011-08-10,96.603,96.608,96.553,96.553,111439.0,201109.0,653457.0
2011-08-11,96.523,96.588,96.508,96.508,105346.0,201109.0,635009.0
2011-08-12,96.508,96.528,96.483,96.493,55781.0,201109.0,598859.0
2011-08-15,96.493,96.498,96.473,96.483,53845.0,201109.0,592458.0
2011-08-16,96.468,96.488,96.468,96.473,71623.0,201109.0,595088.0
2011-08-17,96.483,96.488,96.463,96.488,48467.0,201109.0,591601.0
2011-08-18,96.488,96.553,96.478,96.518,71461.0,201109.0,600160.0
2011-08-19,96.533,96.543,96.473,96.498,42195.0,201109.0,587599.0
2011-08-22,96.493,96.508,96.473,96.493,29482.0,201109.0,579590.0
2011-08-23,96.493,96.493,96.468,96.478,39971.0,201109.0,581961.0
2011-08-24,96.488,96.498,96.463,96.468,65533.0,201109.0,587390.0
2011-08-25,96.473,96.483,96.468,96.473,57348.0,201109.0,577087.0
2011-08-26,96.478,96.488,96.473,96.478,44566.0,201109.0,563862.0
2011-08-29,96.488,96.488,96.468,96.468,36464.0,201109.0,487723.0
2011-08-30,96.473,96.483,96.473,96.478,58565.0,201109.0,502373.0
2011-08-31,96.473,96.483,96.473,96.478,49636.0,201109.0,490403.0
2011-09-01,96.473,96.488,96.473,96.483,71039.0,201109.0,505366.0
2011-09-02,96.483,96.493,96.478,96.483,37707.0,201109.0,484666.0
2011-09-06,96.488,96.508,96.488,96.508,72283.0,201109.0,503375.0
2011-09-07,96.508,96.513,96.463,96.468,80546.0,201109.0,514472.0
2011-09-08,96.473,96.473,96.463,96.468,64867.0,201109.0,507002.0
2011-09-09,96.473,96.503,96.463,96.478,68974.0,201109.0,513970.0
2011-09-12,96.498,96.498,96.458,96.463,80204.0,201109.0,521229.0
2011-09-13,96.463,96.463,96.458,96.458,68869.0,201109.0,512203.0
2011-09-14,96.458,96.463,96.453,96.453,54521.0,201109.0,494792.0
2011-09-15,96.458,96.458,96.453,96.453,71149.0,201109.0,492169.0
2011-09-16,96.453,96.458,96.453,96.453,49752.0,201109.0,485784.0
2011-09-19,96.473,96.518,96.473,96.498,61763.0,201112.0,414924.0
2011-09-20,96.498,96.503,96.453,96.458,73350.0,201112.0,429780.0
2011-09-21,96.473,96.478,96.428,96.463,60725.0,201112.0,426719.0
2011-09-22,96.473,96.603,96.473,96.578,102024.0,201112.0,436838.0
2011-09-23,96.568,96.623,96.568,96.583,87007.0,201112.0,434654.0
2011-09-26,96.583,96.598,96.473,96.478,67977.0,201112.0,428993.0
2011-09-27,96.478,96.498,96.448,96.453,58788.0,201112.0,423909.0
2011-09-28,96.473,96.483,96.448,96.468,35888.0,201112.0,413728.0
2011-09-29,96.483,96.488,96.463,96.483,43462.0,201112.0,411448.0
2011-09-30,96.483,96.528,96.478,96.508,44366.0,201112.0,419008.0
2011-10-03,96.533,96.548,96.503,96.548,53656.0,201112.0,427153.0
2011-10-04,96.548,96.573,96.528,96.548,45067.0,201112.0,429550.0
2011-10-05,96.523,96.548,96.518,96.523,44850.0,201112.0,428601.0
2011-10-06,96.518,96.533,96.453,96.468,87686.0,201112.0,436904.0
2011-10-07,96.463,96.483,96.418,96.458,72047.0,201112.0,430179.0
2011-10-11,96.453,96.453,96.403,96.418,72501.0,201112.0,429074.0
2011-10-12,96.403,96.403,96.368,96.378,85540.0,201112.0,428064.0
2011-10-13,96.393,96.428,96.378,96.398,82664.0,201112.0,431992.0
2011-10-14,96.388,96.393,96.358,96.388,75911.0,201112.0,424775.0
2011-10-17,96.378,96.393,96.358,96.388,69926.0,201112.0,423344.0
2011-10-18,96.403,96.403,96.358,96.373,66953.0,201112.0,418982.0
2011-10-19,96.368,96.378,96.358,96.373,88213.0,201112.0,425167.0
2011-10-20,96.368,96.383,96.358,96.363,68276.0,201112.0,419888.0
2011-10-21,96.353,96.363,96.343,96.348,56121.0,201112.0,403571.0
2011-10-24,96.343,96.353,96.338,96.338,70642.0,201112.0,416611.0
2011-10-25,96.338,96.378,96.338,96.368,120836.0,201112.0,450904.0
2011-10-26,96.363,96.368,96.343,96.348,72419.0,201112.0,429271.0
2011-10-27,96.338,96.338,96.328,96.328,89145.0,201112.0,445529.0
2011-10-28,96.333,96.348,96.333,96.338,56762.0,201112.0,426076.0
2011-10-31,96.338,96.358,96.338,96.358,66235.0,201112.0,430001.0
2011-11-01,96.363,96.393,96.363,96.373,119177.0,201112.0,465805.0
2011-11-02,96.368,96.368,96.343,96.348,62690.0,201112.0,450145.0
2011-11-03,96.348,96.353,96.338,96.343,65876.0,201112.0,458535.0
2011-11-04,96.343,96.368,96.338,96.353,77028.0,201112.0,461145.0
2011-11-07,96.363,96.368,96.343,96.348,34704.0,201112.0,445750.0
2011-11-08,96.343,96.353,96.338,96.343,56469.0,201112.0,427408.0
2011-11-09,96.348,96.368,96.348,96.363,101174.0,201112.0,447057.0
2011-11-10,96.363,96.373,96.358,96.368,78644.0,201112.0,421827.0
2011-11-14,96.363,96.368,96.348,96.353,37523.0,201112.0,445888.0
2011-11-15,96.358,96.363,96.348,96.353,59679.0,201112.0,459384.0
2011-11-16,96.358,96.363,96.343,96.353,56934.0,201112.0,462598.0
2011-11-17,96.358,96.373,96.353,96.363,71237.0,201112.0,470684.0
2011-11-18,96.363,96.363,96.348,96.363,66903.0,201112.0,468802.0
2011-11-21,96.363,96.368,96.353,96.353,54334.0,201112.0,464323.0
2011-11-22,96.353,96.358,96.343,96.353,49645.0,201112.0,465540.0
2011-11-23,96.358,96.358,96.348,96.353,52359.0,201112.0,473834.0
2011-11-24,96.353,96.358,96.348,96.348,9864.0,201112.0,458072.0
2011-11-25,96.353,96.353,96.343,96.348,28735.0,201112.0,468110.0
2011-11-28,96.343,96.343,96.328,96.338,57509.0,201112.0,474991.0
2011-11-29,96.338,96.338,96.328,96.328,54277.0,201112.0,467980.0
2011-11-30,96.328,96.338,96.323,96.328,86089.0,201112.0,487729.0
2011-12-01,96.323,96.343,96.323,96.333,71859.0,201112.0,478960.0
2011-12-02,96.333,96.353,96.333,96.343,85936.0,201112.0,485556.0
2011-12-05,96.343,96.358,96.338,96.348,67880.0,201112.0,486528.0
2011-12-06,96.353,96.363,96.313,96.318,123352.0,201112.0,511644.0
2011-12-07,96.318,96.323,96.318,96.318,65198.0,201112.0,488510.0
2011-12-08,96.318,96.323,96.313,96.318,78149.0,201112.0,488596.0
2011-12-09,96.318,96.323,96.313,96.318,56430.0,201112.0,479465.0
2011-12-12,96.318,96.323,96.313,96.318,37530.0,201112.0,463305.0
2011-12-13,96.313,96.318,96.313,96.318,40244.0,201112.0,465103.0
2011-12-14,96.313,96.318,96.313,96.318,49202.0,201112.0,467570.0
2011-12-15,96.318,96.318,96.313,96.318,74413.0,201112.0,485936.0
2011-12-16,96.313,96.318,96.313,96.313,58921.0,201112.0,497172.0
2011-12-19,96.308,96.313,96.298,96.303,58172.0,201203.0,398253.0
2011-12-20,96.303,96.303,96.263,96.268,78436.0,201203.0,415958.0
2011-12-21,96.273,96.273,96.248,96.253,61546.0,201203.0,420067.0
2011-12-22,96.248,96.263,96.243,96.253,27314.0,201203.0,400790.0
2011-12-23,96.248,96.253,96.238,96.238,26583.0,201203.0,399469.0
2011-12-28,96.233,96.243,96.223,96.233,37147.0,201203.0,408911.0
2011-12-29,96.233,96.233,96.208,96.218,35615.0,201203.0,417270.0
2011-12-30,96.213,96.218,96.198,96.203,27662.0,201203.0,407248.0
2012-01-03,96.203,96.203,96.183,96.193,72616.0,201203.0,422935.0
2012-01-04,96.193,96.203,96.193,96.198,60528.0,201203.0,419172.0
2012-01-05,96.203,96.208,96.193,96.208,64761.0,201203.0,434523.0
2012-01-06,96.208,96.213,96.198,96.213,58288.0,201203.0,432301.0
2012-01-09,96.218,96.223,96.203,96.203,37205.0,201203.0,423235.0
2012-01-10,96.198,96.198,96.188,96.188,49833.0,201203.0,435964.0
2012-01-11,96.188,96.203,96.188,96.198,58495.0,201203.0,444245.0
2012-01-12,96.198,96.198,96.188,96.193,72995.0,201203.0,451824.0
2012-01-13,96.188,96.198,96.183,96.188,62198.0,201203.0,450555.0
2012-01-16,96.193,96.193,96.183,96.188,13796.0,201203.0,431539.0
2012-01-17,96.183,96.188,96.178,96.183,76456.0,201203.0,466221.0
2012-01-18,96.183,96.183,96.173,96.173,92794.0,201203.0,488628.0
2012-01-19,96.178,96.178,96.173,96.173,108350.0,201203.0,499359.0
2012-01-20,96.173,96.178,96.173,96.173,81096.0,201203.0,494377.0
2012-01-23,96.178,96.178,96.168,96.173,58175.0,201203.0,495917.0
2012-01-24,96.178,96.178,96.173,96.173,59534.0,201203.0,505088.0
2012-01-25,96.178,96.183,96.173,96.178,80902.0,201203.0,513961.0
2012-01-26,96.183,96.183,96.173,96.173,49456.0,201203.0,502215.0
2012-01-27,96.173,96.178,96.173,96.173,47181.0,201203.0,503009.0
2012-01-30,96.178,96.183,96.173,96.173,49696.0,201203.0,512433.0
2012-01-31,96.173,96.183,96.173,96.173,83458.0,201203.0,508063.0
2012-02-01,96.173,96.173,96.163,96.173,59672.0,201203.0,507075.0
2012-02-02,96.173,96.173,96.173,96.173,35658.0,201203.0,497882.0
2012-02-03,96.173,96.178,96.168,96.173,128973.0,201203.0,555847.0
2012-02-06,96.178,96.178,96.173,96.178,35568.0,201203.0,511591.0
2012-02-07,96.173,96.178,96.173,96.173,61026.0,201203.0,507699.0
2012-02-08,96.178,96.178,96.168,96.168,68087.0,201203.0,512401.0
2012-02-09,96.173,96.173,96.168,96.168,72316.0,201203.0,519835.0
2012-02-10,96.173,96.178,96.168,96.173,92386.0,201203.0,542816.0
2012-02-13,96.173,96.178,96.173,96.173,70246.0,201203.0,530315.0
2012-02-14,96.173,96.178,96.168,96.173,50028.0,201203.0,519474.0
2012-02-15,96.173,96.178,96.168,96.168,62664.0,201203.0,528851.0
2012-02-16,96.173,96.178,96.173,96.173,52856.0,201203.0,527839.0
2012-02-17,96.173,96.178,96.173,96.178,42379.0,201203.0,527839.0
2012-02-21,96.173,96.178,96.173,96.173,29641.0,201203.0,519129.0
2012-02-22,96.173,96.178,96.173,96.173,52785.0,201203.0,533311.0
2012-02-23,96.178,96.178,96.173,96.173,45411.0,201203.0,530360.0
2012-02-24,96.178,96.178,96.173,96.173,37591.0,201203.0,531818.0
2012-02-27,96.178,96.178,96.173,96.173,49678.0,201203.0,536970.0
2012-02-28,96.178,96.183,96.173,96.178,59643.0,201203.0,538104.0
2012-02-29,96.178,96.183,96.173,96.178,91608.0,201203.0,542320.0
2012-03-01,96.178,96.178,96.168,96.173,100242.0,201203.0,552061.0
2012-03-02,96.178,96.178,96.168,96.168,54842.0,201203.0,546375.0
2012-03-05,96.168,96.173,96.168,96.168,39460.0,201203.0,537728.0
2012-03-06,96.173,96.173,96.168,96.173,61188.0,201203.0,554334.0
2012-03-07,96.173,96.173,96.168,96.168,72048.0,201203.0,564584.0
2012-03-08,96.173,96.173,96.168,96.168,142718.0,201203.0,626892.0
2012-03-09,96.168,96.173,96.168,96.168,95527.0,201203.0,600058.0
2012-03-12,96.168,96.173,96.168,96.168,76291.0,201203.0,578187.0
2012-03-13,96.168,96.173,96.168,96.168,112845.0,201203.0,608007.0
2012-03-14,96.168,96.173,96.163,96.163,152161.0,201203.0,640600.0
2012-03-15,96.168,96.168,96.163,96.168,160257.0,201203.0,656628.0
2012-03-16,96.163,96.168,96.163,96.163,132078.0,201203.0,656628.0
2012-03-19,96.173,96.173,96.158,96.168,84605.0,201206.0,545812.0
2012-03-20,96.163,96.173,96.163,96.163,75124.0,201206.0,535747.0
2012-03-21,96.168,96.173,96.163,96.168,50678.0,201206.0,527426.0
2012-03-22,96.168,96.188,96.168,96.183,101967.0,201206.0,560411.0
2012-03-23,96.183,96.193,96.173,96.178,70105.0,201206.0,544749.0
2012-03-26,96.178,96.183,96.173,96.173,59320.0,201206.0,540685.0
2012-03-27,96.173,96.188,96.173,96.183,71942.0,201206.0,534075.0
2012-03-28,96.188,96.188,96.178,96.188,76924.0,201206.0,537886.0
2012-03-29,96.193,96.193,96.183,96.183,84548.0,201206.0,555627.0
2012-03-30,96.183,96.193,96.183,96.188,94598.0,201206.0,553365.0
2012-04-02,96.183,96.193,96.178,96.183,95116.0,201206.0,561077.0
2012-04-03,96.178,96.183,96.173,96.178,124752.0,201206.0,579613.0
2012-04-04,96.178,96.188,96.178,96.183,72146.0,201206.0,561670.0
2012-04-05,96.188,96.188,96.168,96.173,131689.0,201206.0,597991.0
2012-04-09,96.183,96.183,96.173,96.178,52097.0,201206.0,544686.0
2012-04-10,96.178,96.183,96.173,96.178,104129.0,201206.0,571354.0
2012-04-11,96.178,96.183,96.173,96.178,64422.0,201206.0,550015.0
2012-04-12,96.173,96.183,96.173,96.178,71206.0,201206.0,541512.0
2012-04-13,96.178,96.178,96.173,96.173,59234.0,201206.0,540789.0
2012-04-16,96.173,96.178,96.163,96.168,100885.0,201206.0,566590.0
2012-04-17,96.168,96.168,96.113,96.128,302371.0,201206.0,711474.0
2012-04-18,96.128,96.138,96.103,96.133,252752.0,201206.0,712829.0
2012-04-19,96.128,96.143,96.123,96.138,117959.0,201206.0,642278.0
2012-04-20,96.128,96.138,96.118,96.138,92742.0,201206.0,642278.0
2012-04-23,96.138,96.143,96.118,96.123,115982.0,201206.0,629636.0
2012-04-24,96.118,96.123,96.083,96.093,206767.0,201206.0,691352.0
2012-04-25,96.083,96.083,96.038,96.063,258688.0,201206.0,751261.0
2012-04-26,96.078,96.083,96.048,96.063,161929.0,201206.0,744177.0
2012-04-27,96.063,96.068,96.038,96.048,119226.0,201206.0,731470.0
2012-04-30,96.043,96.103,96.043,96.083,161060.0,201206.0,735819.0
2012-05-01,96.093,96.108,96.088,96.093,90177.0,201206.0,687564.0
2012-05-02,96.103,96.113,96.088,96.088,156504.0,201206.0,715278.0
2012-05-03,96.088,96.108,96.083,96.103,109078.0,201206.0,690026.0
2012-05-04,96.103,96.133,96.093,96.128,131550.0,201206.0,691474.0
2012-05-07,96.128,96.138,96.123,96.123,121335.0,201206.0,711731.0
2012-05-08,96.133,96.138,96.123,96.133,143305.0,201206.0,711400.0
2012-05-09,96.138,96.148,96.133,96.133,160274.0,201206.0,734868.0
2012-05-10,96.133,96.138,96.113,96.118,111997.0,201206.0,688956.0
2012-05-11,96.123,96.133,96.073,96.093,164377.0,201206.0,704596.0
2012-05-14,96.098,96.118,96.093,96.098,75838.0,201206.0,662875.0
2012-05-15,96.098,96.098,96.078,96.093,81000.0,201206.0,666192.0
2012-05-16,96.098,96.108,96.083,96.108,96558.0,201206.0,675366.0
2012-05-17,96.108,96.123,96.103,96.118,100491.0,201206.0,686301.0
2012-05-18,96.118,96.143,96.103,96.128,116913.0,201206.0,686301.0
2012-05-22,96.123,96.143,96.118,96.138,109924.0,201206.0,703750.0
2012-05-23,96.143,96.173,96.143,96.168,237368.0,201206.0,793961.0
2012-05-24,96.173,96.178,96.153,96.163,113088.0,201206.0,737058.0
2012-05-25,96.163,96.183,96.158,96.178,133689.0,201206.0,741848.0
2012-05-28,96.188,96.198,96.158,96.158,41480.0,201206.0,667072.0
2012-05-29,96.163,96.173,96.148,96.148,110576.0,201206.0,689541.0
2012-05-30,96.153,96.173,96.153,96.168,122330.0,201206.0,689741.0
2012-05-31,96.163,96.178,96.158,96.163,127492.0,201206.0,676967.0
2012-06-01,96.173,96.233,96.168,96.203,185448.0,201206.0,703597.0
2012-06-04,96.198,96.208,96.173,96.183,106651.0,201206.0,658485.0
2012-06-05,96.178,96.183,96.163,96.173,141053.0,201206.0,671787.0
2012-06-06,96.173,96.173,96.163,96.168,159676.0,201206.0,687308.0
2012-06-07,96.168,96.173,96.163,96.163,124787.0,201206.0,648414.0
2012-06-08,96.173,96.178,96.163,96.168,90737.0,201206.0,633255.0
2012-06-11,96.163,96.173,96.163,96.168,65855.0,201206.0,618355.0
2012-06-12,96.168,96.168,96.158,96.168,83165.0,201206.0,614432.0
2012-06-13,96.163,96.168,96.158,96.158,82324.0,201206.0,616241.0
2012-06-14,96.163,96.163,96.158,96.158,58290.0,201206.0,601624.0
2012-06-15,96.163,96.178,96.158,96.168,109838.0,201206.0,625854.0
2012-06-18,96.148,96.193,96.133,96.138,75348.0,201209.0,532412.0
2012-06-19,96.133,96.138,96.088,96.108,84820.0,201209.0,529946.0
2012-06-20,96.103,96.108,96.073,96.073,98725.0,201209.0,519844.0
2012-06-21,96.068,96.113,96.058,96.103,94102.0,201209.0,526538.0
2012-06-22,96.118,96.123,96.088,96.088,60691.0,201209.0,517640.0
2012-06-25,96.093,96.128,96.078,96.123,51259.0,201209.0,519441.0
2012-06-26,96.123,96.123,96.098,96.103,61936.0,201209.0,527781.0
2012-06-27,96.098,96.103,96.088,96.098,48734.0,201209.0,519311.0
2012-06-28,96.103,96.123,96.098,96.113,82642.0,201209.0,548202.0
2012-06-29,96.103,96.103,96.058,96.068,73907.0,201209.0,549361.0
2012-07-03,96.063,96.078,96.053,96.058,55370.0,201209.0,542753.0
2012-07-04,96.063,96.063,96.053,96.063,10849.0,201209.0,516887.0
2012-07-05,96.053,96.068,96.053,96.053,50515.0,201209.0,522240.0
2012-07-06,96.058,96.068,96.053,96.058,49601.0,201209.0,522551.0
2012-07-09,96.058,96.068,96.053,96.063,42519.0,201209.0,523818.0
2012-07-10,96.068,96.068,96.048,96.068,54091.0,201209.0,532483.0
2012-07-11,96.068,96.068,96.053,96.058,47428.0,201209.0,533258.0
2012-07-12,96.058,96.063,96.053,96.058,39715.0,201209.0,535776.0
2012-07-13,96.063,96.063,96.048,96.058,43282.0,201209.0,540188.0
2012-07-16,96.063,96.073,96.058,96.063,71345.0,201209.0,563381.0
2012-07-17,96.063,96.063,96.043,96.048,74485.0,201209.0,571535.0
2012-07-18,96.053,96.053,96.038,96.043,37898.0,201209.0,531702.0
2012-07-19,96.043,96.043,96.033,96.038,51559.0,201209.0,533895.0
2012-07-20,96.043,96.048,96.033,96.043,55300.0,201209.0,536086.0
2012-07-23,96.048,96.058,96.048,96.053,70878.0,201209.0,551739.0
2012-07-24,96.053,96.068,96.048,96.058,48712.0,201209.0,528859.0
2012-07-25,96.053,96.058,96.048,96.053,38687.0,201209.0,533218.0
2012-07-26,96.053,96.053,96.028,96.033,81429.0,201209.0,554907.0
2012-07-27,96.028,96.033,96.018,96.023,113937.0,201209.0,574067.0
2012-07-30,96.023,96.028,96.023,96.023,69459.0,201209.0,545602.0
2012-07-31,96.028,96.028,96.018,96.018,66597.0,201209.0,535418.0
2012-08-01,96.023,96.023,96.013,96.018,77826.0,201209.0,537829.0
2012-08-02,96.013,96.023,96.013,96.018,93541.0,201209.0,556067.0
2012-08-03,96.023,96.023,96.008,96.008,74749.0,201209.0,552361.0
2012-08-07,96.013,96.013,96.003,96.003,109559.0,201209.0,555127.0
2012-08-08,96.003,96.008,96.003,96.003,72381.0,201209.0,542702.0
2012-08-09,96.003,96.008,95.998,96.008,80340.0,201209.0,537675.0
2012-08-10,96.013,96.018,95.998,96.008,97954.0,201209.0,546032.0
2012-08-13,95.998,96.003,95.998,96.003,35207.0,201209.0,521261.0
2012-08-14,96.003,96.003,95.993,95.998,66846.0,201209.0,539376.0
2012-08-15,95.993,95.998,95.988,95.993,88714.0,201209.0,555349.0
2012-08-16,95.993,95.998,95.983,95.988,75138.0,201209.0,541698.0
2012-08-17,95.993,95.998,95.988,95.993,77680.0,201209.0,553711.0
2012-08-20,95.988,95.998,95.988,95.993,43210.0,201209.0,538869.0
2012-08-21,95.998,95.998,95.988,95.993,95274.0,201209.0,562195.0
2012-08-22,95.993,96.003,95.993,95.998,119175.0,201209.0,586868.0
2012-08-23,95.998,95.998,95.993,95.998,70724.0,201209.0,518287.0
2012-08-24,95.993,95.998,95.993,95.993,75610.0,201209.0,514037.0
2012-08-27,95.993,95.998,95.993,95.998,59139.0,201209.0,511793.0
2012-08-28,95.993,95.998,95.993,95.993,66499.0,201209.0,522832.0
2012-08-29,95.998,95.998,95.993,95.998,69527.0,201209.0,532763.0
2012-08-30,95.998,96.003,95.993,95.993,52126.0,201209.0,526811.0
2012-08-31,95.998,95.998,95.993,95.993,65855.0,201209.0,531358.0
2012-09-04,95.993,95.998,95.993,95.998,93587.0,201209.0,541478.0
2012-09-05,95.998,96.003,95.998,96.003,89045.0,201209.0,557406.0
2012-09-06,96.003,96.003,95.998,95.998,113778.0,201209.0,578825.0
2012-09-07,96.003,96.003,95.998,95.998,58144.0,201209.0,553116.0
2012-09-10,96.003,96.003,95.998,96.003,40459.0,201209.0,544678.0
2012-09-11,96.003,96.003,95.998,96.003,55720.0,201209.0,553811.0
2012-09-12,96.003,96.003,95.998,96.003,69762.0,201209.0,557515.0
2012-09-13,96.003,96.003,95.998,96.003,136549.0,201209.0,601575.0
2012-09-14,96.003,96.003,95.998,95.998,96076.0,201209.0,587253.0
2012-09-17,96.003,96.013,95.998,96.003,43503.0,201212.0,481477.0
2012-09-18,96.013,96.018,96.008,96.018,60458.0,201212.0,494067.0
2012-09-19,96.013,96.028,96.013,96.018,58971.0,201212.0,479763.0
2012-09-20,96.023,96.028,96.018,96.028,72982.0,201212.0,487035.0
2012-09-21,96.023,96.033,96.023,96.028,67940.0,201212.0,482424.0
2012-09-24,96.033,96.048,96.033,96.043,94245.0,201212.0,500601.0
2012-09-25,96.048,96.058,96.038,96.043,130973.0,201212.0,517344.0
2012-09-26,96.043,96.058,96.038,96.053,91200.0,201212.0,509139.0
2012-09-27,96.053,96.058,96.048,96.053,93200.0,201212.0,508252.0
2012-09-28,96.058,96.088,96.058,96.068,128478.0,201212.0,519708.0
2012-10-01,96.068,96.083,96.058,96.078,83317.0,201212.0,495105.0
2012-10-02,96.078,96.098,96.078,96.093,81826.0,201212.0,493393.0
2012-10-03,96.098,96.103,96.078,96.083,55576.0,201212.0,486212.0
2012-10-04,96.083,96.093,96.063,96.068,113309.0,201212.0,513271.0
2012-10-05,96.063,96.068,96.048,96.048,116284.0,201212.0,513503.0
2012-10-09,96.058,96.063,96.048,96.048,76983.0,201212.0,507443.0
2012-10-10,96.053,96.058,96.048,96.053,70450.0,201212.0,506515.0
2012-10-11,96.053,96.058,96.048,96.053,50235.0,201212.0,502238.0
2012-10-12,96.053,96.053,96.048,96.048,65552.0,201212.0,518086.0
2012-10-15,96.053,96.073,96.048,96.048,105722.0,201212.0,561889.0
2012-10-16,96.068,96.088,96.063,96.088,177459.0,201212.0,607036.0
2012-10-17,96.078,96.083,96.063,96.068,108958.0,201212.0,570010.0
2012-10-18,96.068,96.078,96.058,96.073,87202.0,201212.0,524692.0
2012-10-19,96.068,96.088,96.068,96.083,100367.0,201212.0,538475.0
2012-10-22,96.073,96.083,96.073,96.078,54239.0,201212.0,502621.0
2012-10-23,96.078,96.083,96.048,96.053,141512.0,201212.0,552867.0
2012-10-24,96.053,96.063,96.048,96.053,118539.0,201212.0,539644.0
2012-10-25,96.058,96.058,96.053,96.053,68354.0,201212.0,512010.0
2012-10-26,96.058,96.058,96.048,96.053,62790.0,201212.0,511082.0
2012-10-29,96.048,96.068,96.048,96.063,50350.0,201212.0,503928.0
2012-10-30,96.063,96.063,96.058,96.058,38597.0,201212.0,493448.0
2012-10-31,96.063,96.068,96.058,96.058,112738.0,201212.0,505972.0
2012-11-01,96.063,96.063,96.053,96.058,66877.0,201212.0,490858.0
2012-11-02,96.063,96.063,96.053,96.058,58386.0,201212.0,493035.0
2012-11-05,96.063,96.063,96.058,96.058,49082.0,201212.0,490924.0
2012-11-06,96.058,96.058,96.053,96.053,54043.0,201212.0,506164.0
2012-11-07,96.058,96.058,96.053,96.053,72901.0,201212.0,513135.0
2012-11-08,96.058,96.058,96.053,96.053,53062.0,201212.0,507657.0
2012-11-09,96.063,96.068,96.053,96.053,72115.0,201212.0,522763.0
2012-11-13,96.053,96.063,96.053,96.063,41932.0,201212.0,515899.0
2012-11-14,96.058,96.063,96.053,96.058,75379.0,201212.0,528796.0
2012-11-15,96.053,96.063,96.053,96.058,54581.0,201212.0,527615.0
2012-11-16,96.053,96.058,96.053,96.053,51442.0,201212.0,536898.0
2012-11-19,96.053,96.058,96.053,96.053,55245.0,201212.0,534354.0
2012-11-20,96.058,96.058,96.053,96.058,65697.0,201212.0,538264.0
2012-11-21,96.053,96.058,96.048,96.048,71244.0,201212.0,537800.0
2012-11-22,96.048,96.058,96.048,96.053,11330.0,201212.0,506194.0
2012-11-23,96.053,96.058,96.048,96.048,46979.0,201212.0,513121.0
2012-11-26,96.048,96.053,96.048,96.048,82861.0,201212.0,523555.0
2012-11-27,96.053,96.053,96.048,96.048,54865.0,201212.0,505467.0
2012-11-28,96.048,96.053,96.048,96.048,43495.0,201212.0,503022.0
2012-11-29,96.048,96.053,96.043,96.048,38597.0,201212.0,494952.0
2012-11-30,96.053,96.053,96.048,96.048,61468.0,201212.0,508423.0
2012-12-03,96.053,96.053,96.048,96.048,61963.0,201212.0,512153.0
2012-12-04,96.053,96.053,96.043,96.043,69376.0,201212.0,520927.0
2012-12-05,96.043,96.048,96.043,96.043,83937.0,201212.0,530846.0
2012-12-06,96.048,96.048,96.043,96.043,58826.0,201212.0,528691.0
2012-12-07,96.043,96.048,96.043,96.043,114573.0,201212.0,559186.0
2012-12-10,96.048,96.048,96.043,96.043,46217.0,201212.0,524367.0
2012-12-11,96.048,96.048,96.043,96.043,83178.0,201212.0,544904.0
2012-12-12,96.048,96.048,96.043,96.043,78968.0,201212.0,542642.0
2012-12-13,96.048,96.048,96.043,96.048,114689.0,201212.0,572234.0
2012-12-14,96.043,96.048,96.043,96.043,117133.0,201212.0,571417.0
2012-12-17,96.043,96.043,96.013,96.018,122486.0,201303.0,495121.0
2012-12-18,96.018,96.023,96.013,96.018,115048.0,201303.0,481132.0
2012-12-19,96.018,96.028,96.013,96.023,77565.0,201303.0,476896.0
2012-12-20,96.028,96.028,96.013,96.018,69998.0,201303.0,462757.0
2012-12-21,96.023,96.033,96.018,96.023,77804.0,201303.0,472469.0
2012-12-24,96.023,96.023,96.018,96.023,11094.0,201303.0,444807.0
2012-12-27,96.018,96.028,96.008,96.018,54435.0,201303.0,475360.0
2012-12-28,96.028,96.028,96.018,96.023,18382.0,201303.0,462236.0
2012-12-31,96.028,96.028,96.018,96.023,16325.0,201303.0,451821.0
2013-01-02,96.018,96.023,96.013,96.018,83609.0,201303.0,492857.0
2013-01-03,96.023,96.023,96.013,96.013,100700.0,201303.0,512857.0
2013-01-04,96.008,96.018,96.008,96.018,138514.0,201303.0,536776.0
2013-01-07,96.023,96.028,96.018,96.023,73043.0,201303.0,516890.0
2013-01-08,96.023,96.033,96.023,96.033,135860.0,201303.0,535904.0
2013-01-09,96.033,96.033,96.028,96.033,59361.0,201303.0,508065.0
2013-01-10,96.028,96.033,96.023,96.033,119373.0,201303.0,536101.0
2013-01-11,96.028,96.033,96.018,96.028,84298.0,201303.0,531853.0
2013-01-14,96.028,96.028,96.023,96.028,48753.0,201303.0,509325.0
2013-01-15,96.023,96.033,96.023,96.023,52702.0,201303.0,520655.0
2013-01-16,96.028,96.033,96.023,96.028,70394.0,201303.0,530253.0
2013-01-17,96.028,96.028,96.018,96.028,143932.0,201303.0,565394.0
2013-01-18,96.023,96.028,96.023,96.028,61178.0,201303.0,542061.0
2013-01-21,96.023,96.028,96.023,96.028,23769.0,201303.0,523867.0
2013-01-22,96.028,96.033,96.023,96.033,90469.0,201303.0,543666.0
2013-01-23,96.028,96.048,96.028,96.043,171501.0,201303.0,594079.0
2013-01-24,96.048,96.053,96.043,96.048,150483.0,201303.0,588342.0
2013-01-25,96.048,96.058,96.043,96.048,179715.0,201303.0,602438.0
2013-01-28,96.053,96.053,96.043,96.048,102543.0,201303.0,564893.0
2013-01-29,96.048,96.053,96.048,96.053,87494.0,201303.0,552483.0
2013-01-30,96.048,96.053,96.043,96.048,140373.0,201303.0,562609.0
2013-01-31,96.048,96.053,96.048,96.048,61906.0,201303.0,538041.0
2013-02-01,96.048,96.053,96.043,96.048,201622.0,201303.0,613751.0
2013-02-04,96.043,96.048,96.043,96.048,73663.0,201303.0,569892.0
2013-02-05,96.043,96.048,96.043,96.048,66851.0,201303.0,556622.0
2013-02-06,96.048,96.053,96.043,96.048,80447.0,201303.0,558051.0
2013-02-07,96.048,96.053,96.048,96.048,53587.0,201303.0,541887.0
2013-02-08,96.053,96.058,96.048,96.053,143691.0,201303.0,583630.0
2013-02-11,96.053,96.058,96.053,96.053,67676.0,201303.0,559455.0
2013-02-12,96.053,96.058,96.048,96.048,79130.0,201303.0,567296.0
2013-02-13,96.053,96.053,96.048,96.048,90067.0,201303.0,564904.0
2013-02-14,96.053,96.053,96.048,96.053,71001.0,201303.0,546142.0
2013-02-15,96.053,96.053,96.048,96.053,51029.0,201303.0,536766.0
2013-02-19,96.048,96.053,96.048,96.053,30984.0,201303.0,531952.0
2013-02-20,96.053,96.053,96.048,96.048,59335.0,201303.0,545715.0
2013-02-21,96.048,96.053,96.048,96.048,85667.0,201303.0,558457.0
2013-02-22,96.048,96.053,96.048,96.048,118450.0,201303.0,585230.0
2013-02-25,96.048,96.058,96.048,96.058,194633.0,201303.0,621086.0
2013-02-26,96.053,96.058,96.048,96.048,122396.0,201303.0,609885.0
2013-02-27,96.048,96.053,96.048,96.048,110071.0,201303.0,613823.0
2013-02-28,96.053,96.053,96.048,96.048,121404.0,201303.0,619144.0
2013-03-01,96.048,96.058,96.048,96.053,165517.0,201303.0,664156.0
2013-03-04,96.053,96.053,96.048,96.053,53771.0,201303.0,635675.0
2013-03-05,96.053,96.058,96.048,96.053,81125.0,201303.0,651369.0
2013-03-06,96.053,96.058,96.048,96.053,128687.0,201303.0,680565.0
2013-03-07,96.053,96.053,96.048,96.053,112467.0,201303.0,660073.0
2013-03-08,96.053,96.053,96.048,96.053,112694.0,201303.0,673737.0
2013-03-11,96.048,96.053,96.048,96.053,58473.0,201303.0,639544.0
2013-03-12,96.053,96.053,96.048,96.053,60337.0,201303.0,649702.0
2013-03-13,96.053,96.053,96.048,96.053,80767.0,201303.0,670265.0
2013-03-14,96.053,96.053,96.048,96.053,130906.0,201303.0,704490.0
2013-03-15,96.048,96.053,96.048,96.053,89437.0,201303.0,679578.0
2013-03-18,96.058,96.073,96.053,96.053,103514.0,201306.0,612323.0
2013-03-19,96.058,96.063,96.053,96.063,105184.0,201306.0,614356.0
2013-03-20,96.058,96.063,96.053,96.058,71510.0,201306.0,608412.0
2013-03-21,96.058,96.058,96.053,96.058,36676.0,201306.0,601815.0
2013-03-22,96.058,96.058,96.048,96.053,66108.0,201306.0,608410.0
2013-03-25,96.048,96.053,96.043,96.048,69197.0,201306.0,613047.0
2013-03-26,96.048,96.048,96.043,96.043,56784.0,201306.0,609790.0
2013-03-27,96.048,96.053,96.043,96.043,103014.0,201306.0,632342.0
2013-03-28,96.048,96.053,96.043,96.048,29245.0,201306.0,603834.0
2013-04-01,96.048,96.053,96.043,96.053,35499.0,201306.0,609863.0
2013-04-02,96.053,96.053,96.043,96.048,63245.0,201306.0,604024.0
2013-04-03,96.048,96.048,96.043,96.048,57416.0,201306.0,606877.0
2013-04-04,96.043,96.048,96.043,96.043,76011.0,201306.0,600741.0
2013-04-05,96.048,96.053,96.043,96.048,119186.0,201306.0,619818.0
2013-04-08,96.048,96.053,96.043,96.043,67577.0,201306.0,606643.0
2013-04-09,96.043,96.048,96.043,96.043,55580.0,201306.0,599840.0
2013-04-10,96.043,96.048,96.043,96.043,35921.0,201306.0,588560.0
2013-04-11,96.048,96.053,96.043,96.043,44493.0,201306.0,590623.0
2013-04-12,96.048,96.053,96.043,96.048,52083.0,201306.0,594141.0
2013-04-15,96.053,96.058,96.048,96.048,58580.0,201306.0,603281.0
2013-04-16,96.053,96.058,96.048,96.053,63068.0,201306.0,610649.0
2013-04-17,96.058,96.063,96.048,96.053,106280.0,201306.0,631875.0
2013-04-18,96.053,96.058,96.048,96.053,89754.0,201306.0,635350.0
2013-04-19,96.053,96.053,96.048,96.048,39901.0,201306.0,627655.0
2013-04-22,96.053,96.053,96.048,96.048,44115.0,201306.0,635223.0
2013-04-23,96.053,96.053,96.048,96.053,71469.0,201306.0,650152.0
2013-04-24,96.053,96.053,96.048,96.048,59039.0,201306.0,643942.0
2013-04-25,96.053,96.053,96.048,96.048,57195.0,201306.0,652110.0
2013-04-26,96.053,96.053,96.048,96.048,58181.0,201306.0,657533.0
2013-04-29,96.053,96.053,96.048,96.048,56886.0,201306.0,663801.0
2013-04-30,96.048,96.053,96.043,96.048,73823.0,201306.0,670289.0
2013-05-01,96.048,96.058,96.048,96.048,136059.0,201306.0,691275.0
2013-05-02,96.053,96.053,96.048,96.053,52478.0,201306.0,681681.0
2013-05-03,96.053,96.058,96.048,96.053,97314.0,201306.0,700851.0
2013-05-06,96.053,96.053,96.048,96.048,85564.0,201306.0,701177.0
2013-05-07,96.048,96.048,96.043,96.048,136291.0,201306.0,714978.0
2013-05-08,96.048,96.048,96.043,96.048,78830.0,201306.0,686671.0
2013-05-09,96.048,96.048,96.043,96.048,114819.0,201306.0,680137.0
2013-05-10,96.043,96.048,96.038,96.038,165159.0,201306.0,708780.0
2013-05-13,96.038,96.043,96.038,96.038,131685.0,201306.0,690916.0
2013-05-14,96.043,96.043,96.038,96.038,201367.0,201306.0,705408.0
2013-05-15,96.038,96.043,96.033,96.038,153490.0,201306.0,687224.0
2013-05-16,96.038,96.048,96.033,96.043,144947.0,201306.0,684270.0
2013-05-17,96.043,96.048,96.043,96.048,99811.0,201306.0,652391.0
2013-05-21,96.048,96.048,96.043,96.043,62350.0,201306.0,644025.0
2013-05-22,96.043,96.048,96.043,96.048,170443.0,201306.0,691515.0
2013-05-23,96.043,96.048,96.043,96.048,84720.0,201306.0,670659.0
2013-05-24,96.048,96.048,96.043,96.048,31887.0,201306.0,648735.0
2013-05-27,96.048,96.048,96.043,96.048,48367.0,201306.0,659707.0
2013-05-28,96.048,96.048,96.043,96.048,112152.0,201306.0,683784.0
2013-05-29,96.043,96.048,96.043,96.048,125908.0,201306.0,699244.0
2013-05-30,96.048,96.048,96.043,96.048,153471.0,201306.0,706630.0
2013-05-31,96.048,96.048,96.043,96.048,108133.0,201306.0,692642.0
2013-06-03,96.048,96.048,96.043,96.043,145410.0,201306.0,707968.0
2013-06-04,96.048,96.048,96.043,96.048,104918.0,201306.0,671786.0
2013-06-05,96.048,96.048,96.043,96.048,91915.0,201306.0,677852.0
2013-06-06,96.048,96.053,96.043,96.048,115324.0,201306.0,676919.0
2013-06-07,96.053,96.053,96.043,96.048,163299.0,201306.0,706013.0
2013-06-10,96.048,96.048,96.043,96.048,149411.0,201306.0,710027.0
2013-06-11,96.043,96.048,96.043,96.048,137612.0,201306.0,705075.0
2013-06-12,96.048,96.048,96.043,96.043,103389.0,201306.0,694859.0
2013-06-13,96.048,96.053,96.043,96.053,158325.0,201306.0,738255.0
2013-06-14,96.053,96.053,96.048,96.048,95865.0,201306.0,725657.0
2013-06-17,96.058,96.058,96.048,96.053,75389.0,201309.0,647784.0
2013-06-18,96.048,96.053,96.043,96.053,69729.0,201309.0,647661.0
2013-06-19,96.048,96.058,96.048,96.048,78500.0,201309.0,651713.0
2013-06-20,96.048,96.053,96.033,96.038,117229.0,201309.0,675553.0
2013-06-21,96.043,96.043,96.033,96.038,139206.0,201309.0,683343.0
2013-06-24,96.033,96.038,96.028,96.028,112555.0,201309.0,690651.0
2013-06-25,96.028,96.038,96.023,96.028,133714.0,201309.0,702406.0
2013-06-26,96.028,96.033,96.023,96.033,113520.0,201309.0,689864.0
2013-06-27,96.033,96.043,96.028,96.043,99822.0,201309.0,686980.0
2013-06-28,96.043,96.043,96.033,96.043,54518.0,201309.0,676431.0
2013-07-02,96.043,96.048,96.038,96.043,76783.0,201309.0,688815.0
2013-07-03,96.043,96.048,96.038,96.043,65955.0,201309.0,692469.0
2013-07-04,96.043,96.048,96.043,96.043,31632.0,201309.0,683515.0
2013-07-05,96.048,96.048,96.033,96.038,88583.0,201309.0,702245.0
2013-07-08,96.043,96.058,96.038,96.058,127192.0,201309.0,722575.0
2013-07-09,96.053,96.058,96.053,96.058,114919.0,201309.0,721445.0
2013-07-10,96.058,96.058,96.053,96.058,89857.0,201309.0,700044.0
2013-07-11,96.058,96.063,96.058,96.063,84564.0,201309.0,683588.0
2013-07-12,96.063,96.063,96.053,96.058,65022.0,201309.0,667065.0
2013-07-15,96.053,96.058,96.053,96.058,42666.0,201309.0,656985.0
2013-07-16,96.058,96.063,96.053,96.063,97181.0,201309.0,673296.0
2013-07-17,96.058,96.063,96.053,96.063,121335.0,201309.0,688765.0
2013-07-18,96.063,96.063,96.053,96.058,82549.0,201309.0,670998.0
2013-07-19,96.058,96.063,96.053,96.058,48135.0,201309.0,648214.0
2013-07-22,96.063,96.068,96.058,96.063,60343.0,201309.0,648818.0
2013-07-23,96.063,96.068,96.058,96.063,102291.0,201309.0,664050.0
2013-07-24,96.053,96.058,96.053,96.058,95747.0,201309.0,667908.0
2013-07-25,96.058,96.058,96.053,96.058,102733.0,201309.0,660589.0
2013-07-26,96.053,96.058,96.053,96.053,57502.0,201309.0,626226.0
2013-07-29,96.053,96.063,96.053,96.058,29250.0,201309.0,601030.0
2013-07-30,96.058,96.063,96.053,96.058,49163.0,201309.0,605345.0
2013-07-31,96.058,96.063,96.053,96.058,97605.0,201309.0,612781.0
2013-08-01,96.058,96.058,96.053,96.058,102581.0,201309.0,630675.0
2013-08-02,96.058,96.063,96.053,96.058,84403.0,201309.0,625819.0
2013-08-06,96.058,96.063,96.058,96.063,52857.0,201309.0,604417.0
2013-08-07,96.063,96.063,96.058,96.058,54775.0,201309.0,607959.0
2013-08-08,96.058,96.063,96.058,96.058,39881.0,201309.0,610947.0
2013-08-09,96.058,96.063,96.058,96.058,71314.0,201309.0,625845.0
2013-08-12,96.058,96.063,96.058,96.058,36384.0,201309.0,608628.0
2013-08-13,96.058,96.063,96.053,96.058,83895.0,201309.0,628745.0
2013-08-14,96.058,96.063,96.058,96.058,113729.0,201309.0,654530.0
2013-08-15,96.058,96.063,96.058,96.058,72459.0,201309.0,649915.0
2013-08-16,96.058,96.063,96.058,96.058,47210.0,201309.0,639202.0
2013-08-19,96.058,96.063,96.058,96.058,46168.0,201309.0,641443.0
2013-08-20,96.058,96.063,96.058,96.063,66338.0,201309.0,661374.0
2013-08-21,96.063,96.063,96.058,96.058,84011.0,201309.0,675451.0
2013-08-22,96.058,96.063,96.058,96.058,81959.0,201309.0,677210.0
2013-08-23,96.058,96.063,96.058,96.063,50017.0,201309.0,664815.0
2013-08-26,96.063,96.063,96.058,96.063,25604.0,201309.0,647964.0
2013-08-27,96.063,96.063,96.058,96.063,85445.0,201309.0,679175.0
2013-08-28,96.063,96.063,96.058,96.058,82267.0,201309.0,688635.0
2013-08-29,96.063,96.063,96.058,96.058,63937.0,201309.0,672815.0
2013-08-30,96.058,96.063,96.058,96.063,36093.0,201309.0,661065.0
2013-09-03,96.063,96.063,96.058,96.058,118657.0,201309.0,703732.0
2013-09-04,96.063,96.063,96.058,96.058,86424.0,201309.0,691947.0
2013-09-05,96.063,96.063,96.058,96.063,123435.0,201309.0,696661.0
2013-09-06,96.063,96.063,96.058,96.063,116202.0,201309.0,695296.0
2013-09-09,96.063,96.063,96.058,96.063,75430.0,201309.0,670021.0
2013-09-10,96.058,96.063,96.058,96.063,92284.0,201309.0,659624.0
2013-09-11,96.058,96.063,96.058,96.063,105739.0,201309.0,665457.0
2013-09-12,96.058,96.063,96.058,96.058,145663.0,201309.0,688787.0
2013-09-13,96.063,96.063,96.058,96.063,115549.0,201309.0,690806.0
2013-09-16,96.063,96.063,96.058,96.063,128589.0,201312.0,638159.0
2013-09-17,96.063,96.063,96.058,96.063,75959.0,201312.0,623827.0
2013-09-18,96.063,96.073,96.058,96.073,158748.0,201312.0,654789.0
2013-09-19,96.068,96.073,96.068,96.073,171580.0,201312.0,666908.0
2013-09-20,96.068,96.073,96.068,96.068,110037.0,201312.0,640941.0
2013-09-23,96.068,96.078,96.068,96.068,125774.0,201312.0,654669.0
2013-09-24,96.073,96.073,96.068,96.068,126442.0,201312.0,664119.0
2013-09-25,96.073,96.073,96.068,96.073,107093.0,201312.0,667096.0
2013-09-26,96.068,96.073,96.063,96.073,127381.0,201312.0,690338.0
2013-09-27,96.068,96.073,96.068,96.073,92271.0,201312.0,686688.0
2013-09-30,96.068,96.078,96.068,96.073,137101.0,201312.0,714036.0
2013-10-01,96.073,96.073,96.068,96.068,80565.0,201312.0,705172.0
2013-10-02,96.068,96.078,96.068,96.078,101586.0,201312.0,715051.0
2013-10-03,96.078,96.078,96.073,96.078,82039.0,201312.0,708752.0
2013-10-04,96.073,96.078,96.073,96.078,82938.0,201312.0,705874.0
2013-10-07,96.078,96.078,96.068,96.068,71188.0,201312.0,707707.0
2013-10-08,96.068,96.073,96.068,96.073,73300.0,201312.0,705449.0
2013-10-09,96.073,96.073,96.063,96.068,70370.0,201312.0,702172.0
2013-10-10,96.068,96.073,96.063,96.073,60343.0,201312.0,695077.0
2013-10-11,96.073,96.073,96.068,96.068,60670.0,201312.0,684658.0
2013-10-15,96.068,96.068,96.063,96.068,80152.0,201312.0,691965.0
2013-10-16,96.063,96.068,96.063,96.068,123557.0,201312.0,719686.0
2013-10-17,96.073,96.073,96.068,96.073,134040.0,201312.0,732342.0
2013-10-18,96.073,96.073,96.068,96.068,56313.0,201312.0,710526.0
2013-10-21,96.068,96.073,96.068,96.073,32240.0,201312.0,684867.0
2013-10-22,96.068,96.073,96.068,96.073,60463.0,201312.0,691071.0
2013-10-23,96.068,96.078,96.068,96.078,255378.0,201312.0,783218.0
2013-10-24,96.078,96.078,96.073,96.078,106708.0,201312.0,739264.0
2013-10-25,96.073,96.083,96.073,96.083,72351.0,201312.0,738591.0
2013-10-28,96.083,96.083,96.078,96.078,55863.0,201312.0,702895.0
2013-10-29,96.083,96.083,96.078,96.083,68091.0,201312.0,715807.0
2013-10-30,96.078,96.083,96.073,96.083,79718.0,201312.0,717839.0
2013-10-31,96.078,96.083,96.073,96.078,129349.0,201312.0,752878.0
2013-11-01,96.073,96.078,96.073,96.078,88247.0,201312.0,741077.0
2013-11-04,96.078,96.078,96.073,96.078,48488.0,201312.0,717579.0
2013-11-05,96.078,96.078,96.073,96.073,51437.0,201312.0,718443.0
2013-11-06,96.073,96.078,96.073,96.078,56087.0,201312.0,711745.0
2013-11-07,96.078,96.078,96.073,96.073,62755.0,201312.0,720820.0
2013-11-08,96.073,96.078,96.073,96.073,102054.0,201312.0,710432.0
2013-11-12,96.073,96.078,96.073,96.078,70892.0,201312.0,742310.0
2013-11-13,96.078,96.078,96.073,96.078,81167.0,201312.0,746958.0
2013-11-14,96.073,96.078,96.073,96.078,119755.0,201312.0,763480.0
2013-11-15,96.073,96.078,96.068,96.078,125628.0,201312.0,769274.0
2013-11-18,96.073,96.078,96.073,96.078,56776.0,201312.0,732755.0
2013-11-19,96.073,96.078,96.073,96.078,45918.0,201312.0,714271.0
2013-11-20,96.078,96.078,96.073,96.078,108458.0,201312.0,728753.0
2013-11-21,96.078,96.078,96.073,96.073,140498.0,201312.0,766359.0
2013-11-22,96.078,96.078,96.073,96.078,79802.0,201312.0,756366.0
2013-11-25,96.078,96.078,96.073,96.073,54650.0,201312.0,754485.0
2013-11-26,96.073,96.078,96.073,96.073,87709.0,201312.0,764468.0
2013-11-27,96.073,96.078,96.073,96.078,124753.0,201312.0,784437.0
2013-11-28,96.078,96.083,96.078,96.078,35631.0,201312.0,759320.0
2013-11-29,96.078,96.078,96.073,96.078,68190.0,201312.0,779235.0
2013-12-02,96.078,96.078,96.073,96.073,63131.0,201312.0,772668.0
2013-12-03,96.078,96.088,96.078,96.083,160739.0,201312.0,825582.0
2013-12-04,96.083,96.088,96.073,96.078,193855.0,201312.0,866569.0
2013-12-05,96.078,96.078,96.073,96.078,74051.0,201312.0,802518.0
2013-12-06,96.078,96.078,96.073,96.078,82121.0,201312.0,796831.0
2013-12-09,96.078,96.078,96.073,96.078,38495.0,201312.0,783790.0
2013-12-10,96.073,96.083,96.073,96.078,86124.0,201312.0,803291.0
2013-12-11,96.078,96.083,96.078,96.083,113279.0,201312.0,824527.0
2013-12-12,96.078,96.083,96.073,96.078,122074.0,201312.0,834966.0
2013-12-13,96.073,96.078,96.073,96.078,92241.0,201312.0,804611.0
2013-12-16,96.073,96.078,96.068,96.073,84004.0,201403.0,691283.0
2013-12-17,96.073,96.078,96.068,96.073,84471.0,201403.0,697432.0
2013-12-18,96.073,96.073,96.068,96.073,69137.0,201403.0,691453.0
2013-12-19,96.068,96.073,96.068,96.068,69869.0,201403.0,686652.0
2013-12-20,96.068,96.103,96.063,96.088,205447.0,201403.0,781073.0
2013-12-23,96.088,96.088,96.073,96.073,53529.0,201403.0,710632.0
2013-12-24,96.078,96.083,96.073,96.078,24582.0,201403.0,683872.0
2013-12-27,96.078,96.083,96.068,96.073,56333.0,201403.0,700347.0
2013-12-30,96.073,96.083,96.073,96.078,32143.0,201403.0,684785.0
2013-12-31,96.078,96.078,96.073,96.078,15767.0,201403.0,667149.0
2014-01-02,96.078,96.078,96.073,96.078,63791.0,201403.0,704431.0
2014-01-03,96.078,96.078,96.073,96.073,67851.0,201403.0,700947.0
2014-01-06,96.073,96.078,96.068,96.073,80918.0,201403.0,688296.0
2014-01-07,96.073,96.078,96.068,96.078,139215.0,201403.0,716795.0
2014-01-08,96.078,96.088,96.073,96.078,197153.0,201403.0,760698.0
2014-01-09,96.078,96.088,96.073,96.083,96369.0,201403.0,734915.0
2014-01-10,96.083,96.128,96.083,96.118,269274.0,201403.0,846738.0
2014-01-13,96.113,96.118,96.098,96.108,157500.0,201403.0,798167.0
2014-01-14,96.103,96.108,96.098,96.098,125677.0,201403.0,775440.0
2014-01-15,96.098,96.103,96.083,96.093,136512.0,201403.0,786795.0
2014-01-16,96.088,96.093,96.083,96.093,109237.0,201403.0,788173.0
2014-01-17,96.098,96.103,96.098,96.098,106299.0,201403.0,795159.0
2014-01-20,96.103,96.108,96.098,96.108,30013.0,201403.0,769769.0
2014-01-21,96.103,96.108,96.098,96.103,118531.0,201403.0,824013.0
2014-01-22,96.103,96.103,96.083,96.088,150252.0,201403.0,851953.0
2014-01-23,96.093,96.098,96.088,96.093,178916.0,201403.0,883086.0
2014-01-24,96.098,96.098,96.088,96.088,197090.0,201403.0,889471.0
2014-01-27,96.088,96.093,96.083,96.093,118524.0,201403.0,848724.0
2014-01-28,96.088,96.098,96.088,96.093,66306.0,201403.0,814536.0
2014-01-29,96.093,96.098,96.088,96.093,141809.0,201403.0,851390.0
2014-01-30,96.093,96.098,96.088,96.098,45666.0,201403.0,811460.0
2014-01-31,96.093,96.098,96.093,96.093,73856.0,201403.0,832841.0
2014-02-03,96.093,96.103,96.088,96.103,115769.0,201403.0,857145.0
2014-02-04,96.098,96.098,96.088,96.088,103669.0,201403.0,862805.0
2014-02-05,96.093,96.093,96.088,96.088,83597.0,201403.0,844112.0
2014-02-06,96.088,96.093,96.083,96.088,108209.0,201403.0,855915.0
2014-02-07,96.083,96.088,96.078,96.078,153537.0,201403.0,878602.0
2014-02-10,96.083,96.083,96.078,96.078,92776.0,201403.0,841751.0
2014-02-11,96.083,96.083,96.078,96.078,136077.0,201403.0,888869.0
2014-02-12,96.078,96.083,96.078,96.083,98119.0,201403.0,853204.0
2014-02-13,96.083,96.083,96.078,96.078,73852.0,201403.0,833035.0
2014-02-14,96.078,96.083,96.078,96.078,51895.0,201403.0,813006.0
2014-02-18,96.083,96.083,96.078,96.078,101224.0,201403.0,842751.0
2014-02-19,96.083,96.083,96.078,96.078,103524.0,201403.0,850612.0
2014-02-20,96.078,96.083,96.078,96.083,54201.0,201403.0,827402.0
2014-02-21,96.083,96.083,96.078,96.083,122727.0,201403.0,864361.0
2014-02-24,96.078,96.083,96.073,96.078,182101.0,201403.0,918811.0
2014-02-25,96.073,96.078,96.073,96.078,106411.0,201403.0,875362.0
2014-02-26,96.078,96.078,96.073,96.078,104785.0,201403.0,871930.0
2014-02-27,96.078,96.083,96.073,96.073,65182.0,201403.0,848576.0
2014-02-28,96.078,96.078,96.073,96.073,68360.0,201403.0,848397.0
2014-03-03,96.078,96.083,96.073,96.078,74691.0,201403.0,858314.0
2014-03-04,96.078,96.078,96.073,96.073,53493.0,201403.0,837343.0
2014-03-05,96.078,96.078,96.068,96.073,81650.0,201403.0,854718.0
2014-03-06,96.073,96.073,96.068,96.068,102852.0,201403.0,862692.0
2014-03-07,96.068,96.073,96.068,96.068,68388.0,201403.0,844817.0
2014-03-10,96.073,96.073,96.068,96.068,47988.0,201403.0,819246.0
2014-03-11,96.073,96.073,96.068,96.073,67857.0,201403.0,832011.0
2014-03-12,96.073,96.078,96.073,96.073,66589.0,201403.0,832919.0
2014-03-13,96.073,96.078,96.073,96.078,249277.0,201403.0,964415.0
2014-03-14,96.073,96.078,96.073,96.078,110846.0,201403.0,883991.0
2014-03-17,96.073,96.078,96.073,96.073,65551.0,201406.0,725942.0
2014-03-18,96.078,96.088,96.073,96.083,160776.0,201406.0,788038.0
2014-03-19,96.088,96.088,96.068,96.073,209699.0,201406.0,829583.0
2014-03-20,96.073,96.078,96.068,96.073,125845.0,201406.0,759025.0
2014-03-21,96.078,96.078,96.068,96.068,171560.0,201406.0,789158.0
2014-03-24,96.073,96.073,96.068,96.073,75578.0,201406.0,739045.0
2014-03-25,96.073,96.073,96.068,96.068,85121.0,201406.0,721639.0
2014-03-26,96.068,96.073,96.068,96.068,82299.0,201406.0,725030.0
2014-03-27,96.073,96.073,96.068,96.068,70145.0,201406.0,719985.0
2014-03-28,96.068,96.073,96.068,96.073,42071.0,201406.0,709452.0
2014-03-31,96.068,96.073,96.068,96.068,57263.0,201406.0,718380.0
2014-04-01,96.068,96.073,96.068,96.073,47519.0,201406.0,715173.0
2014-04-02,96.068,96.073,96.068,96.068,88765.0,201406.0,727424.0
2014-04-03,96.068,96.073,96.063,96.063,73904.0,201406.0,735795.0
2014-04-04,96.063,96.068,96.063,96.063,126388.0,201406.0,752961.0
2014-04-07,96.063,96.068,96.063,96.063,81569.0,201406.0,740682.0
2014-04-08,96.063,96.068,96.058,96.063,63613.0,201406.0,724326.0
2014-04-09,96.063,96.068,96.058,96.058,80198.0,201406.0,718527.0
2014-04-10,96.063,96.063,96.058,96.063,117753.0,201406.0,741107.0
2014-04-11,96.063,96.068,96.058,96.063,99934.0,201406.0,737614.0
2014-04-14,96.068,96.068,96.063,96.063,63684.0,201406.0,733228.0
2014-04-15,96.068,96.068,96.063,96.063,61573.0,201406.0,734400.0
2014-04-16,96.063,96.068,96.058,96.063,122585.0,201406.0,773109.0
2014-04-17,96.058,96.063,96.053,96.058,133174.0,201406.0,751313.0
2014-04-21,96.058,96.063,96.053,96.058,47842.0,201406.0,716364.0
2014-04-22,96.058,96.058,96.053,96.058,86399.0,201406.0,727833.0
2014-04-23,96.058,96.058,96.053,96.058,75504.0,201406.0,718857.0
2014-04-24,96.053,96.058,96.053,96.058,78252.0,201406.0,730598.0
2014-04-25,96.058,96.063,96.053,96.058,55103.0,201406.0,728972.0
2014-04-28,96.058,96.063,96.053,96.063,61142.0,201406.0,726606.0
2014-04-29,96.053,96.058,96.053,96.053,35235.0,201406.0,724028.0
2014-04-30,96.053,96.063,96.053,96.058,76269.0,201406.0,740602.0
2014-05-01,96.058,96.063,96.058,96.058,74061.0,201406.0,736843.0
2014-05-02,96.058,96.058,96.053,96.058,175635.0,201406.0,778275.0
2014-05-05,96.058,96.063,96.058,96.063,63849.0,201406.0,753618.0
2014-05-06,96.058,96.063,96.058,96.058,36119.0,201406.0,741820.0
2014-05-07,96.058,96.063,96.058,96.063,52196.0,201406.0,747980.0
2014-05-08,96.058,96.063,96.058,96.058,65467.0,201406.0,765229.0
2014-05-09,96.058,96.063,96.058,96.058,107922.0,201406.0,795168.0
2014-05-12,96.058,96.063,96.058,96.063,81260.0,201406.0,791445.0
2014-05-13,96.063,96.068,96.058,96.058,56705.0,201406.0,776351.0
2014-05-14,96.063,96.068,96.063,96.068,139471.0,201406.0,812496.0
2014-05-15,96.063,96.068,96.063,96.063,86378.0,201406.0,791559.0
2014-05-16,96.063,96.068,96.063,96.063,15078.0,201406.0,768689.0
2014-05-20,96.063,96.068,96.063,96.068,32503.0,201406.0,776635.0
2014-05-21,96.063,96.068,96.063,96.068,82609.0,201406.0,802294.0
2014-05-22,96.063,96.063,96.058,96.063,39446.0,201406.0,779334.0
2014-05-23,96.063,96.068,96.063,96.063,32957.0,201406.0,775047.0
2014-05-26,96.063,96.063,96.063,96.063,6045.0,201406.0,759246.0
2014-05-27,96.063,96.063,96.058,96.063,37968.0,201406.0,776666.0
2014-05-28,96.063,96.068,96.063,96.063,104065.0,201406.0,801223.0
2014-05-29,96.063,96.068,96.063,96.063,104023.0,201406.0,795082.0
2014-05-30,96.068,96.068,96.063,96.063,65140.0,201406.0,784514.0
2014-06-02,96.063,96.068,96.058,96.063,89005.0,201406.0,780486.0
2014-06-03,96.063,96.068,96.063,96.063,179267.0,201406.0,827661.0
2014-06-04,96.063,96.068,96.063,96.063,53641.0,201406.0,752472.0
2014-06-05,96.063,96.063,96.058,96.063,59037.0,201406.0,750967.0
2014-06-06,96.063,96.063,96.058,96.063,55733.0,201406.0,753083.0
2014-06-09,96.063,96.063,96.058,96.063,46128.0,201406.0,757174.0
2014-06-10,96.058,96.063,96.058,96.058,66219.0,201406.0,761377.0
2014-06-11,96.058,96.058,96.058,96.058,85652.0,201406.0,766555.0
2014-06-12,96.058,96.063,96.058,96.058,81811.0,201406.0,760532.0
2014-06-13,96.058,96.063,96.058,96.058,226942.0,201406.0,824169.0
2014-06-16,96.048,96.058,96.048,96.053,99540.0,201409.0,650252.0
2014-06-17,96.048,96.053,96.043,96.053,155496.0,201409.0,672685.0
2014-06-18,96.048,96.053,96.048,96.053,131154.0,201409.0,692545.0
2014-06-19,96.048,96.053,96.048,96.053,80995.0,201409.0,652625.0
2014-06-20,96.048,96.053,96.038,96.048,287205.0,201409.0,735428.0
2014-06-23,96.043,96.048,96.043,96.048,88659.0,201409.0,668535.0
2014-06-24,96.043,96.048,96.043,96.048,116956.0,201409.0,679581.0
2014-06-25,96.043,96.048,96.043,96.048,86268.0,201409.0,677444.0
2014-06-26,96.043,96.053,96.043,96.048,124079.0,201409.0,697938.0
2014-06-27,96.048,96.048,96.043,96.048,100088.0,201409.0,695757.0
2014-06-30,96.048,96.048,96.043,96.048,52842.0,201409.0,673797.0
2014-07-02,96.048,96.048,96.043,96.043,137106.0,201409.0,710191.0
2014-07-03,96.048,96.048,96.043,96.048,78845.0,201409.0,685126.0
2014-07-04,96.053,96.053,96.048,96.048,15528.0,201409.0,647544.0
2014-07-07,96.048,96.048,96.043,96.043,46955.0,201409.0,665535.0
2014-07-08,96.048,96.053,96.043,96.053,101397.0,201409.0,691268.0
2014-07-09,96.048,96.053,96.048,96.053,89218.0,201409.0,686404.0
2014-07-10,96.053,96.053,96.043,96.048,190300.0,201409.0,742501.0
2014-07-11,96.048,96.048,96.043,96.048,78987.0,201409.0,716209.0
2014-07-14,96.048,96.048,96.043,96.048,51970.0,201409.0,683192.0
2014-07-15,96.048,96.048,96.043,96.043,84630.0,201409.0,700657.0
2014-07-16,96.043,96.053,96.043,96.043,66820.0,201409.0,691856.0
2014-07-17,96.048,96.053,96.048,96.048,177126.0,201409.0,759840.0
2014-07-18,96.048,96.053,96.043,96.043,120991.0,201409.0,747305.0
2014-07-21,96.043,96.048,96.043,96.043,47655.0,201409.0,701808.0
2014-07-22,96.043,96.053,96.043,96.053,36500.0,201409.0,690052.0
2014-07-23,96.048,96.053,96.043,96.048,75021.0,201409.0,730764.0
2014-07-24,96.048,96.048,96.043,96.048,92485.0,201409.0,715945.0
2014-07-25,96.048,96.053,96.043,96.048,72891.0,201409.0,709760.0
2014-07-28,96.048,96.048,96.043,96.048,22428.0,201409.0,679017.0
2014-07-29,96.048,96.048,96.043,96.048,50072.0,201409.0,703168.0
2014-07-30,96.048,96.048,96.043,96.043,112470.0,201409.0,742189.0
2014-07-31,96.043,96.048,96.043,96.043,111768.0,201409.0,740508.0
2014-08-01,96.043,96.048,96.043,96.043,105373.0,201409.0,738057.0
2014-08-05,96.043,96.048,96.043,96.048,96381.0,201409.0,748418.0
2014-08-06,96.043,96.048,96.043,96.048,143997.0,201409.0,777102.0
2014-08-07,96.043,96.048,96.043,96.048,87447.0,201409.0,763069.0
2014-08-08,96.048,96.048,96.043,96.048,155965.0,201409.0,757777.0
2014-08-11,96.048,96.048,96.043,96.048,40108.0,201409.0,727461.0
2014-08-12,96.048,96.048,96.043,96.043,67993.0,201409.0,714336.0
2014-08-13,96.043,96.048,96.043,96.048,69393.0,201409.0,697749.0
2014-08-14,96.048,96.048,96.043,96.043,40081.0,201409.0,683668.0
2014-08-15,96.043,96.048,96.043,96.043,117971.0,201409.0,717294.0
2014-08-18,96.043,96.048,96.043,96.043,50396.0,201409.0,692693.0
2014-08-19,96.043,96.048,96.043,96.043,55990.0,201409.0,703517.0
2014-08-20,96.043,96.048,96.043,96.043,89762.0,201409.0,708869.0
2014-08-21,96.043,96.048,96.043,96.043,76747.0,201409.0,710092.0
2014-08-22,96.043,96.048,96.043,96.043,118485.0,201409.0,735923.0
2014-08-25,96.043,96.048,96.043,96.043,40635.0,201409.0,690593.0
2014-08-26,96.043,96.048,96.038,96.038,92717.0,201409.0,705306.0
2014-08-27,96.043,96.048,96.043,96.043,83307.0,201409.0,699749.0
2014-08-28,96.048,96.048,96.043,96.043,52387.0,201409.0,692395.0
2014-08-29,96.043,96.048,96.043,96.043,66324.0,201409.0,694861.0
2014-09-02,96.043,96.048,96.043,96.043,150815.0,201409.0,726723.0
2014-09-03,96.038,96.048,96.038,96.043,93233.0,201409.0,716312.0
2014-09-04,96.048,96.048,96.043,96.043,105415.0,201409.0,726459.0
2014-09-05,96.043,96.048,96.043,96.043,92469.0,201409.0,715315.0
2014-09-08,96.048,96.048,96.043,96.043,59013.0,201409.0,718926.0
2014-09-09,96.043,96.048,96.043,96.043,166920.0,201409.0,742059.0
2014-09-10,96.043,96.048,96.043,96.043,135532.0,201409.0,745445.0
2014-09-11,96.048,96.048,96.043,96.043,213077.0,201409.0,773168.0
2014-09-12,96.043,96.043,96.043,96.043,160097.0,201409.0,796365.0
2014-09-15,96.043,96.053,96.038,96.048,122787.0,201412.0,701213.0
2014-09-16,96.048,96.053,96.043,96.048,143517.0,201412.0,692449.0
2014-09-17,96.048,96.053,96.043,96.048,129864.0,201412.0,697877.0
2014-09-18,96.043,96.043,96.038,96.038,88283.0,201412.0,676657.0
2014-09-19,96.043,96.048,96.038,96.043,177956.0,201412.0,700939.0
2014-09-22,96.043,96.053,96.038,96.048,106884.0,201412.0,695930.0
2014-09-23,96.048,96.053,96.048,96.048,177963.0,201412.0,697740.0
2014-09-24,96.048,96.053,96.043,96.048,120378.0,201412.0,693653.0
2014-09-25,96.048,96.053,96.043,96.053,91793.0,201412.0,699448.0
2014-09-26,96.048,96.053,96.043,96.053,86195.0,201412.0,692915.0
2014-09-29,96.048,96.053,96.048,96.053,58480.0,201412.0,695390.0
2014-09-30,96.048,96.053,96.043,96.048,130955.0,201412.0,725486.0
2014-10-01,96.053,96.053,96.048,96.053,130738.0,201412.0,741907.0
2014-10-02,96.048,96.053,96.048,96.053,117506.0,201412.0,730302.0
2014-10-03,96.048,96.053,96.048,96.048,89512.0,201412.0,732470.0
2014-10-06,96.053,96.053,96.048,96.048,45164.0,201412.0,727735.0
2014-10-07,96.048,96.053,96.048,96.053,92093.0,201412.0,752967.0
2014-10-08,96.053,96.053,96.048,96.053,180740.0,201412.0,795250.0
2014-10-09,96.053,96.053,96.048,96.048,243044.0,201412.0,795946.0
2014-10-10,96.053,96.053,96.048,96.048,197749.0,201412.0,793832.0
2014-10-14,96.048,96.053,96.048,96.053,204031.0,201412.0,784541.0
2014-10-15,96.048,96.063,96.048,96.058,382058.0,201412.0,822946.0
2014-10-16,96.058,96.073,96.053,96.053,139050.0,201412.0,732299.0
2014-10-17,96.058,96.058,96.048,96.048,109454.0,201412.0,697006.0
2014-10-20,96.053,96.058,96.048,96.058,68939.0,201412.0,683520.0
2014-10-21,96.053,96.053,96.048,96.053,68558.0,201412.0,688764.0
2014-10-22,96.048,96.053,96.048,96.053,140988.0,201412.0,713925.0
2014-10-23,96.048,96.053,96.048,96.053,67827.0,201412.0,690848.0
2014-10-24,96.053,96.053,96.048,96.053,54366.0,201412.0,670061.0
2014-10-27,96.048,96.053,96.048,96.053,43777.0,201412.0,663949.0
2014-10-28,96.048,96.053,96.048,96.053,67812.0,201412.0,679592.0
2014-10-29,96.053,96.053,96.043,96.048,84766.0,201412.0,676212.0
2014-10-30,96.048,96.048,96.043,96.048,63342.0,201412.0,666001.0
2014-10-31,96.043,96.048,96.043,96.048,116301.0,201412.0,676330.0
2014-11-03,96.043,96.048,96.043,96.043,106095.0,201412.0,691085.0
2014-11-04,96.043,96.048,96.043,96.043,150615.0,201412.0,708389.0
2014-11-05,96.048,96.048,96.043,96.048,100019.0,201412.0,707079.0
2014-11-06,96.048,96.048,96.043,96.043,98183.0,201412.0,686199.0
2014-11-07,96.043,96.048,96.038,96.038,148410.0,201412.0,714264.0
2014-11-10,96.038,96.043,96.038,96.043,63064.0,201412.0,656559.0
2014-11-12,96.038,96.043,96.038,96.038,46945.0,201412.0,662363.0
2014-11-13,96.038,96.043,96.038,96.038,33781.0,201412.0,659177.0
2014-11-14,96.038,96.043,96.038,96.038,59756.0,201412.0,667593.0
2014-11-17,96.038,96.043,96.038,96.043,55023.0,201412.0,673676.0
2014-11-18,96.038,96.043,96.038,96.038,53187.0,201412.0,677406.0
2014-11-19,96.038,96.038,96.033,96.038,85346.0,201412.0,690510.0
2014-11-20,96.038,96.043,96.033,96.038,104180.0,201412.0,706870.0
2014-11-21,96.038,96.043,96.033,96.038,111876.0,201412.0,725238.0
2014-11-24,96.043,96.043,96.038,96.043,70477.0,201412.0,727275.0
2014-11-25,96.038,96.043,96.038,96.038,71215.0,201412.0,739001.0
2014-11-26,96.038,96.043,96.038,96.043,62220.0,201412.0,739254.0
2014-11-27,96.043,96.043,96.038,96.043,27409.0,201412.0,738354.0
2014-11-28,96.043,96.043,96.038,96.043,104896.0,201412.0,749318.0
2014-12-01,96.038,96.043,96.038,96.038,118617.0,201412.0,754896.0
2014-12-02,96.043,96.043,96.038,96.043,97542.0,201412.0,749533.0
2014-12-03,96.043,96.043,96.038,96.038,128037.0,201412.0,767342.0
2014-12-04,96.038,96.043,96.038,96.043,89538.0,201412.0,761628.0
2014-12-05,96.043,96.043,96.038,96.043,148898.0,201412.0,785854.0
2014-12-08,96.043,96.043,96.038,96.043,154613.0,201412.0,807043.0
2014-12-09,96.043,96.043,96.038,96.043,122094.0,201412.0,805244.0
2014-12-10,96.038,96.043,96.038,96.043,126280.0,201412.0,818639.0
2014-12-11,96.038,96.043,96.038,96.043,132048.0,201412.0,839375.0
2014-12-12,96.038,96.043,96.038,96.043,105660.0,201412.0,823200.0
2014-12-15,96.043,96.048,96.038,96.038,136626.0,201503.0,665541.0
2014-12-16,96.038,96.048,96.038,96.043,154356.0,201503.0,665720.0
2014-12-17,96.043,96.043,96.023,96.028,143280.0,201503.0,658390.0
2014-12-18,96.028,96.028,96.018,96.023,151577.0,201503.0,661116.0
2014-12-19,96.018,96.028,96.018,96.023,77114.0,201503.0,619044.0
2014-12-22,96.023,96.023,96.018,96.018,45295.0,201503.0,615273.0
2014-12-23,96.018,96.023,96.013,96.018,86940.0,201503.0,609824.0
2014-12-24,96.013,96.018,96.013,96.018,45262.0,201503.0,604970.0
2014-12-29,96.018,96.023,96.013,96.018,52056.0,201503.0,610490.0
2014-12-30,96.013,96.018,96.013,96.013,41996.0,201503.0,624946.0
2014-12-31,96.013,96.018,96.008,96.008,28433.0,201503.0,622094.0
2015-01-02,96.008,96.013,96.008,96.008,43958.0,201503.0,629574.0
2015-01-05,96.008,96.013,96.003,96.008,65722.0,201503.0,617565.0
2015-01-06,96.008,96.018,96.003,96.008,150821.0,201503.0,652316.0
2015-01-07,96.008,96.013,96.008,96.013,67224.0,201503.0,648955.0
2015-01-08,96.013,96.013,96.008,96.013,45197.0,201503.0,642626.0
2015-01-09,96.008,96.028,96.008,96.018,144313.0,201503.0,649578.0
2015-01-12,96.023,96.033,96.023,96.028,129912.0,201503.0,673000.0
2015-01-13,96.033,96.033,96.023,96.033,134597.0,201503.0,668448.0
2015-01-14,96.028,96.058,96.023,96.048,175886.0,201503.0,698372.0
2015-01-15,96.048,96.118,96.043,96.113,152009.0,201503.0,704532.0
2015-01-16,96.108,96.113,96.058,96.063,172598.0,201503.0,701880.0
2015-01-19,96.073,96.098,96.063,96.068,83839.0,201503.0,669943.0
2015-01-20,96.068,96.078,96.058,96.058,109621.0,201503.0,654684.0
2015-01-21,96.078,96.403,96.073,96.388,340279.0,201503.0,737425.0
2015-01-22,96.388,96.418,96.338,96.358,270374.0,201503.0,732336.0
2015-01-23,96.388,96.393,96.358,96.358,113339.0,201503.0,696763.0
2015-01-26,96.363,96.403,96.353,96.393,124872.0,201503.0,657257.0
2015-01-27,96.398,96.458,96.398,96.433,152369.0,201503.0,662122.0
2015-01-28,96.438,96.463,96.428,96.458,83326.0,201503.0,645008.0
2015-01-29,96.453,96.483,96.438,96.443,75330.0,201503.0,646948.0
2015-01-30,96.463,96.478,96.448,96.463,93697.0,201503.0,641342.0
2015-02-02,96.473,96.473,96.453,96.468,86488.0,201503.0,642491.0
2015-02-03,96.458,96.463,96.443,96.448,73071.0,201503.0,638871.0
2015-02-04,96.448,96.493,96.443,96.478,98407.0,201503.0,649382.0
2015-02-05,96.488,96.498,96.458,96.473,64442.0,201503.0,635530.0
2015-02-06,96.478,96.483,96.438,96.443,106023.0,201503.0,652581.0
2015-02-09,96.463,96.478,96.448,96.458,56358.0,201503.0,647783.0
2015-02-10,96.453,96.513,96.453,96.498,126024.0,201503.0,666376.0
2015-02-11,96.503,96.523,96.493,96.508,108948.0,201503.0,655601.0
2015-02-12,96.493,96.508,96.493,96.503,66081.0,201503.0,651314.0
2015-02-13,96.498,96.498,96.478,96.488,46740.0,201503.0,638599.0
2015-02-17,96.498,96.498,96.478,96.483,47998.0,201503.0,636799.0
2015-02-18,96.478,96.508,96.473,96.503,81420.0,201503.0,654144.0
2015-02-19,96.508,96.518,96.493,96.493,50838.0,201503.0,649037.0
2015-02-20,96.508,96.538,96.498,96.503,85447.0,201503.0,661974.0
2015-02-23,96.513,96.513,96.493,96.503,81096.0,201503.0,662113.0
2015-02-24,96.503,96.503,96.393,96.408,125560.0,201503.0,688325.0
2015-02-25,96.398,96.403,96.373,96.383,115135.0,201503.0,687490.0
2015-02-26,96.388,96.393,96.368,96.373,112884.0,201503.0,674683.0
2015-02-27,96.373,96.383,96.368,96.368,84290.0,201503.0,672353.0
2015-03-02,96.378,96.388,96.368,96.373,73457.0,201503.0,678130.0
2015-03-03,96.368,96.383,96.348,96.383,96753.0,201503.0,697740.0
2015-03-04,96.378,96.393,96.298,96.298,174256.0,201503.0,721768.0
2015-03-05,96.298,96.303,96.293,96.303,109713.0,201503.0,697118.0
2015-03-06,96.298,96.313,96.298,96.313,68470.0,201503.0,687656.0
2015-03-09,96.313,96.318,96.308,96.318,68517.0,201503.0,683201.0
2015-03-10,96.318,96.323,96.313,96.323,57398.0,201503.0,674384.0
2015-03-11,96.318,96.328,96.318,96.328,61611.0,201503.0,677293.0
2015-03-12,96.328,96.328,96.323,96.328,99183.0,201503.0,688528.0
2015-03-13,96.318,96.328,96.318,96.328,69962.0,201503.0,693695.0
2015-03-16,96.328,96.363,96.323,96.328,129403.0,201506.0,626433.0
2015-03-17,96.333,96.343,96.313,96.323,74534.0,201506.0,594324.0
2015-03-18,96.318,96.358,96.313,96.348,108029.0,201506.0,606526.0
2015-03-19,96.353,96.368,96.338,96.353,89302.0,201506.0,607299.0
2015-03-20,96.363,96.388,96.358,96.378,55464.0,201506.0,603048.0
2015-03-23,96.378,96.383,96.368,96.368,44243.0,201506.0,605230.0
2015-03-24,96.368,96.368,96.353,96.358,72639.0,201506.0,618881.0
2015-03-25,96.358,96.363,96.343,96.343,49408.0,201506.0,622866.0
2015-03-26,96.348,96.353,96.268,96.273,115474.0,201506.0,641209.0
2015-03-27,96.278,96.308,96.268,96.303,80390.0,201506.0,637364.0
2015-03-30,96.298,96.318,96.298,96.318,35800.0,201506.0,641118.0
2015-03-31,96.323,96.333,96.298,96.308,67362.0,201506.0,653141.0
2015-04-01,96.308,96.318,96.298,96.303,95521.0,201506.0,665580.0
2015-04-02,96.298,96.303,96.283,96.288,52299.0,201506.0,653060.0
2015-04-06,96.303,96.323,96.273,96.278,41612.0,201506.0,647868.0
2015-04-07,96.278,96.283,96.268,96.278,74851.0,201506.0,649234.0
2015-04-08,96.278,96.293,96.268,96.288,41992.0,201506.0,644394.0
2015-04-09,96.293,96.298,96.288,96.293,57990.0,201506.0,652470.0
2015-04-10,96.293,96.313,96.278,96.288,43235.0,201506.0,648002.0
2015-04-13,96.278,96.293,96.278,96.288,31313.0,201506.0,645049.0
2015-04-14,96.288,96.303,96.283,96.298,78892.0,201506.0,661213.0
2015-04-15,96.298,96.308,96.248,96.248,130042.0,201506.0,688545.0
2015-04-16,96.248,96.253,96.238,96.248,104679.0,201506.0,687798.0
2015-04-17,96.243,96.253,96.223,96.248,156010.0,201506.0,688563.0
2015-04-20,96.238,96.243,96.233,96.233,65563.0,201506.0,672874.0
2015-04-21,96.238,96.238,96.233,96.238,83067.0,201506.0,673525.0
2015-04-22,96.233,96.238,96.228,96.238,92913.0,201506.0,671632.0
2015-04-23,96.233,96.238,96.228,96.238,79197.0,201506.0,667243.0
2015-04-24,96.238,96.243,96.233,96.238,73864.0,201506.0,662290.0
2015-04-27,96.243,96.243,96.238,96.243,56212.0,201506.0,645340.0
2015-04-28,96.238,96.243,96.233,96.233,144251.0,201506.0,660237.0
2015-04-29,96.228,96.233,96.213,96.228,147859.0,201506.0,664654.0
2015-04-30,96.223,96.228,96.218,96.223,88812.0,201506.0,638232.0
2015-05-01,96.223,96.223,96.213,96.218,76552.0,201506.0,641185.0
2015-05-04,96.218,96.228,96.218,96.223,45978.0,201506.0,615615.0
2015-05-05,96.228,96.233,96.223,96.228,112973.0,201506.0,635353.0
2015-05-06,96.228,96.233,96.223,96.228,85303.0,201506.0,643663.0
2015-05-07,96.228,96.233,96.223,96.228,65997.0,201506.0,633384.0
2015-05-08,96.233,96.238,96.228,96.228,79406.0,201506.0,643083.0
2015-05-11,96.228,96.233,96.218,96.223,64276.0,201506.0,643380.0
2015-05-12,96.218,96.228,96.213,96.223,99275.0,201506.0,642089.0
2015-05-13,96.223,96.228,96.223,96.223,57242.0,201506.0,639746.0
2015-05-14,96.228,96.233,96.223,96.228,45916.0,201506.0,632134.0
2015-05-15,96.228,96.233,96.223,96.228,50911.0,201506.0,639085.0
2015-05-19,96.228,96.233,96.223,96.223,101595.0,201506.0,654724.0
2015-05-20,96.223,96.233,96.223,96.228,48314.0,201506.0,656091.0
2015-05-21,96.228,96.228,96.223,96.228,34082.0,201506.0,632292.0
2015-05-22,96.228,96.228,96.223,96.228,55874.0,201506.0,641504.0
2015-05-25,96.228,96.233,96.228,96.233,19936.0,201506.0,639108.0
2015-05-26,96.233,96.233,96.228,96.233,63826.0,201506.0,640414.0
2015-05-27,96.228,96.233,96.223,96.228,77852.0,201506.0,653869.0
2015-05-28,96.228,96.228,96.223,96.223,92062.0,201506.0,656752.0
2015-05-29,96.223,96.233,96.223,96.228,154551.0,201506.0,673315.0
2015-06-01,96.228,96.233,96.223,96.233,109679.0,201506.0,673543.0
2015-06-02,96.233,96.233,96.228,96.233,112432.0,201506.0,663887.0
2015-06-03,96.233,96.238,96.233,96.233,107894.0,201506.0,666736.0
2015-06-04,96.233,96.238,96.233,96.238,73863.0,201506.0,647865.0
2015-06-05,96.233,96.233,96.223,96.228,130660.0,201506.0,663248.0
2015-06-08,96.228,96.228,96.223,96.228,45535.0,201506.0,644605.0
2015-06-09,96.223,96.228,96.223,96.223,125024.0,201506.0,660017.0
2015-06-10,96.223,96.228,96.223,96.223,113104.0,201506.0,669706.0
2015-06-11,96.228,96.228,96.223,96.228,106720.0,201506.0,661462.0
2015-06-12,96.228,96.228,96.223,96.228,62911.0,201506.0,656465.0
2015-06-15,96.233,96.233,96.213,96.218,72744.0,201509.0,569391.0
2015-06-16,96.218,96.228,96.218,96.228,63878.0,201509.0,571349.0
2015-06-17,96.223,96.228,96.213,96.223,113874.0,201509.0,590982.0
2015-06-18,96.228,96.233,96.218,96.218,71121.0,201509.0,576904.0
2015-06-19,96.223,96.248,96.223,96.243,94764.0,201509.0,590276.0
2015-06-22,96.233,96.243,96.223,96.243,64402.0,201509.0,586774.0
2015-06-23,96.238,96.243,96.233,96.238,75612.0,201509.0,595164.0
2015-06-24,96.238,96.248,96.233,96.243,48972.0,201509.0,580391.0
2015-06-25,96.243,96.248,96.233,96.238,47600.0,201509.0,578380.0
2015-06-26,96.238,96.238,96.228,96.228,50941.0,201509.0,581028.0
2015-06-29,96.263,96.263,96.238,96.258,86253.0,201509.0,592617.0
2015-06-30,96.248,96.338,96.248,96.333,202428.0,201509.0,632183.0
2015-07-02,96.313,96.358,96.313,96.343,114876.0,201509.0,634957.0
2015-07-03,96.348,96.368,96.348,96.363,31309.0,201509.0,612669.0
2015-07-06,96.378,96.383,96.358,96.373,99087.0,201509.0,647830.0
2015-07-07,96.373,96.398,96.363,96.383,180865.0,201509.0,696958.0
2015-07-08,96.378,96.408,96.378,96.398,147037.0,201509.0,683420.0
2015-07-09,96.388,96.393,96.378,96.388,79716.0,201509.0,661728.0
2015-07-10,96.378,96.378,96.348,96.373,99267.0,201509.0,667714.0
2015-07-13,96.368,96.398,96.363,96.393,70683.0,201509.0,654476.0
2015-07-14,96.383,96.403,96.383,96.398,75644.0,201509.0,668834.0
2015-07-15,96.388,96.493,96.373,96.473,198220.0,201509.0,715475.0
2015-07-16,96.468,96.478,96.458,96.473,76953.0,201509.0,694275.0
2015-07-17,96.473,96.478,96.463,96.468,62799.0,201509.0,682895.0
2015-07-20,96.468,96.473,96.463,96.468,45239.0,201509.0,674194.0
2015-07-21,96.473,96.473,96.468,96.468,67844.0,201509.0,674325.0
2015-07-22,96.463,96.473,96.463,96.468,56141.0,201509.0,683426.0
2015-07-23,96.468,96.468,96.463,96.463,75588.0,201509.0,695311.0
2015-07-24,96.463,96.468,96.463,96.468,63133.0,201509.0,685154.0
2015-07-27,96.468,96.473,96.468,96.473,38376.0,201509.0,681149.0
2015-07-28,96.468,96.468,96.463,96.468,58482.0,201509.0,687568.0
2015-07-29,96.463,96.468,96.463,96.468,45348.0,201509.0,690688.0
2015-07-30,96.463,96.468,96.458,96.468,54444.0,201509.0,704175.0
2015-07-31,96.468,96.508,96.468,96.488,77343.0,201509.0,718751.0
2015-08-04,96.503,96.513,96.483,96.488,60834.0,201509.0,720675.0
2015-08-05,96.478,96.488,96.473,96.478,64346.0,201509.0,725515.0
2015-08-06,96.473,96.483,96.468,96.478,71592.0,201509.0,726116.0
2015-08-07,96.473,96.483,96.468,96.478,50146.0,201509.0,731433.0
2015-08-10,96.473,96.478,96.468,96.473,43520.0,201509.0,725953.0
2015-08-11,96.473,96.488,96.468,96.488,63182.0,201509.0,732667.0
2015-08-12,96.488,96.493,96.483,96.488,67384.0,201509.0,735119.0
2015-08-13,96.483,96.498,96.478,96.488,67426.0,201509.0,737120.0
2015-08-14,96.493,96.498,96.483,96.493,42945.0,201509.0,735811.0
2015-08-17,96.488,96.493,96.483,96.493,43507.0,201509.0,739331.0
2015-08-18,96.493,96.493,96.483,96.483,52103.0,201509.0,734088.0
2015-08-19,96.488,96.513,96.483,96.503,81433.0,201509.0,741514.0
2015-08-20,96.508,96.518,96.503,96.508,119823.0,201509.0,751388.0
2015-08-21,96.513,96.528,96.503,96.523,69263.0,201509.0,736190.0
2015-08-24,96.533,96.568,96.528,96.553,112960.0,201509.0,750819.0
2015-08-25,96.548,96.548,96.513,96.518,91557.0,201509.0,744213.0
2015-08-26,96.523,96.533,96.503,96.518,85615.0,201509.0,743597.0
2015-08-27,96.518,96.523,96.498,96.503,45707.0,201509.0,736768.0
2015-08-28,96.503,96.508,96.483,96.488,57660.0,201509.0,738443.0
2015-08-31,96.483,96.493,96.483,96.483,42773.0,201509.0,742147.0
2015-09-01,96.483,96.503,96.473,96.483,100330.0,201509.0,754605.0
2015-09-02,96.483,96.488,96.478,96.483,50595.0,201509.0,734475.0
2015-09-03,96.483,96.493,96.473,96.473,60557.0,201509.0,738063.0
2015-09-04,96.478,96.483,96.463,96.468,104569.0,201509.0,756716.0
2015-09-08,96.468,96.468,96.458,96.463,90712.0,201509.0,757832.0
2015-09-09,96.468,96.483,96.428,96.438,146817.0,201509.0,777157.0
2015-09-10,96.433,96.438,96.428,96.433,110801.0,201509.0,764508.0
2015-09-11,96.433,96.438,96.433,96.438,69495.0,201509.0,750856.0
2015-09-14,96.428,96.433,96.408,96.413,128880.0,201512.0,646602.0
2015-09-15,96.413,96.418,96.388,96.393,84408.0,201512.0,639326.0
2015-09-16,96.398,96.398,96.383,96.383,86373.0,201512.0,638460.0
2015-09-17,96.388,96.418,96.363,96.403,149765.0,201512.0,649324.0
2015-09-18,96.418,96.423,96.408,96.418,112584.0,201512.0,647711.0
2015-09-21,96.408,96.418,96.368,96.378,98868.0,201512.0,635170.0
2015-09-22,96.393,96.403,96.383,96.393,100075.0,201512.0,630017.0
2015-09-23,96.383,96.388,96.373,96.383,95622.0,201512.0,636545.0
2015-09-24,96.378,96.398,96.378,96.383,76294.0,201512.0,632984.0
2015-09-25,96.373,96.373,96.358,96.363,70255.0,201512.0,632327.0
2015-09-28,96.363,96.373,96.358,96.368,54500.0,201512.0,620030.0
2015-09-29,96.368,96.378,96.353,96.373,62596.0,201512.0,626434.0
2015-09-30,96.368,96.373,96.358,96.358,49661.0,201512.0,630160.0
2015-10-01,96.363,96.368,96.343,96.343,82410.0,201512.0,635596.0
2015-10-02,96.343,96.393,96.343,96.348,146963.0,201512.0,651959.0
2015-10-05,96.348,96.358,96.338,96.353,51268.0,201512.0,623172.0
2015-10-06,96.348,96.358,96.343,96.353,105897.0,201512.0,659710.0
2015-10-07,96.348,96.348,96.338,96.343,77188.0,201512.0,652344.0
2015-10-08,96.343,96.348,96.338,96.338,78528.0,201512.0,667677.0
2015-10-09,96.338,96.338,96.323,96.323,86492.0,201512.0,671221.0
2015-10-13,96.328,96.338,96.328,96.333,60288.0,201512.0,662932.0
2015-10-14,96.338,96.343,96.338,96.343,71126.0,201512.0,659544.0
2015-10-15,96.343,96.343,96.333,96.338,71742.0,201512.0,664833.0
2015-10-16,96.338,96.343,96.328,96.338,81968.0,201512.0,667155.0
2015-10-19,96.338,96.343,96.333,96.343,75418.0,201512.0,659257.0
2015-10-20,96.338,96.338,96.323,96.333,118590.0,201512.0,683508.0
2015-10-21,96.338,96.343,96.323,96.328,144360.0,201512.0,688779.0
2015-10-22,96.328,96.333,96.323,96.328,89914.0,201512.0,693082.0
2015-10-23,96.328,96.328,96.323,96.328,90319.0,201512.0,674441.0
2015-10-26,96.323,96.328,96.323,96.328,49380.0,201512.0,664595.0
2015-10-27,96.328,96.333,96.323,96.328,143274.0,201512.0,695825.0
2015-10-28,96.328,96.333,96.308,96.308,102653.0,201512.0,700487.0
2015-10-29,96.303,96.303,96.293,96.293,86573.0,201512.0,677970.0
2015-10-30,96.298,96.303,96.288,96.288,109712.0,201512.0,694609.0
2015-11-02,96.288,96.293,96.283,96.288,53177.0,201512.0,689760.0
2015-11-03,96.288,96.298,96.288,96.293,67172.0,201512.0,684416.0
2015-11-04,96.298,96.298,96.288,96.288,74190.0,201512.0,689875.0
2015-11-05,96.293,96.298,96.293,96.293,84007.0,201512.0,692826.0
2015-11-06,96.293,96.298,96.283,96.288,151901.0,201512.0,716336.0
2015-11-09,96.288,96.303,96.288,96.298,79257.0,201512.0,696481.0
2015-11-10,96.303,96.303,96.298,96.303,60533.0,201512.0,665339.0
2015-11-12,96.298,96.308,96.298,96.298,86757.0,201512.0,676603.0
2015-11-13,96.308,96.308,96.298,96.303,111066.0,201512.0,676497.0
2015-11-16,96.308,96.308,96.298,96.303,73398.0,201512.0,677091.0
2015-11-17,96.298,96.298,96.288,96.293,87463.0,201512.0,679958.0
2015-11-18,96.293,96.293,96.283,96.288,62420.0,201512.0,672404.0
2015-11-19,96.288,96.288,96.283,96.288,48361.0,201512.0,676637.0
2015-11-20,96.283,96.293,96.283,96.288,59053.0,201512.0,678957.0
2015-11-23,96.283,96.288,96.283,96.283,82859.0,201512.0,687068.0
2015-11-24,96.283,96.288,96.278,96.283,90215.0,201512.0,685897.0
2015-11-25,96.283,96.288,96.278,96.283,46774.0,201512.0,678452.0
2015-11-26,96.278,96.283,96.278,96.283,11682.0,201512.0,670398.0
2015-11-27,96.278,96.283,96.278,96.283,30090.0,201512.0,677581.0
2015-11-30,96.283,96.283,96.273,96.278,74760.0,201512.0,689180.0
2015-12-01,96.273,96.288,96.273,96.288,103265.0,201512.0,697104.0
2015-12-02,96.288,96.298,96.263,96.263,159364.0,201512.0,719089.0
2015-12-03,96.268,96.268,96.258,96.263,120436.0,201512.0,700927.0
2015-12-04,96.258,96.268,96.253,96.263,120204.0,201512.0,706189.0
2015-12-07,96.268,96.273,96.263,96.268,101153.0,201512.0,695842.0
2015-12-08,96.273,96.278,96.268,96.273,207436.0,201512.0,703348.0
2015-12-09,96.273,96.273,96.268,96.273,127671.0,201512.0,684359.0
2015-12-10,96.273,96.278,96.268,96.268,115439.0,201512.0,685297.0
2015-12-11,96.268,96.273,96.268,96.273,131290.0,201512.0,690642.0
2015-12-14,96.278,96.288,96.248,96.263,160452.0,201603.0,607096.0
2015-12-15,96.263,96.263,96.228,96.238,124154.0,201603.0,598303.0
2015-12-16,96.233,96.233,96.208,96.213,108925.0,201603.0,603808.0
2015-12-17,96.218,96.223,96.198,96.218,107410.0,201603.0,614879.0
2015-12-18,96.228,96.248,96.228,96.243,103139.0,201603.0,624772.0
2015-12-21,96.233,96.243,96.228,96.243,38680.0,201603.0,605330.0
2015-12-22,96.238,96.238,96.223,96.228,32917.0,201603.0,607091.0
2015-12-23,96.228,96.258,96.218,96.243,46418.0,201603.0,610546.0
2015-12-24,96.248,96.258,96.243,96.253,15279.0,201603.0,603137.0
2015-12-29,96.248,96.258,96.238,96.243,47092.0,201603.0,612478.0
2015-12-30,96.238,96.248,96.238,96.248,32418.0,201603.0,616644.0
2015-12-31,96.248,96.253,96.243,96.248,28028.0,201603.0,613542.0
2016-01-04,96.253,96.258,96.243,96.248,62727.0,201603.0,622656.0
2016-01-05,96.243,96.273,96.243,96.273,54124.0,201603.0,620586.0
2016-01-06,96.278,96.313,96.273,96.308,113926.0,201603.0,632408.0
2016-01-07,96.308,96.318,96.273,96.313,159210.0,201603.0,662002.0
2016-01-08,96.303,96.318,96.268,96.308,121940.0,201603.0,650577.0
2016-01-11,96.303,96.353,96.298,96.343,134615.0,201603.0,644162.0
2016-01-12,96.338,96.383,96.333,96.368,122962.0,201603.0,656517.0
2016-01-13,96.353,96.388,96.353,96.383,132625.0,201603.0,651099.0
2016-01-14,96.383,96.393,96.368,96.388,132091.0,201603.0,663725.0
2016-01-15,96.403,96.438,96.388,96.418,159108.0,201603.0,686257.0
2016-01-18,96.413,96.418,96.393,96.403,44417.0,201603.0,663362.0
2016-01-19,96.388,96.398,96.378,96.398,165792.0,201603.0,705269.0
2016-01-20,96.413,96.423,96.268,96.283,293835.0,201603.0,777135.0
2016-01-21,96.278,96.293,96.248,96.253,201137.0,201603.0,748161.0
2016-01-22,96.243,96.273,96.238,96.268,154581.0,201603.0,751530.0
2016-01-25,96.263,96.273,96.258,96.263,81193.0,201603.0,727560.0
2016-01-26,96.268,96.273,96.243,96.248,87071.0,201603.0,722510.0
2016-01-27,96.248,96.263,96.238,96.258,90170.0,201603.0,725040.0
2016-01-28,96.253,96.268,96.243,96.268,111700.0,201603.0,726799.0
2016-01-29,96.273,96.283,96.258,96.263,98777.0,201603.0,734533.0
2016-02-01,96.263,96.273,96.253,96.258,51791.0,201603.0,729871.0
2016-02-02,96.268,96.278,96.263,96.268,133335.0,201603.0,744993.0
2016-02-03,96.268,96.283,96.258,96.263,114799.0,201603.0,758210.0
2016-02-04,96.253,96.268,96.248,96.258,61921.0,201603.0,745171.0
2016-02-05,96.258,96.273,96.248,96.263,108020.0,201603.0,763454.0
2016-02-08,96.268,96.293,96.268,96.273,82286.0,201603.0,759312.0
2016-02-09,96.268,96.278,96.258,96.268,87487.0,201603.0,766114.0
2016-02-10,96.258,96.263,96.248,96.258,119493.0,201603.0,791299.0
2016-02-11,96.268,96.283,96.253,96.263,147245.0,201603.0,796783.0
2016-02-12,96.258,96.258,96.228,96.233,121528.0,201603.0,799202.0
2016-02-16,96.233,96.233,96.228,96.233,113264.0,201603.0,801217.0
2016-02-17,96.228,96.228,96.213,96.218,143696.0,201603.0,807849.0
2016-02-18,96.218,96.228,96.213,96.223,109865.0,201603.0,796454.0
2016-02-19,96.223,96.228,96.213,96.218,118201.0,201603.0,818144.0
2016-02-22,96.213,96.218,96.208,96.218,88357.0,201603.0,816034.0
2016-02-23,96.213,96.213,96.203,96.203,103881.0,201603.0,825295.0
2016-02-24,96.208,96.213,96.198,96.203,108222.0,201603.0,834465.0
2016-02-25,96.203,96.203,96.198,96.198,101230.0,201603.0,850651.0
2016-02-26,96.198,96.203,96.193,96.193,108713.0,201603.0,862252.0
2016-02-29,96.193,96.198,96.188,96.193,127430.0,201603.0,882213.0
2016-03-01,96.193,96.198,96.178,96.178,110796.0,201603.0,873044.0
2016-03-02,96.178,96.183,96.173,96.173,87315.0,201603.0,872302.0
2016-03-03,96.173,96.183,96.173,96.183,103017.0,201603.0,870297.0
2016-03-04,96.183,96.188,96.178,96.183,95313.0,201603.0,873511.0
2016-03-07,96.188,96.188,96.178,96.183,71254.0,201603.0,877667.0
2016-03-08,96.183,96.188,96.178,96.183,89691.0,201603.0,884920.0
2016-03-09,96.178,96.183,96.168,96.168,159182.0,201603.0,900523.0
2016-03-10,96.173,96.178,96.168,96.168,200555.0,201603.0,887326.0
2016-03-11,96.168,96.168,96.163,96.163,129931.0,201603.0,885241.0
2016-03-14,96.163,96.173,96.153,96.168,116217.0,201606.0,757530.0
2016-03-15,96.173,96.183,96.168,96.178,108434.0,201606.0,749485.0
2016-03-16,96.178,96.193,96.173,96.193,180514.0,201606.0,769499.0
2016-03-17,96.198,96.203,96.193,96.203,84297.0,201606.0,747342.0
2016-03-18,96.198,96.198,96.183,96.188,82499.0,201606.0,748233.0
2016-03-21,96.183,96.183,96.163,96.173,43589.0,201606.0,738010.0
2016-03-22,96.173,96.178,96.163,96.163,96208.0,201606.0,764051.0
2016-03-23,96.163,96.168,96.158,96.168,101829.0,201606.0,776239.0
2016-03-24,96.168,96.173,96.163,96.168,44675.0,201606.0,753471.0
2016-03-28,96.163,96.173,96.163,96.173,37893.0,201606.0,745942.0
2016-03-29,96.168,96.178,96.163,96.173,145715.0,201606.0,770163.0
2016-03-30,96.173,96.173,96.153,96.153,51421.0,201606.0,752344.0
2016-03-31,96.153,96.158,96.133,96.143,136329.0,201606.0,774724.0
2016-04-01,96.148,96.153,96.133,96.138,94596.0,201606.0,767675.0
2016-04-04,96.143,96.143,96.133,96.138,52626.0,201606.0,744944.0
2016-04-05,96.148,96.148,96.138,96.148,75678.0,201606.0,761658.0
2016-04-06,96.143,96.153,96.138,96.148,105649.0,201606.0,769682.0
2016-04-07,96.148,96.163,96.143,96.163,116874.0,201606.0,757397.0
2016-04-08,96.158,96.158,96.143,96.153,144378.0,201606.0,764686.0
2016-04-11,96.148,96.148,96.133,96.143,93445.0,201606.0,749040.0
2016-04-12,96.138,96.138,96.128,96.128,61542.0,201606.0,751529.0
2016-04-13,96.133,96.138,96.118,96.128,121092.0,201606.0,775639.0
2016-04-14,96.128,96.133,96.118,96.118,73507.0,201606.0,765690.0
2016-04-15,96.118,96.123,96.093,96.098,131332.0,201606.0,779750.0
2016-04-18,96.098,96.103,96.083,96.088,83078.0,201606.0,778088.0
2016-04-19,96.083,96.088,96.058,96.078,119909.0,201606.0,797263.0
2016-04-20,96.068,96.088,96.063,96.078,147336.0,201606.0,802414.0
2016-04-21,96.083,96.088,96.063,96.068,90483.0,201606.0,812960.0
2016-04-22,96.073,96.078,96.048,96.058,161560.0,201606.0,831781.0
2016-04-25,96.058,96.068,96.043,96.048,129946.0,201606.0,805684.0
2016-04-26,96.048,96.063,96.043,96.053,80907.0,201606.0,792930.0
2016-04-27,96.058,96.068,96.048,96.053,134555.0,201606.0,795058.0
2016-04-28,96.058,96.063,96.038,96.043,87641.0,201606.0,779518.0
2016-04-29,96.043,96.053,96.038,96.043,72749.0,201606.0,777809.0
2016-05-02,96.043,96.068,96.038,96.068,105943.0,201606.0,780854.0
2016-05-03,96.073,96.088,96.068,96.078,113988.0,201606.0,775140.0
2016-05-04,96.083,96.103,96.078,96.103,152316.0,201606.0,796448.0
2016-05-05,96.098,96.103,96.083,96.098,105072.0,201606.0,779208.0
2016-05-06,96.088,96.108,96.088,96.103,134968.0,201606.0,800382.0
2016-05-09,96.098,96.118,96.098,96.118,90724.0,201606.0,757538.0
2016-05-10,96.113,96.133,96.113,96.128,121472.0,201606.0,766136.0
2016-05-11,96.128,96.133,96.123,96.123,163120.0,201606.0,772414.0
2016-05-12,96.118,96.123,96.103,96.108,77003.0,201606.0,740780.0
2016-05-13,96.108,96.113,96.103,96.113,76948.0,201606.0,745413.0
2016-05-16,96.113,96.113,96.108,96.113,45936.0,201606.0,743565.0
2016-05-17,96.113,96.128,96.113,96.113,93853.0,201606.0,763670.0
2016-05-18,96.113,96.118,96.103,96.103,155477.0,201606.0,785535.0
2016-05-19,96.103,96.108,96.088,96.103,119523.0,201606.0,790131.0
2016-05-20,96.098,96.113,96.093,96.108,57192.0,201606.0,768254.0
2016-05-24,96.103,96.118,96.103,96.113,51731.0,201606.0,767353.0
2016-05-25,96.113,96.128,96.108,96.118,73090.0,201606.0,773686.0
2016-05-26,96.113,96.118,96.113,96.118,64303.0,201606.0,768056.0
2016-05-27,96.118,96.123,96.113,96.118,55569.0,201606.0,769355.0
2016-05-30,96.113,96.123,96.113,96.118,28096.0,201606.0,772704.0
2016-05-31,96.118,96.123,96.113,96.123,120636.0,201606.0,797152.0
2016-06-01,96.123,96.128,96.118,96.123,138349.0,201606.0,786006.0
2016-06-02,96.123,96.138,96.123,96.133,115945.0,201606.0,774141.0
2016-06-03,96.133,96.153,96.128,96.153,191459.0,201606.0,823352.0
2016-06-06,96.148,96.158,96.143,96.143,115695.0,201606.0,770364.0
2016-06-07,96.143,96.148,96.143,96.143,78274.0,201606.0,742646.0
2016-06-08,96.143,96.148,96.138,96.148,67866.0,201606.0,743419.0
2016-06-09,96.143,96.148,96.143,96.148,85671.0,201606.0,746745.0
2016-06-10,96.148,96.148,96.143,96.148,102278.0,201606.0,750614.0
2016-06-13,96.153,96.158,96.143,96.148,97267.0,201609.0,647280.0
2016-06-14,96.153,96.158,96.138,96.143,141514.0,201609.0,676180.0
2016-06-15,96.138,96.163,96.133,96.153,91047.0,201609.0,657858.0
2016-06-16,96.158,96.168,96.148,96.148,120014.0,201609.0,639629.0
2016-06-17,96.148,96.158,96.133,96.138,114002.0,201609.0,641160.0
2016-06-20,96.133,96.133,96.103,96.108,89656.0,201609.0,617832.0
2016-06-21,96.103,96.113,96.103,96.103,76558.0,201609.0,604485.0
2016-06-22,96.103,96.123,96.103,96.118,82992.0,201609.0,603347.0
2016-06-23,96.108,96.113,96.093,96.103,82916.0,201609.0,603397.0
2016-06-24,96.198,96.208,96.138,96.153,98607.0,201609.0,618773.0
2016-06-27,96.163,96.168,96.158,96.163,104581.0,201609.0,616611.0
2016-06-28,96.153,96.158,96.148,96.153,86095.0,201609.0,586861.0
2016-06-29,96.148,96.153,96.133,96.143,77606.0,201609.0,581510.0
2016-06-30,96.138,96.158,96.138,96.153,92568.0,201609.0,565349.0
2016-07-04,96.158,96.158,96.148,96.153,24666.0,201609.0,566736.0
2016-07-05,96.163,96.168,96.148,96.158,94047.0,201609.0,575270.0
2016-07-06,96.163,96.173,96.153,96.158,91117.0,201609.0,579097.0
2016-07-07,96.158,96.168,96.148,96.168,60906.0,201609.0,565020.0
2016-07-08,96.163,96.173,96.158,96.173,107982.0,201609.0,571491.0
2016-07-11,96.168,96.173,96.158,96.173,63615.0,201609.0,565018.0
2016-07-12,96.168,96.173,96.158,96.163,85477.0,201609.0,575187.0
2016-07-13,96.173,96.188,96.148,96.158,130347.0,201609.0,597655.0
2016-07-14,96.148,96.158,96.133,96.138,77755.0,201609.0,591921.0
2016-07-15,96.138,96.138,96.113,96.118,121012.0,201609.0,615671.0
2016-07-18,96.123,96.123,96.108,96.113,81591.0,201609.0,617051.0
2016-07-19,96.123,96.123,96.113,96.118,73568.0,201609.0,576796.0
2016-07-20,96.118,96.118,96.103,96.108,104987.0,201609.0,602959.0
2016-07-21,96.113,96.113,96.103,96.108,80377.0,201609.0,598907.0
2016-07-22,96.113,96.118,96.103,96.113,94693.0,201609.0,606317.0
2016-07-25,96.108,96.123,96.108,96.113,64601.0,201609.0,601494.0
2016-07-26,96.118,96.118,96.103,96.108,81082.0,201609.0,615277.0
2016-07-27,96.108,96.113,96.098,96.113,83380.0,201609.0,624089.0
2016-07-28,96.113,96.118,96.103,96.113,90874.0,201609.0,638343.0
2016-07-29,96.113,96.128,96.108,96.123,90563.0,201609.0,652712.0
2016-08-02,96.118,96.123,96.108,96.118,76599.0,201609.0,652394.0
2016-08-03,96.118,96.123,96.113,96.118,68981.0,201609.0,659465.0
2016-08-04,96.123,96.133,96.118,96.128,83285.0,201609.0,673108.0
2016-08-05,96.128,96.148,96.118,96.148,185657.0,201609.0,682940.0
2016-08-08,96.148,96.153,96.138,96.148,96019.0,201609.0,678653.0
2016-08-09,96.153,96.153,96.138,96.148,82108.0,201609.0,672308.0
2016-08-10,96.148,96.153,96.143,96.148,87709.0,201609.0,656048.0
2016-08-11,96.148,96.148,96.138,96.138,69835.0,201609.0,654968.0
2016-08-12,96.143,96.148,96.138,96.138,81731.0,201609.0,657304.0
2016-08-15,96.138,96.143,96.133,96.138,43226.0,201609.0,643136.0
2016-08-16,96.138,96.138,96.123,96.128,116428.0,201609.0,660753.0
2016-08-17,96.123,96.128,96.123,96.128,110769.0,201609.0,666010.0
2016-08-18,96.128,96.138,96.123,96.128,108784.0,201609.0,688635.0
2016-08-19,96.128,96.133,96.123,96.128,79500.0,201609.0,686322.0
2016-08-22,96.128,96.138,96.128,96.133,66961.0,201609.0,693999.0
2016-08-23,96.133,96.138,96.128,96.128,58363.0,201609.0,666979.0
2016-08-24,96.133,96.133,96.123,96.128,57794.0,201609.0,663884.0
2016-08-25,96.128,96.133,96.123,96.123,59751.0,201609.0,659961.0
2016-08-26,96.123,96.133,96.118,96.118,107638.0,201609.0,675515.0
2016-08-29,96.123,96.133,96.123,96.128,69331.0,201609.0,678891.0
2016-08-30,96.128,96.128,96.123,96.123,39712.0,201609.0,676251.0
2016-08-31,96.128,96.133,96.123,96.128,47713.0,201609.0,682882.0
2016-09-01,96.128,96.133,96.123,96.128,80597.0,201609.0,693638.0
2016-09-02,96.128,96.128,96.123,96.123,73975.0,201609.0,697593.0
2016-09-06,96.128,96.133,96.123,96.128,78919.0,201609.0,707544.0
2016-09-07,96.128,96.138,96.128,96.138,151122.0,201609.0,758993.0
2016-09-08,96.138,96.138,96.128,96.128,104211.0,201609.0,746511.0
2016-09-09,96.128,96.133,96.128,96.128,91595.0,201609.0,749395.0
2016-09-12,96.133,96.133,96.128,96.133,50124.0,201609.0,740089.0
2016-09-13,96.133,96.133,96.128,96.133,106848.0,201609.0,757627.0
2016-09-14,96.133,96.133,96.128,96.133,102363.0,201609.0,769063.0
2016-09-15,96.133,96.133,96.133,96.133,79408.0,201609.0,758230.0
2016-09-16,96.128,96.133,96.128,96.133,90958.0,201609.0,758707.0
2016-09-19,96.138,96.138,96.128,96.133,80892.0,201612.0,668425.0
2016-09-20,96.133,96.143,96.133,96.138,95415.0,201612.0,678320.0
2016-09-21,96.133,96.138,96.118,96.138,75070.0,201612.0,670753.0
2016-09-22,96.138,96.143,96.133,96.138,76743.0,201612.0,672211.0
2016-09-23,96.138,96.183,96.138,96.178,227693.0,201612.0,757667.0
2016-09-26,96.178,96.193,96.178,96.188,115326.0,201612.0,727335.0
2016-09-27,96.188,96.193,96.183,96.188,110828.0,201612.0,713075.0
2016-09-28,96.183,96.198,96.168,96.168,120146.0,201612.0,708594.0
2016-09-29,96.168,96.188,96.158,96.183,92713.0,201612.0,697088.0
2016-09-30,96.188,96.188,96.153,96.158,133948.0,201612.0,710269.0
2016-10-03,96.158,96.163,96.153,96.158,63912.0,201612.0,683152.0
2016-10-04,96.158,96.163,96.148,96.153,97934.0,201612.0,693989.0
2016-10-05,96.148,96.158,96.138,96.138,110802.0,201612.0,701624.0
2016-10-06,96.143,96.148,96.138,96.148,150294.0,201612.0,722001.0
2016-10-07,96.143,96.148,96.128,96.133,130920.0,201612.0,718686.0
2016-10-11,96.128,96.133,96.118,96.123,111636.0,201612.0,690895.0
2016-10-12,96.123,96.123,96.118,96.118,109193.0,201612.0,687223.0
2016-10-13,96.123,96.123,96.108,96.108,154328.0,201612.0,718959.0
2016-10-14,96.108,96.113,96.098,96.103,148098.0,201612.0,727889.0
2016-10-17,96.098,96.123,96.098,96.113,115608.0,201612.0,740248.0
2016-10-18,96.113,96.123,96.113,96.118,80388.0,201612.0,730100.0
2016-10-19,96.118,96.138,96.108,96.133,235226.0,201612.0,816108.0
2016-10-20,96.133,96.143,96.128,96.143,144982.0,201612.0,788447.0
2016-10-21,96.143,96.168,96.138,96.158,239684.0,201612.0,811557.0
2016-10-24,96.163,96.173,96.153,96.158,123564.0,201612.0,777422.0
2016-10-25,96.158,96.158,96.143,96.153,162160.0,201612.0,774935.0
2016-10-26,96.153,96.153,96.148,96.153,111844.0,201612.0,770829.0
2016-10-27,96.148,96.153,96.138,96.143,177954.0,201612.0,816026.0
2016-10-28,96.143,96.158,96.143,96.158,89131.0,201612.0,780452.0
2016-10-31,96.153,96.163,96.153,96.158,58414.0,201612.0,768838.0
2016-11-01,96.153,96.163,96.148,96.158,123094.0,201612.0,779355.0
2016-11-02,96.153,96.168,96.153,96.163,132001.0,201612.0,785339.0
2016-11-03,96.163,96.168,96.163,96.163,67043.0,201612.0,780910.0
2016-11-04,96.163,96.178,96.158,96.178,147570.0,201612.0,803601.0
2016-11-07,96.173,96.173,96.163,96.168,96727.0,201612.0,785092.0
2016-11-08,96.168,96.173,96.153,96.163,102878.0,201612.0,789177.0
2016-11-09,96.168,96.183,96.148,96.153,276462.0,201612.0,882013.0
2016-11-10,96.153,96.158,96.138,96.143,243845.0,201612.0,855470.0
2016-11-14,96.133,96.148,96.133,96.143,214426.0,201612.0,853713.0
2016-11-15,96.143,96.148,96.138,96.143,122216.0,201612.0,835080.0
2016-11-16,96.138,96.148,96.138,96.143,109067.0,201612.0,836298.0
2016-11-17,96.148,96.148,96.138,96.138,92042.0,201612.0,846181.0
2016-11-18,96.143,96.148,96.138,96.143,97737.0,201612.0,855851.0
2016-11-21,96.148,96.148,96.143,96.143,48984.0,201612.0,836156.0
2016-11-22,96.148,96.158,96.138,96.153,97244.0,201612.0,872552.0
2016-11-23,96.153,96.158,96.143,96.153,93047.0,201612.0,860881.0
2016-11-24,96.148,96.153,96.143,96.148,11834.0,201612.0,843327.0
2016-11-25,96.153,96.158,96.153,96.158,43872.0,201612.0,856775.0
2016-11-28,96.158,96.163,96.153,96.163,85862.0,201612.0,883513.0
2016-11-29,96.153,96.158,96.153,96.153,71588.0,201612.0,891877.0
2016-11-30,96.153,96.153,96.138,96.143,145793.0,201612.0,928172.0
2016-12-01,96.138,96.143,96.133,96.138,219110.0,201612.0,986198.0
2016-12-02,96.133,96.143,96.128,96.143,96674.0,201612.0,947206.0
2016-12-05,96.138,96.143,96.133,96.143,106735.0,201612.0,952824.0
2016-12-06,96.143,96.148,96.138,96.143,69336.0,201612.0,948527.0
2016-12-07,96.143,96.143,96.133,96.138,128084.0,201612.0,986625.0
2016-12-08,96.133,96.138,96.128,96.138,101236.0,201612.0,961124.0
2016-12-09,96.138,96.143,96.133,96.138,81561.0,201612.0,961562.0
2016-12-12,96.138,96.143,96.138,96.138,90271.0,201612.0,958989.0
2016-12-13,96.143,96.143,96.128,96.133,160319.0,201612.0,1003916.0
2016-12-14,96.133,96.133,96.123,96.123,190281.0,201612.0,1029738.0
2016-12-15,96.123,96.123,96.108,96.108,217837.0,201612.0,1051983.0
2016-12-16,96.113,96.118,96.108,96.113,130173.0,201612.0,1049139.0
2016-12-19,96.108,96.133,96.108,96.128,89622.0,201703.0,907645.0
2016-12-20,96.123,96.128,96.108,96.113,107288.0,201703.0,919453.0
2016-12-21,96.118,96.123,96.108,96.118,84626.0,201703.0,940381.0
2016-12-22,96.113,96.133,96.113,96.128,110372.0,201703.0,944258.0
2016-12-23,96.128,96.143,96.123,96.138,57358.0,201703.0,936183.0
2016-12-28,96.138,96.153,96.133,96.148,95679.0,201703.0,972137.0
2016-12-29,96.148,96.163,96.143,96.158,67252.0,201703.0,936912.0
2016-12-30,96.163,96.163,96.153,96.158,47650.0,201703.0,936688.0
