Date,Open,High,Low,Close,Volume,Turnover,Unadjusted Close,Dividend,Constituent_S&P 500,Constituent_S&P MidCap 400,Constituent_S&P SmallCap 600
2006-08-24,45.31228,45.31228,45.03642,45.1877,44950.29,2027512.0,50.78,0.0,0,0,0
2006-08-25,45.294483,45.365673,45.294483,45.365673,3820.7744,173075.0,50.98,0.0,0,0,0
2006-08-28,45.25889,45.561443,45.25889,45.561443,224.75143,10206.0,51.2,0.0,0,0,0
2006-08-29,45.374573,45.374573,45.338978,45.338978,13147.959,596461.0,50.95,0.0,0,0,0
2006-08-30,45.8729,45.917393,45.8729,45.917393,4382.653,201087.0,51.6,0.0,0,0,0
2006-08-31,45.926292,46.015278,45.890697,45.99748,7978.676,366587.0,51.69,0.0,0,0,0
2006-09-01,46.184357,46.380127,46.184357,46.380127,561.8786,26016.0,52.12,0.0,0,0,0
2006-09-05,46.317833,46.451317,46.317833,46.433517,1910.3872,88571.0,52.18,0.0,0,0,0
2006-09-06,46.246647,46.246647,45.890697,45.890697,1236.1329,57112.0,51.57,0.0,0,0,0
2006-09-07,45.66823,45.66823,45.410164,45.46356,1011.3815,46078.0,51.09,0.0,0,0,0
2006-09-08,45.561443,45.561443,45.38347,45.38347,11012.82,501198.0,51.0,0.0,0,0,0
2006-09-11,45.161003,45.516953,45.161003,45.516953,1460.8843,66338.0,51.15,0.0,0,0,0
2006-09-12,45.694923,46.228848,45.694923,46.228848,2584.6416,118811.0,51.95,0.0,0,0,0
2006-09-13,46.406822,46.682682,46.300037,46.682682,1348.5087,62583.0,52.46,0.0,0,0,0
2006-09-14,46.549202,46.549202,46.513607,46.513607,449.50287,20916.0,52.27,0.0,0,0,0
2006-09-15,46.744972,46.744972,46.531406,46.531406,1123.7572,52434.0,52.29,0.0,0,0,0
2006-09-18,46.70048,47.13652,46.584797,46.673786,39893.38,1860977.0,52.45,0.0,0,0,0
2006-09-19,47.394577,47.394577,46.20215,46.20215,2359.8901,109713.0,51.92,0.0,0,0,0
2006-09-20,46.718277,46.887352,46.718277,46.718277,1460.8843,68352.0,52.5,0.0,0,0,0
2006-09-21,46.887352,46.887352,46.442417,46.469116,1011.3815,47108.0,52.22,0.0,0,0,0
2006-09-22,46.282238,46.282238,45.93519,45.970783,786.63,36199.0,51.66,0.0,0,0,0
2006-09-25,46.006382,46.086468,45.748318,46.086468,561.8786,25787.0,51.79,0.0,0,0,0
2006-09-26,46.602592,46.842857,46.602592,46.83396,2472.2659,115531.0,52.63,0.0,0,0,0
2006-09-27,46.940746,47.02973,46.887352,46.887352,7416.7974,348241.0,52.69,0.0,0,0,0
2006-09-28,47.074226,47.074226,46.83396,46.83396,13147.959,615996.0,52.63,0.0,0,0,0
2006-09-29,46.99414,46.99414,46.753872,46.77167,13822.213,646670.0,52.56,0.0,0,0,0
2006-10-02,46.673786,46.780567,46.433517,46.433517,1798.0115,83944.0,52.18,0.0,0,0,0
2006-10-03,46.059772,46.41572,46.033077,46.095367,21014.26,972704.0,51.8,0.0,0,0,0
2006-10-04,46.184357,46.85176,46.184357,46.82506,4382.653,203363.0,52.62,0.0,0,0,0
2006-10-05,47.145416,47.483566,47.02973,47.439075,13597.462,644493.0,53.31,0.0,0,0,0
2006-10-06,47.05643,47.278896,46.99414,47.11872,15957.352,751871.0,52.95,0.0,0,0,0
2006-10-09,47.145416,47.439075,47.13652,47.2433,3820.7744,180822.0,53.09,0.0,0,0,0
2006-10-10,47.32339,47.456875,47.32339,47.421276,1123.7572,53274.0,53.29,0.0,0,0,0
2006-10-11,47.216606,47.376785,47.189907,47.189907,2022.763,95560.0,53.03,0.0,0,0,0
2006-10-12,47.51026,47.866215,47.51026,47.866215,2584.6416,123079.0,53.79,0.0,0,0,0
2006-10-13,47.866215,48.124275,47.866215,47.972996,18204.867,873708.0,53.91,0.0,0,0,0
2006-10-16,48.14207,48.480225,48.14207,48.43573,13035.583,631209.0,54.43,0.0,0,0,0
2006-10-17,48.07978,48.07978,47.830616,47.981895,13934.589,668108.0,53.92,0.0,0,0,0
2006-10-18,48.257755,48.257755,47.75053,47.82172,14384.092,688632.0,53.74,0.0,0,0,0
2006-10-19,48.09758,48.10648,47.99969,48.09758,12024.202,578314.0,54.05,0.0,0,0,0
2006-10-20,47.90181,47.90181,47.777225,47.777225,12136.577,580032.0,53.69,0.0,0,0,0
2006-10-23,47.74163,48.07978,47.74163,47.9641,12136.577,582292.0,53.9,0.0,0,0,0
2006-10-24,48.008595,48.15097,47.972996,48.124275,12698.456,611084.0,54.08,0.0,0,0,0
2006-10-25,48.053085,48.320045,48.053085,48.320045,2472.2659,119221.0,54.3,0.0,0,0,0
2006-10-26,48.57811,48.57811,48.382336,48.524715,1123.7572,54471.0,54.53,0.0,0,0,0
2006-10-27,48.70269,48.70269,48.37344,48.37344,3820.7744,185641.0,54.36,0.0,0,0,0
2006-10-30,48.30225,48.480225,48.177666,48.36454,12810.832,619684.0,54.35,0.0,0,0,0
2006-10-31,48.36454,48.37344,48.133175,48.133175,4495.029,216902.0,54.09,0.0,0,0,0
2006-11-01,48.417934,48.417934,47.554756,47.572556,17081.11,815580.0,53.46,0.0,0,0,0
2006-11-02,47.421276,47.661545,47.421276,47.563656,13372.711,636083.0,53.45,0.0,0,0,0
2006-11-03,47.777225,47.777225,47.51026,47.634846,14945.971,711834.0,53.53,0.0,0,0,0
2006-11-06,47.88401,48.42683,47.88401,48.32895,11125.196,537582.0,54.31,0.0,0,0,0
2006-11-07,48.417934,48.667095,48.417934,48.462425,19216.248,931479.0,54.46,0.0,0,0,0
2006-11-08,48.39124,48.747185,48.39124,48.675995,18654.37,907452.0,54.7,0.0,0,0,0
2006-11-09,48.78278,48.898464,48.39124,48.400135,18541.994,898101.0,54.39,0.0,0,0,0
2006-11-10,48.480225,48.51582,48.35564,48.49802,18991.496,920664.0,54.5,0.0,0,0,0
2006-11-13,48.622604,48.80058,48.622604,48.729385,26745.422,1303435.0,54.76,0.0,0,0,0
2006-11-14,48.827274,49.165424,48.675995,49.165424,25172.16,1232692.0,55.25,0.0,0,0,0
2006-11-15,49.3345,49.69935,49.25441,49.49468,33263.21,1645298.0,55.62,0.0,0,0,0
2006-11-16,49.601463,49.601463,49.43239,49.459084,4045.526,200210.0,55.58,0.0,0,0,0
2006-11-17,49.25441,49.387894,49.201023,49.387894,2247.5144,110776.0,55.5,0.0,0,0,0
2006-11-20,49.325603,49.54807,49.325603,49.450184,6854.919,339131.0,55.57,0.0,0,0,0
2006-11-21,49.56587,49.70825,49.56587,49.70825,2247.5144,111571.0,55.86,0.0,0,0,0
2006-11-22,49.97521,50.09979,49.83283,50.09979,7304.422,365045.0,56.3,0.0,0,0,0
2006-11-24,49.904022,50.108692,49.904022,50.09979,3820.7744,191201.0,56.3,0.0,0,0,0
2006-11-27,50.019703,50.019703,49.12983,49.12983,15170.722,747427.0,55.21,0.0,0,0,0
2006-11-28,48.951855,49.28111,48.951855,49.28111,2697.0173,132432.0,55.38,0.0,0,0,0
2006-11-29,49.56587,49.77054,49.56587,49.77054,2584.6416,128297.0,55.93,0.0,0,0,0
2006-11-30,49.921814,49.921814,49.89512,49.89512,1573.26,78525.0,56.07,0.0,0,0,0
2006-12-01,50.117588,50.117588,49.601463,49.601463,3483.6472,173867.0,55.74,0.0,0,0,0
2006-12-04,50.24217,50.66041,50.24217,50.58922,21014.26,1063027.0,56.85,0.0,0,0,0
2006-12-05,50.482437,50.687107,50.44684,50.624813,75741.234,3827538.0,56.89,0.0,0,0,0
2006-12-06,50.580322,50.784992,50.580322,50.696007,47085.426,2388719.0,56.97,0.0,0,0,0
2006-12-07,50.873978,50.873978,50.464638,50.482437,50906.2,2586412.0,56.73,0.0,0,0,0
2006-12-08,50.482437,50.740498,50.366753,50.562523,28655.809,1448499.0,56.82,0.0,0,0,0
2006-12-11,50.340057,50.420143,50.340057,50.420143,6180.6646,311161.0,56.66,0.0,0,0,0
2006-12-12,50.340057,50.348957,49.948513,49.948513,3034.1443,152116.0,56.13,0.0,0,0,0
2006-12-13,50.30446,50.30446,50.028603,50.144283,5281.6587,264844.0,56.35,0.0,0,0,0
2006-12-14,50.277767,50.571426,50.277767,50.571426,12024.202,606364.0,56.83,0.0,0,0,0
2006-12-15,50.571426,50.571426,50.331158,50.331158,5731.1616,289207.0,56.56,0.0,0,0,0
2006-12-18,50.45574,50.464638,49.904022,49.904022,4607.4043,230826.0,56.08,0.0,0,0,0
2006-12-19,49.441288,50.046402,49.441288,50.028603,7978.676,396409.0,56.22,0.0,0,0,0
2006-12-20,50.064194,50.188778,49.868423,49.912918,2359.8901,118030.0,56.09,0.0,0,0,0
2006-12-21,50.001904,50.001904,49.54807,49.54807,4944.5317,246299.0,55.68,0.0,0,0,0
2006-12-22,49.522163,49.522163,49.361378,49.414974,7164.7915,354524.0,55.32,0.0,0,0,0
2006-12-26,49.334583,49.38818,49.316715,49.316715,2015.0977,99437.0,55.21,0.0,0,0,0
2006-12-27,49.665085,49.808006,49.665085,49.808006,6157.2427,305911.0,55.76,0.0,0,0,0
2006-12-28,49.8884,49.8884,49.700817,49.78121,3918.2454,195059.0,55.73,0.0,0,0,0
2006-12-29,49.67402,49.67402,49.42391,49.522163,2462.8972,122250.0,55.44,0.0,0,0,0
2007-01-03,49.665085,49.852673,48.97728,49.29885,19031.479,943260.0,55.19,0.0,0,0,0
2007-01-04,49.075535,49.5043,49.075535,49.49537,4142.145,204010.0,55.41,0.0,0,0,0
2007-01-05,49.29885,49.307785,49.084473,49.182728,10299.388,506491.0,55.06,0.0,0,0,0
2007-01-08,49.29885,49.593628,49.218456,49.459637,5485.5435,271518.0,55.37,0.0,0,0,0
2007-01-09,49.450706,49.557896,49.182728,49.557896,9963.538,492712.0,55.48,0.0,0,0,0
2007-01-10,49.42391,49.861603,49.361378,49.852673,6269.193,311242.0,55.81,0.0,0,0,0
2007-01-11,50.254635,50.424355,50.183178,50.281437,13322.034,669948.0,56.29,0.0,0,0,0
2007-01-12,50.41542,50.719128,50.41542,50.719128,3358.496,169922.0,56.78,0.0,0,0,0
2007-01-16,50.906715,50.915646,50.665535,50.710197,29330.865,1490132.0,56.77,0.0,0,0,0
2007-01-17,50.772724,50.960308,50.736996,50.772724,10747.1875,546858.0,56.84,0.0,0,0,0
2007-01-18,50.74593,50.74593,50.16531,50.317165,7276.7417,366648.0,56.33,0.0,0,0,0
2007-01-19,50.22784,50.60301,50.22784,50.60301,10523.288,530513.0,56.65,0.0,0,0,0
2007-01-22,50.57621,50.57621,50.254635,50.361828,10075.488,507494.0,56.38,0.0,0,0,0
2007-01-23,50.388626,50.86205,50.388626,50.719128,4925.7944,249389.0,56.78,0.0,0,0,0
2007-01-24,50.86205,51.174694,50.78166,51.174694,11194.987,570558.0,57.29,0.0,0,0,0
2007-01-25,51.031773,51.174694,50.370758,51.174694,22725.824,1153013.0,57.29,0.0,0,0,0
2007-01-26,50.50475,50.61194,50.236774,50.54048,7500.641,377612.0,56.58,0.0,0,0,0
2007-01-29,50.62087,50.835255,50.54048,50.558342,3358.496,170157.0,56.6,0.0,0,0,0
2007-01-30,50.638737,50.879917,50.629807,50.879917,5373.5938,272716.0,56.96,0.0,0,0,0
2007-01-31,50.74593,51.41587,50.74593,51.406937,4030.1953,206034.0,57.55,0.0,0,0,0
2007-02-01,51.505196,51.746376,51.505196,51.639187,7836.4907,404698.0,57.81,0.0,0,0,0
2007-02-02,51.871433,51.969692,51.746376,51.951824,4254.095,220825.0,58.16,0.0,0,0,0
2007-02-05,52.10368,52.130478,51.978622,52.04115,11978.636,623741.0,58.26,0.0,0,0,0
2007-02-06,52.237667,52.237667,51.942894,52.219803,11530.837,600903.0,58.46,0.0,0,0,0
2007-02-07,52.326996,52.52351,52.25553,52.335926,17016.38,892401.0,58.59,0.0,0,0,0
2007-02-08,52.398453,52.6039,52.31806,52.52351,19927.076,1045187.0,58.8,0.0,0,0,0
2007-02-09,52.70216,52.70216,51.72851,52.04115,26084.32,1357367.0,58.26,0.0,0,0,0
2007-02-12,51.92503,51.92503,51.567722,51.612385,12202.536,630462.0,57.78,0.0,0,0,0
2007-02-13,51.880367,51.951824,51.76424,51.90716,8955.989,464759.0,58.11,0.0,0,0,0
2007-02-14,52.237667,52.62177,52.237667,52.532444,5821.393,305525.0,58.81,0.0,0,0,0
2007-02-15,52.577106,52.80042,52.577106,52.764687,24740.922,1304253.0,59.07,0.0,0,0,0
2007-02-16,52.773624,52.773624,52.6039,52.746822,20262.926,1067599.0,59.05,0.0,0,0,0
2007-02-20,52.69323,53.095192,52.55924,53.059464,17576.129,929950.0,59.4,0.0,0,0,0
2007-02-21,52.961205,53.19345,52.827217,53.18452,40190.004,2133389.0,59.54,0.0,0,0,0
2007-02-22,53.336372,53.443565,53.0148,53.229183,23621.422,1257171.0,59.59,0.0,0,0,0
2007-02-23,53.264915,53.264915,53.13986,53.238113,34256.66,1822621.0,59.6,0.0,0,0,0
2007-02-26,53.43463,53.43463,52.880814,53.005867,30450.365,1623772.0,59.34,0.0,0,0,0
2007-02-27,52.21087,52.28233,50.763794,51.112164,21942.174,1130663.0,57.22,0.0,0,0,0
2007-02-28,51.121094,51.558792,50.728065,51.34441,26084.32,1336634.0,57.48,0.0,0,0,0
2007-03-01,50.201042,51.326546,50.02239,51.040703,16232.731,820470.0,57.14,0.0,0,0,0
2007-03-02,50.88885,51.076435,50.245705,50.245705,41197.55,2088576.0,56.25,0.0,0,0,0
2007-03-05,49.665085,50.236774,49.48644,49.48644,18695.629,932634.0,55.4,0.0,0,0,0
2007-03-06,50.138515,50.522614,49.950928,50.486885,21606.324,1083280.0,56.52,0.0,0,0,0
2007-03-07,50.2993,50.74593,50.2993,50.460087,11083.037,559751.0,56.49,0.0,0,0,0
2007-03-08,51.076435,51.228287,50.906715,50.906715,10635.237,543563.0,56.99,0.0,0,0,0
2007-03-09,51.228287,51.228287,50.808456,51.013905,19255.377,983287.0,57.11,0.0,0,0,0
2007-03-12,51.085365,51.37121,51.02284,51.219353,12538.386,642790.0,57.34,0.0,0,0,0
2007-03-13,51.076435,51.156826,50.281437,50.281437,9627.688,488444.0,56.29,0.0,0,0,0
2007-03-14,50.41542,50.60301,49.665085,50.47795,12538.386,627213.0,56.51,0.0,0,0,0
2007-03-15,50.638737,50.942444,50.638737,50.82632,59781.23,3039084.0,56.9,0.0,0,0,0
2007-03-16,50.710197,50.951378,50.522614,50.665535,10747.1875,544787.0,56.72,0.0,0,0,0
2007-03-19,51.085365,51.34441,50.969242,51.23722,7052.842,360899.0,57.36,0.0,0,0,0
2007-03-20,51.398006,51.54986,51.281883,51.505196,8844.04,455114.0,57.66,0.0,0,0,0
2007-03-21,51.72851,52.532444,51.62132,52.398453,15225.183,794091.0,58.66,0.0,0,0,0
2007-03-22,52.62181,52.62181,52.36272,52.523533,33355.37,1751599.0,58.79,0.0,0,0,0
2007-03-23,52.809425,52.809425,52.595005,52.72902,13655.555,719303.0,59.02,0.0,0,0,0
2007-03-26,52.863026,52.863026,52.19297,52.603943,21826.502,1146330.0,58.88,0.0,0,0,0
2007-03-27,52.398457,52.42526,52.273376,52.42526,23393.533,1224750.0,58.68,0.0,0,0,0
2007-03-28,52.130432,52.130432,51.81774,51.916016,15222.586,791239.0,58.11,0.0,0,0,0
2007-03-29,52.282314,52.282314,51.674793,51.933884,8954.462,464880.0,58.13,0.0,0,0,0
2007-03-30,52.10363,52.228706,51.746265,51.889214,14662.932,762955.0,58.08,0.0,0,0,0
2007-04-02,52.085762,52.246574,51.92495,52.246574,5260.7466,274007.0,58.48,0.0,0,0,0
2007-04-03,52.505665,52.71115,52.460995,52.69328,3805.6465,200198.0,58.98,0.0,0,0,0
2007-04-04,52.702217,52.791557,52.559273,52.791557,17573.133,925807.0,59.09,0.0,0,0,0
2007-04-05,52.809425,53.032776,52.764755,53.02384,29325.863,1553057.0,59.35,0.0,0,0,0
2007-04-09,53.220394,53.22933,52.97917,53.095314,17013.479,904621.0,59.43,0.0,0,0,0
2007-04-10,53.02384,53.247192,53.02384,53.220394,6939.7085,368952.0,59.57,0.0,0,0,0
2007-04-11,53.291866,53.291866,52.791557,52.863026,12312.386,652018.0,59.17,0.0,0,0,0
2007-04-12,52.77369,53.399075,52.77369,53.399075,8730.601,463067.0,59.77,0.0,0,0,0
2007-04-13,53.51522,53.533085,53.202522,53.506283,11193.078,597817.0,59.89,0.0,0,0,0
2007-04-16,53.818977,53.970856,53.702835,53.926186,6939.7085,373870.0,60.36,0.0,0,0,0
2007-04-17,54.095932,54.1138,53.836845,53.961926,33803.094,1826043.0,60.4,0.0,0,0,0
2007-04-18,53.91725,54.024464,53.658165,53.952988,3917.5771,211072.0,60.39,0.0,0,0,0
2007-04-19,53.550953,53.854713,53.416943,53.702835,7275.5005,390362.0,60.11,0.0,0,0,0
2007-04-20,54.39076,54.39076,53.97979,54.069134,7835.1543,423841.0,60.52,0.0,0,0,0
2007-04-23,54.229946,54.497967,54.229946,54.426495,28430.418,1546166.0,60.92,0.0,0,0,0
2007-04-24,54.614113,54.614113,54.185276,54.426495,12648.178,688296.0,60.92,0.0,0,0,0
2007-04-25,54.85533,55.00721,54.381824,54.9,13431.693,736552.0,61.45,0.0,0,0,0
2007-04-26,55.025078,55.08762,54.73919,55.00721,24848.633,1366452.0,61.57,0.0,0,0,0
2007-04-27,54.96254,54.96254,54.76599,54.9,9626.047,528446.0,61.45,0.0,0,0,0
2007-04-30,55.025078,55.025078,54.19421,54.19421,22833.879,1251015.0,60.66,0.0,0,0,0
2007-05-01,54.185276,54.25675,53.711765,54.20314,36825.227,1989035.0,60.67,0.0,0,0,0
2007-05-02,54.363956,55.016148,54.363956,54.94467,14327.14,784529.0,61.5,0.0,0,0,0
2007-05-03,55.03401,55.141224,54.864265,55.08762,301541.53,16584560.0,61.66,0.0,0,0,0
2007-05-04,55.168026,55.37351,55.123356,55.28417,10297.632,568673.0,61.88,0.0,0,0,0
2007-05-07,55.52539,55.52539,55.275234,55.319904,57308.56,3173350.0,61.92,0.0,0,0,0
2007-05-08,55.150158,55.293102,54.81066,55.2663,13655.555,752532.0,61.86,0.0,0,0,0
2007-05-09,55.302036,55.82915,55.2395,55.784477,62569.305,3479255.0,62.44,0.0,0,0,0
2007-05-10,55.57006,55.64153,54.9,54.99828,42645.625,2356572.0,61.56,0.0,0,0,0
2007-05-11,55.257366,55.507523,55.016148,55.498585,20147.541,1113251.0,62.12,0.0,0,0,0
2007-05-14,55.6594,55.6594,55.069748,55.293102,35929.78,1987940.0,61.89,0.0,0,0,0
2007-05-15,55.123356,55.52539,54.94467,54.96254,23281.602,1284391.0,61.52,0.0,0,0,0
2007-05-16,55.168026,55.203762,54.78386,55.168026,17125.408,942435.0,61.75,0.0,0,0,0
2007-05-17,55.168026,55.436047,54.98934,55.248432,12760.108,705002.0,61.84,0.0,0,0,0
2007-05-18,55.480717,55.70407,55.31097,55.61473,15782.24,876288.0,62.25,0.0,0,0,0
2007-05-21,55.730873,56.168644,55.70407,56.034634,28766.21,1608737.0,62.72,0.0,0,0,0
2007-05-22,56.016766,56.11504,55.864883,55.972095,14886.794,834045.0,62.65,0.0,0,0,0
2007-05-23,56.26692,56.338394,55.89169,55.89169,41974.043,2357433.0,62.56,0.0,0,0,0
2007-05-24,56.043564,56.11504,55.114418,55.212696,26639.525,1480838.0,61.8,0.0,0,0,0
2007-05-25,55.436047,55.62366,55.382446,55.561123,29997.45,1665445.0,62.19,0.0,0,0,0
2007-05-29,55.76661,56.025696,55.6594,55.820213,15558.378,868893.0,62.48,0.0,0,0,0
2007-05-30,55.561123,56.51707,55.561123,56.51707,28542.348,1603715.0,63.26,0.0,0,0,0
2007-05-31,56.865505,56.99058,56.722557,56.936974,11416.939,649584.0,63.73,0.0,0,0,0
2007-06-01,57.213932,57.321144,57.05312,57.133526,17685.062,1011269.0,63.95,0.0,0,0,0
2007-06-04,57.07992,57.419415,57.04418,57.392612,20035.61,1146305.0,64.24,0.0,0,0,0
2007-06-05,57.31221,57.330074,56.963776,57.213932,22721.947,1298586.0,64.04,0.0,0,0,0
2007-06-06,56.99951,56.99951,56.338394,56.552807,15782.24,893376.0,63.3,0.0,0,0,0
2007-06-07,56.195446,56.4724,55.391376,55.391376,41414.387,2309443.0,62.0,0.0,0,0,0
2007-06-08,55.28417,56.043564,55.159092,56.034634,25184.426,1398951.0,62.72,0.0,0,0,0
2007-06-11,56.061436,56.365192,55.864883,56.240116,8618.67,483547.0,62.95,0.0,0,0,0
2007-06-12,55.92742,56.15971,55.6326,55.6326,11416.939,637534.0,62.27,0.0,0,0,0
2007-06-13,56.007828,56.365192,55.847015,56.365192,11640.801,652981.0,63.09,0.0,0,0,0
2007-06-14,56.68682,56.919106,56.68682,56.892303,24288.979,1380284.0,63.68,0.0,0,0,0
2007-06-15,57.51769,57.51769,57.2586,57.29434,41750.18,2396342.0,64.13,0.0,0,0,0
2007-06-18,57.490887,57.490887,57.133526,57.19606,29549.727,1694135.0,64.02,0.0,0,0,0
2007-06-19,57.10672,57.29434,56.8387,57.169262,20035.61,1143348.0,63.99,0.0,0,0,0
2007-06-20,57.392612,57.410484,56.695755,56.695755,13655.555,781362.0,63.46,0.0,0,0,0
2007-06-21,56.68682,57.12459,56.400932,57.026318,23505.463,1333174.0,63.83,0.0,0,0,0
2007-06-22,57.04418,57.04418,56.46347,56.73149,39959.29,2268831.0,63.5,0.0,0,0,0
2007-06-25,56.722557,56.79403,55.981026,56.195446,25408.287,1429791.0,62.9,0.0,0,0,0
2007-06-26,56.4724,56.4724,55.668335,55.668335,34026.957,1906031.0,62.31,0.0,0,0,0
2007-06-27,55.436047,56.46347,55.427116,56.46347,24288.979,1362430.0,63.2,0.0,0,0,0
2007-06-28,56.77616,56.77616,56.49027,56.50814,29549.727,1673313.0,63.25,0.0,0,0,0
2007-06-29,56.68682,56.954845,56.213314,56.543877,16901.547,955073.0,63.29,0.0,0,0,0
2007-07-02,56.811897,57.178196,56.802967,57.178196,50928.504,2902117.0,64.0,0.0,0,0,0
2007-07-03,57.31221,57.410484,57.29434,57.392612,15782.24,905535.0,64.24,0.0,0,0,0
2007-07-05,57.580227,57.758915,57.383682,57.758915,21154.918,1218212.0,64.65,0.0,0,0,0
2007-07-06,57.85719,58.286022,57.723175,58.250286,19140.164,1111659.0,65.2,0.0,0,0,0
2007-07-09,58.42897,58.545113,58.125206,58.393234,22833.879,1333119.0,65.36,0.0,0,0,0
2007-07-10,58.187744,58.250286,57.732113,57.749977,22833.879,1325120.0,64.64,0.0,0,0,0
2007-07-11,57.821453,58.134144,57.6249,58.134144,30333.24,1758272.0,65.07,0.0,0,0,0
2007-07-12,58.527245,59.06329,58.509373,59.00969,16341.894,959614.0,66.05,0.0,0,0,0
2007-07-13,59.018616,59.313442,59.00969,59.277706,17685.062,1045555.0,66.35,0.0,0,0,0
2007-07-16,59.206234,59.367046,58.902477,59.054356,18916.3,1119535.0,66.1,0.0,0,0,0
2007-07-17,59.32238,59.32238,58.929276,59.107964,23841.256,1410479.0,66.16,0.0,0,0,0
2007-07-18,58.848873,58.991817,58.60765,58.991817,15334.517,900877.0,66.03,0.0,0,0,0
2007-07-19,59.43852,59.483192,59.143692,59.295578,36825.227,2185162.0,66.37,0.0,0,0,0
2007-07-20,59.358116,59.358116,58.589783,58.768463,17349.271,1021395.0,65.78,0.0,0,0,0
2007-07-23,58.991817,59.161564,58.795265,58.83994,17461.201,1029756.0,65.86,0.0,0,0,0
2007-07-24,58.464706,58.589783,57.410484,57.651703,48130.234,2800112.0,64.53,0.0,0,0,0
2007-07-25,57.94653,57.982265,56.874435,57.285408,323815.75,18537476.0,64.12,0.0,0,0,0
2007-07-26,56.302654,56.499207,55.03401,55.820213,134988.52,7545073.0,62.48,0.0,0,0,0
2007-07-27,55.605797,56.11504,54.891068,54.891068,51488.16,2856241.0,61.44,0.0,0,0,0
2007-07-30,55.409245,56.0525,55.123356,55.85595,51264.297,2846300.0,62.52,0.0,0,0,0
2007-07-31,56.64215,56.651085,55.150158,55.150158,53614.844,3002851.0,61.73,0.0,0,0,0
2007-08-01,55.507523,55.82915,54.426495,55.409245,87641.8,4836113.0,62.02,0.0,0,0,0
2007-08-02,55.918488,55.963158,55.391376,55.963158,43653.004,2428994.0,62.64,0.0,0,0,0
2007-08-03,55.92742,55.92742,54.569443,54.596245,21714.57,1201246.0,61.11,0.0,0,0,0
2007-08-06,54.21208,55.025078,53.836845,54.882133,69620.945,3782195.0,61.43,0.0,0,0,0
2007-08-07,54.891068,55.89169,54.891068,55.88275,22721.947,1258890.0,62.55,0.0,0,0,0
2007-08-08,56.0525,56.94591,55.954227,56.561745,55405.734,3124568.0,63.31,0.0,0,0,0
2007-08-09,55.391376,56.29372,54.8732,55.00721,86858.28,4808903.0,61.57,0.0,0,0,0
2007-08-10,54.095932,55.319904,53.774303,55.00721,56189.25,3060824.0,61.57,0.0,0,0,0
2007-08-13,55.76661,55.76661,55.123356,55.230564,215354.81,11955351.0,61.82,0.0,0,0,0
2007-08-14,55.194828,55.32884,54.10487,54.10487,119318.21,6572231.0,60.56,0.0,0,0,0
2007-08-15,53.899384,54.19421,52.71115,52.880898,36265.574,1937523.0,59.19,0.0,0,0,0
2007-08-16,52.282314,52.300182,50.40615,52.050026,75777.14,3901896.0,58.26,0.0,0,0,0
2007-08-17,53.765373,53.91725,52.264446,53.40801,39063.84,2067196.0,59.78,0.0,0,0,0
2007-08-20,53.649227,53.899384,53.175724,53.84578,46898.996,2508469.0,60.27,0.0,0,0,0
2007-08-21,53.73857,54.20314,53.667095,54.087,18244.717,982508.0,60.54,0.0,0,0,0
2007-08-22,54.882133,55.105488,54.649845,54.98934,44100.727,2420007.0,61.55,0.0,0,0,0
2007-08-23,55.2663,55.2663,54.640915,54.85533,26415.664,1451381.0,61.4,0.0,0,0,0
2007-08-24,54.82853,55.713005,54.82853,55.713005,14998.725,829505.0,62.36,0.0,0,0,0
2007-08-27,55.6326,55.6594,55.132286,55.302036,2227534.5,123583220.0,61.9,0.0,0,0,0
2007-08-28,55.00721,55.00721,53.881516,53.908318,39399.633,2141240.0,60.34,0.0,0,0,0
2007-08-29,54.185276,55.078686,54.185276,55.060818,19140.164,1041779.0,61.63,0.0,0,0,0
2007-08-30,54.712387,55.275234,54.685585,55.078686,8170.947,449115.0,61.65,0.0,0,0,0
2007-08-31,55.552193,56.061436,55.498585,55.775543,26863.387,1498471.0,62.43,0.0,0,0,0
2007-09-04,55.739807,56.82083,55.739807,56.57068,65143.715,3672152.0,63.32,0.0,0,0,0
2007-09-05,56.061436,56.302654,55.76661,56.150772,40518.94,2269801.0,62.85,0.0,0,0,0
2007-09-06,56.29372,56.409863,55.864883,56.29372,18580.51,1043987.0,63.01,0.0,0,0,0
2007-09-07,55.364574,55.57006,55.03401,55.22163,74657.83,4131357.0,61.81,0.0,0,0,0
2007-09-10,55.543255,55.61473,54.37289,55.069748,49249.543,2703857.0,61.64,0.0,0,0,0
2007-09-11,55.150158,55.695137,55.105488,55.668335,16341.894,906531.0,62.31,0.0,0,0,0
2007-09-12,55.57899,55.954227,55.543255,55.57899,25632.148,1428485.0,62.21,0.0,0,0,0
2007-09-13,55.784477,56.043564,55.686203,55.72194,33243.44,1857028.0,62.37,0.0,0,0,0
2007-09-14,55.275234,55.93636,55.275234,55.89169,44996.17,2510883.0,62.56,0.0,0,0,0
2007-09-17,55.83808,55.83808,55.31097,55.40031,34922.402,1939170.0,62.01,0.0,0,0,0
2007-09-18,55.85595,57.14246,55.57899,57.062054,42757.56,2399414.0,63.87,0.0,0,0,0
2007-09-19,57.580227,57.928658,57.169262,57.410484,420412.0,24227364.0,64.26,0.0,0,0,0
2007-09-20,57.383682,57.410484,56.963776,57.115658,21378.78,1223036.0,63.93,0.0,0,0,0
2007-09-21,57.383682,57.615963,57.27647,57.31221,53055.188,3049061.0,64.15,0.0,0,0,0
2007-09-24,57.410484,57.481953,56.954845,57.133526,43541.074,2491976.0,63.95,0.0,0,0,0
2007-09-25,56.847637,57.249672,56.606415,57.249672,36377.504,2074218.0,64.08,0.0,0,0,0
2007-09-26,57.499825,57.6785,57.36581,57.5981,55069.94,3168214.0,64.47,0.0,0,0,0
2007-09-27,57.919727,58.11628,57.76785,58.08054,25520.217,1479904.0,65.01,0.0,0,0,0
2007-09-28,58.08947,58.294956,57.821453,57.892925,32683.787,1896630.0,64.8,0.0,0,0,0
2007-10-01,58.00013,58.75953,58.00013,58.714863,42981.418,2511402.0,65.72,0.0,0,0,0
2007-10-02,58.875675,58.956078,58.60765,58.94715,17908.924,1052873.0,65.98,0.0,0,0,0
2007-10-03,58.67019,58.857803,58.500446,58.58085,20819.125,1221155.0,65.57,0.0,0,0,0
2007-10-04,58.598713,58.66126,58.375362,58.616585,21826.502,1277727.0,65.61,0.0,0,0,0
2007-10-05,59.054356,59.590397,58.902477,59.429585,34810.473,2062272.0,66.52,0.0,0,0,0
2007-10-08,59.331314,59.429585,59.107964,59.24197,38056.465,2255254.0,66.31,0.0,0,0,0
2007-10-09,59.41172,59.760147,59.268772,59.760147,19811.748,1178664.0,66.89,0.0,0,0,0
2007-10-10,59.751213,59.912025,59.46532,59.86736,31228.688,1865048.0,67.01,0.0,0,0,0
2007-10-11,60.260456,60.287262,58.938213,59.268772,43541.074,2603662.0,66.34,0.0,0,0,0
2007-10-12,59.340244,59.72441,59.259842,59.715477,107901.27,6419035.0,66.84,0.0,0,0,0
2007-10-15,59.849487,60.07284,58.965015,59.268772,27311.11,1620184.0,66.34,0.0,0,0,0
2007-10-16,59.134766,59.134766,58.768463,58.831,27758.834,1635307.0,65.85,0.0,0,0,0
2007-10-17,59.313442,59.313442,58.4111,59.06329,40518.94,2388273.0,66.11,0.0,0,0,0
2007-10-18,58.813137,59.295578,58.63445,59.224106,24177.049,1425595.0,66.29,0.0,0,0,0
2007-10-19,58.991817,58.991817,57.33901,57.33901,61785.79,3592703.0,64.18,0.0,0,0,0
2007-10-22,56.972713,58.018,56.910175,57.97333,55069.94,3174866.0,64.89,0.0,0,0,0
2007-10-23,58.250286,58.58085,57.821453,58.58085,37832.6,2202539.0,65.57,0.0,0,0,0
2007-10-24,58.196682,58.446835,57.347946,58.446835,69620.945,4027468.0,65.42,0.0,0,0,0
2007-10-25,58.527245,58.643387,57.839317,58.57191,65479.504,3820705.0,65.56,0.0,0,0,0
2007-10-26,58.88461,59.116894,58.51831,58.875675,43093.35,2533261.0,65.9,0.0,0,0,0
2007-10-29,59.24197,59.367046,59.027554,59.107964,29661.656,1757093.0,66.16,0.0,0,0,0
2007-10-30,59.06329,59.215168,58.8042,58.813137,33691.164,1987466.0,65.83,0.0,0,0,0
2007-10-31,59.072227,59.661873,58.7774,59.590397,41974.043,2484112.0,66.7,0.0,0,0,0
2007-11-01,59.143692,59.250904,58.446835,58.446835,48689.89,2864870.0,65.42,0.0,0,0,0
2007-11-02,58.74166,58.857803,58.071606,58.723797,42645.625,2496235.0,65.73,0.0,0,0,0
2007-11-05,58.20562,58.32176,57.660637,58.223484,27942.4,1624045.0,65.17,0.0,0,0,0
2007-11-06,59.197304,59.197304,58.062668,58.866737,25520.217,1489973.0,65.89,0.0,0,0,0
2007-11-07,61.153866,61.153866,57.490887,57.51769,26547.742,1545619.0,64.38,0.0,0,0,0
2007-11-08,57.86612,57.86612,56.338394,57.392612,125026.68,7096323.0,64.24,0.0,0,0,0
2007-11-09,56.624283,57.04418,56.213314,56.38306,46339.344,2622632.0,63.11,0.0,0,0,0
2007-11-12,55.58793,56.195446,54.891068,54.926804,43205.28,2400198.0,61.48,0.0,0,0,0
2007-11-13,55.847015,56.48134,55.847015,56.454533,19845.326,1109571.0,63.19,0.0,0,0,0
2007-11-14,56.677887,56.99058,56.320522,56.365192,21826.502,1239275.0,63.09,0.0,0,0,0
2007-11-15,56.588547,56.588547,55.319904,55.543255,31004.826,1732211.0,62.17,0.0,0,0,0
2007-11-16,55.998898,55.998898,55.194828,55.93636,31676.41,1761176.0,62.61,0.0,0,0,0
2007-11-19,55.93636,55.93636,54.63198,54.837463,31116.756,1712404.0,61.38,0.0,0,0,0
2007-11-20,55.141224,55.61473,54.1138,54.837463,30333.24,1664807.0,61.38,0.0,0,0,0
2007-11-21,55.76661,55.76661,53.774303,54.122738,35593.99,1933592.0,60.58,0.0,0,0,0
2007-11-23,54.72132,54.908936,54.247814,54.78386,7051.639,384953.0,61.32,0.0,0,0,0
2007-11-26,55.302036,55.409245,54.04233,54.04233,23953.188,1314741.0,60.49,0.0,0,0,0
2007-11-27,54.864265,54.864265,54.122738,54.82853,36489.434,1988935.0,61.37,0.0,0,0,0
2007-11-28,55.757675,56.811897,55.757675,56.811897,23057.74,1295157.0,63.59,0.0,0,0,0
2007-11-29,56.50814,56.936974,56.320522,56.651085,51376.227,2915613.0,63.41,0.0,0,0,0
2007-11-30,57.705303,57.705303,56.73149,57.026318,58875.59,3367499.0,63.83,0.0,0,0,0
2007-12-03,58.589783,59.760147,56.936974,56.981644,107117.76,6125680.0,63.78,0.0,0,0,0
2007-12-04,57.27647,57.27647,56.46347,56.660015,75441.34,4277399.0,63.42,0.0,0,0,0
2007-12-05,57.481953,57.5445,57.09779,57.473022,38616.117,2215890.0,64.33,0.0,0,0,0
2007-12-06,57.589165,58.473637,57.240734,58.420033,158605.9,9172609.0,65.39,0.0,0,0,0
2007-12-07,58.705925,58.89354,58.4111,58.831,57756.28,3384944.0,65.85,0.0,0,0,0
2007-12-10,59.179432,59.277706,58.89354,59.215168,94693.44,5599081.0,66.28,0.0,0,0,0
2007-12-11,59.456394,59.456394,57.46409,57.51769,52383.605,3081906.0,64.38,0.0,0,0,0
2007-12-12,59.081154,59.081154,57.410484,57.93759,49921.13,2897510.0,64.85,0.0,0,0,0
2007-12-13,57.44622,57.93759,57.249672,57.88399,35705.918,2055186.0,64.79,0.0,0,0,0
2007-12-14,57.187134,57.875053,57.187134,57.330074,47010.926,2707697.0,64.17,0.0,0,0,0
2007-12-17,57.303272,57.303272,56.150772,56.20438,57420.49,3255262.0,62.91,0.0,0,0,0
2007-12-18,56.4724,56.767227,55.83808,56.561745,50256.918,2835147.0,63.31,0.0,0,0,0
2007-12-19,57.22287,57.22287,56.57068,56.8387,67606.19,3842992.0,63.62,0.0,0,0,0
2007-12-20,57.15478,57.68308,56.85929,57.68308,23340.951,1337261.0,64.42,0.0,0,0,0
2007-12-21,57.933796,58.51582,57.933796,58.435238,48915.49,2851831.0,65.26,0.0,0,0,0
2007-12-24,59.339607,59.339607,58.605362,59.035168,36630.777,2157108.0,65.93,0.0,0,0,0
2007-12-26,59.15157,59.196342,58.775494,59.18739,39199.4,2314525.0,66.1,0.0,0,0,0
2007-12-27,58.865036,59.01726,58.238243,58.28301,37970.926,2227197.0,65.09,0.0,0,0,0
2007-12-28,58.64118,58.64118,58.13079,58.399418,48022.055,2801935.0,65.22,0.0,0,0,0
2007-12-31,58.2472,58.39046,57.844254,58.023342,31828.57,1851704.0,64.8,0.0,0,0,0
2008-01-02,58.1487,58.265102,57.118965,57.360725,113577.74,6537906.0,64.06,0.0,0,0,0
2008-01-03,57.43236,57.718895,57.12792,57.37864,61088.52,3505449.0,64.08,0.0,0,0,0
2008-01-04,56.89511,56.89511,55.274395,55.56093,83871.08,4689769.0,62.05,0.0,0,0,0
2008-01-07,55.53407,55.838512,54.513287,55.005768,137365.4,7554377.0,61.43,0.0,0,0,0
2008-01-08,55.122173,55.489296,53.725315,53.743225,122735.44,6732375.0,60.02,0.0,0,0,0
2008-01-09,54.020805,54.03871,52.65081,53.79695,145964.7,7813703.0,60.08,0.0,0,0,0
2008-01-10,53.573093,54.853546,53.304466,54.35211,104308.37,5641425.0,60.7,0.0,0,0,0
2008-01-11,54.289433,54.289433,53.40296,53.65368,74266.664,4000666.0,59.92,0.0,0,0,0
2008-01-14,53.868584,54.423744,53.79695,54.387928,134350.08,7248123.0,60.74,0.0,0,0,0
2008-01-15,53.76113,53.79695,52.623947,52.749306,114136.14,6079152.0,58.91,0.0,0,0,0
2008-01-16,52.55231,52.794075,51.370354,52.212055,121953.68,6352688.0,58.31,0.0,0,0,0
2008-01-17,52.16728,52.49859,50.206306,50.304806,145294.64,7436190.0,56.18,0.0,0,0,0
2008-01-18,50.65402,51.12859,49.74069,50.412254,210180.25,10601945.0,56.3,0.0,0,0,0
2008-01-22,48.236378,50.224216,47.860302,50.0899,416898.44,20593840.0,55.94,0.0,0,0,0
2008-01-23,48.415462,50.519703,47.5469,50.42121,122556.75,5958311.0,56.31,0.0,0,0,0
2008-01-24,50.59134,51.54944,50.59134,51.495712,109222.25,5585221.0,57.51,0.0,0,0,0
2008-01-25,52.12251,52.43591,50.859966,51.02114,85322.91,4403031.0,56.98,0.0,0,0,0
2008-01-28,51.030098,51.943424,50.48389,51.943424,120725.21,6194713.0,58.01,0.0,0,0,0
2008-01-29,52.238914,52.346363,51.71957,52.238914,257867.27,13454127.0,58.34,0.0,0,0,0
2008-01-30,52.113556,52.892574,51.5763,51.58526,175112.98,9138539.0,57.61,0.0,0,0,0
2008-01-31,50.94951,52.99107,50.94951,52.29264,157691.03,8166287.0,58.4,0.0,0,0,0
2008-02-01,52.892574,53.993942,52.892574,53.931263,72814.836,3887406.0,60.23,0.0,0,0,0
2008-02-04,54.04767,54.04767,53.519367,53.599957,114359.5,6140794.0,59.86,0.0,0,0,0
2008-02-05,52.659763,52.919434,51.827023,51.827023,100399.59,5276392.0,57.88,0.0,0,0,0
2008-02-06,52.16728,52.328457,50.94951,50.994278,76611.93,3965971.0,56.95,0.0,0,0,0
2008-02-07,50.824146,51.95238,50.49284,51.513622,102186.46,5213770.0,57.53,0.0,0,0,0
2008-02-08,51.621075,52.16728,51.370354,51.8897,91130.23,4709756.0,57.95,0.0,0,0,0
2008-02-11,52.006107,52.785122,51.65689,52.65081,129436.19,6759855.0,58.8,0.0,0,0,0
2008-02-12,53.017933,53.367146,52.238914,52.55231,66002.41,3495699.0,58.69,0.0,0,0,0
2008-02-13,53.313423,53.635773,52.785122,53.537277,79962.305,4263679.0,59.79,0.0,0,0,0
2008-02-14,53.743225,53.743225,52.820942,52.955254,62093.633,3306676.0,59.14,0.0,0,0,0
2008-02-15,52.606037,52.686626,52.1046,52.65081,134015.03,7032468.0,58.8,0.0,0,0,0
2008-02-19,54.37897,54.37897,52.65081,52.829895,63657.14,3383588.0,59.0,0.0,0,0,0
2008-02-20,52.391136,53.54623,52.310547,53.42087,147751.58,7810079.0,59.66,0.0,0,0,0
2008-02-21,53.635773,53.814857,52.686626,52.731396,145406.31,7752251.0,58.89,0.0,0,0,0
2008-02-22,52.91048,53.13434,52.221004,53.11643,96602.51,5068701.0,59.32,0.0,0,0,0
2008-02-25,53.304466,54.271523,53.00898,54.190937,418461.94,22438534.0,60.52,0.0,0,0,0
2008-02-26,53.98499,54.89832,53.805904,54.69237,162269.88,8844846.0,61.08,0.0,0,0,0
2008-02-27,54.468517,54.764004,54.074528,54.361065,38194.285,2078405.0,60.71,0.0,0,0,0
2008-02-28,54.06558,54.3342,53.76113,54.01185,63657.14,3438576.0,60.32,0.0,0,0,0
2008-02-29,53.54623,53.54623,52.238914,52.37323,46793.582,2473738.0,58.49,0.0,0,0,0
2008-03-03,52.426952,52.597084,51.773296,52.346363,254628.56,13294885.0,58.46,0.0,0,0,0
2008-03-04,51.800156,52.176235,51.200226,52.01506,196890.42,10186314.0,58.09,0.0,0,0,0
2008-03-05,52.426952,52.856754,52.05983,52.58813,244912.47,12842251.0,58.73,0.0,0,0,0
2008-03-06,52.426952,52.47172,51.28977,51.28977,76388.57,3961755.0,57.28,0.0,0,0,0
2008-03-07,51.092777,51.388264,49.9735,50.65402,161711.47,8235152.0,56.57,0.0,0,0,0
2008-03-10,50.645065,50.645065,49.069122,49.1318,87221.45,4347951.0,54.87,0.0,0,0,0
2008-03-11,50.134674,50.851013,49.39147,50.851013,119608.42,5979810.0,56.79,0.0,0,0,0
2008-03-12,51.57189,51.57189,50.049538,50.559975,3172861.5,161365100.0,56.46,0.0,0,0,0
2008-03-13,49.906258,51.267418,49.386868,51.097275,74483.46,3744144.0,57.06,0.0,0,0,0
2008-03-14,51.527115,51.527115,49.431644,50.112225,140815.06,7093125.0,55.96,0.0,0,0,0
2008-03-17,48.365997,49.333138,47.882427,48.6436,97375.68,4741988.0,54.32,0.0,0,0,0
2008-03-18,50.228638,50.631615,49.315228,50.631615,272138.22,13523790.0,56.54,0.0,0,0,0
2008-03-19,51.365925,51.365925,48.93016,49.046577,38414.26,1911418.0,54.77,0.0,0,0,0
2008-03-20,48.804794,49.745068,48.249584,49.557014,52149.59,2554798.0,55.34,0.0,0,0,0
2008-03-24,49.109264,51.545025,49.109264,51.213688,69123.336,3522908.0,57.19,0.0,0,0,0
2008-03-25,51.33906,52.01069,51.15996,51.885315,97264.016,5008746.0,57.94,0.0,0,0,0
2008-03-26,51.697258,51.697258,51.28533,51.365925,50362.883,2590611.0,57.36,0.0,0,0,0
2008-03-27,51.60771,51.706215,50.756985,50.936085,45114.42,2314584.0,56.88,0.0,0,0,0
2008-03-28,51.724125,51.724125,50.174908,50.398785,16415.396,832996.0,56.28,0.0,0,0,0
2008-03-31,50.40774,50.68534,50.192818,50.559975,34952.51,1764315.0,56.46,0.0,0,0,0
2008-04-01,51.33906,52.368885,51.052498,52.368885,52372.93,2718084.0,58.48,0.0,0,0,0
2008-04-02,52.55694,53.139015,52.377842,52.870365,34840.84,1840303.0,59.04,0.0,0,0,0
2008-04-03,52.306202,53.201702,52.306202,53.067375,28252.348,1490977.0,59.26,0.0,0,0,0
2008-04-04,53.210655,54.05243,53.130062,53.631542,31267.422,1678899.0,59.89,0.0,0,0,0
2008-04-07,54.08825,54.267345,53.380802,53.49722,680066.44,36668316.0,59.74,0.0,0,0,0
2008-04-08,53.085285,53.703182,53.085285,53.568855,37185.9,1989798.0,59.82,0.0,0,0,0
2008-04-09,53.989742,53.989742,52.780815,52.959915,29145.703,1547701.0,59.14,0.0,0,0,0
2008-04-10,53.327072,53.703182,52.789772,53.524082,49692.867,2653308.0,59.77,0.0,0,0,0
2008-04-11,52.86141,53.040512,52.306202,52.422615,84422.04,4465782.0,58.54,0.0,0,0,0
2008-04-14,52.440525,52.673355,52.145008,52.39575,355555.25,18624520.0,58.51,0.0,0,0,0
2008-04-15,52.646492,52.753952,52.028595,52.565895,31155.752,1634457.0,58.7,0.0,0,0,0
2008-04-16,52.673355,53.998695,52.673355,53.989742,29257.373,1569070.0,60.29,0.0,0,0,0
2008-04-17,54.303165,54.303165,53.47931,53.837505,775208.7,41637144.0,60.12,0.0,0,0,0
2008-04-18,54.733006,55.225533,54.491222,54.867332,74483.46,4089290.0,61.27,0.0,0,0,0
2008-04-21,54.715096,55.162846,54.562862,55.12703,34840.84,1912185.0,61.56,0.0,0,0,0
2008-04-22,54.858376,54.858376,53.88228,54.23153,64098.215,3493409.0,60.56,0.0,0,0,0
2008-04-23,54.50018,54.706142,54.168842,54.48227,33500.81,1825422.0,60.84,0.0,0,0,0
2008-04-24,54.670322,55.010612,53.774822,54.652412,98269.04,5365870.0,61.03,0.0,0,0,0
2008-04-25,54.96584,55.476273,54.580772,55.4315,34617.504,1902209.0,61.9,0.0,0,0,0
2008-04-28,55.59269,55.709103,55.27031,55.449406,129201.45,7173145.0,61.92,0.0,0,0,0
2008-04-29,55.297173,55.297173,54.759872,55.064346,43551.05,2398847.0,61.49,0.0,0,0,0
2008-04-30,55.28822,56.228497,54.62555,54.84047,101284.11,5593877.0,61.24,0.0,0,0,0
2008-05-01,54.62555,55.35986,54.446445,55.297173,53042.945,2915246.0,61.75,0.0,0,0,0
2008-05-02,55.995663,56.00462,55.324036,55.619553,46454.453,2586363.0,62.11,0.0,0,0,0
2008-05-05,55.55687,55.995663,55.467316,55.68224,37185.9,2069481.0,62.18,0.0,0,0,0
2008-05-06,55.494183,56.54192,55.494183,56.38073,32160.775,1807306.0,62.96,0.0,0,0,0
2008-05-07,56.461323,56.568783,55.485226,55.512096,271803.22,15199039.0,61.99,0.0,0,0,0
2008-05-08,55.7897,56.1479,55.66433,56.085217,24232.252,1354522.0,62.63,0.0,0,0,0
2008-05-09,55.673283,56.12999,55.66433,56.049393,20770.502,1160217.0,62.59,0.0,0,0,0
2008-05-12,56.18372,56.54192,55.619553,56.532967,35510.855,1997606.0,63.13,0.0,0,0,0
2008-05-13,56.819527,57.18668,56.5061,57.13295,197878.11,11258100.0,63.8,0.0,0,0,0
2008-05-14,57.249367,57.79562,57.09713,57.15086,42211.02,2431571.0,63.82,0.0,0,0,0
2008-05-15,57.31205,58.055317,57.15086,58.037403,271244.88,15636590.0,64.81,0.0,0,0,0
2008-05-16,58.413517,58.476204,57.840393,58.45829,74483.46,4335313.0,65.28,0.0,0,0,0
2008-05-19,58.54784,58.959766,57.840393,58.091137,56839.703,3315045.0,64.87,0.0,0,0,0
2008-05-20,58.01054,58.01054,57.464283,57.92099,200223.17,11552299.0,64.68,0.0,0,0,0
2008-05-21,58.118,58.315014,56.801613,56.891163,72026.734,4147479.0,63.53,0.0,0,0,0
2008-05-22,56.926983,57.09713,56.622513,56.75684,168509.06,9578875.0,63.38,0.0,0,0,0
2008-05-23,56.568783,56.72102,55.84343,56.23745,70575.04,3966988.0,62.8,0.0,0,0,0
2008-05-27,56.41655,56.5061,56.02253,56.497143,92462.234,5206414.0,63.09,0.0,0,0,0
2008-05-28,56.694157,57.24041,56.45237,57.24041,40759.316,2312957.0,63.92,0.0,0,0,0
2008-05-29,57.088173,57.50906,56.944893,57.13295,42211.02,2414917.0,63.8,0.0,0,0,0
2008-05-30,57.25832,57.894127,57.25832,57.715023,391289.44,22481172.0,64.45,0.0,0,0,0
2008-06-02,57.67025,57.679207,57.016533,57.455334,186934.52,10719408.0,64.16,0.0,0,0,0
2008-06-03,57.446377,57.786663,56.640423,57.18668,46454.453,2665108.0,63.86,0.0,0,0,0
2008-06-04,56.98967,57.715023,56.95385,57.177723,152875.36,8766774.0,63.85,0.0,0,0,0
2008-06-05,57.43742,58.592617,57.43742,58.592617,61753.156,3580514.0,65.43,0.0,0,0,0
2008-06-06,58.33292,58.70903,57.24041,57.303097,217420.25,12593955.0,63.99,0.0,0,0,0
2008-06-09,57.267277,57.715023,56.70311,57.482197,47459.48,2725048.0,64.19,0.0,0,0,0
2008-06-10,56.73893,57.0434,56.389687,56.6852,36850.89,2090160.0,63.3,0.0,0,0,0
2008-06-11,56.873253,56.873253,55.82552,55.82552,165829.0,9311336.0,62.34,0.0,0,0,0
2008-06-12,56.335953,56.39864,55.386723,55.628506,105862.555,5922165.0,62.12,0.0,0,0,0
2008-06-13,56.282223,56.8643,55.977753,56.8643,24567.26,1390452.0,63.5,0.0,0,0,0
2008-06-16,57.20459,57.464283,56.694157,57.365776,104299.18,5957593.0,64.06,0.0,0,0,0
2008-06-17,57.338913,57.79562,57.338913,57.464283,187492.86,10799966.0,64.17,0.0,0,0,0
2008-06-18,57.303097,57.419514,56.765793,57.231453,77721.875,4434647.0,63.91,0.0,0,0,0
2008-06-19,57.31205,57.4016,56.855347,57.18668,22333.873,1277490.0,63.86,0.0,0,0,0
2008-06-20,57.02549,57.02549,55.93298,56.18372,72585.086,4098965.0,62.74,0.0,0,0,0
2008-06-23,56.515057,56.73893,56.39864,56.59565,38972.605,2204580.0,63.2,0.0,0,0,0
2008-06-24,56.47028,56.515057,55.57478,55.673283,162925.6,9128539.0,62.17,0.0,0,0,0
2008-06-25,55.84343,56.327,55.530003,55.888203,171189.12,9550298.0,62.41,0.0,0,0,0
2008-06-26,55.332993,55.494183,54.258392,54.437492,287883.62,15695637.0,60.79,0.0,0,0,0
2008-06-27,54.455402,54.777782,54.025562,54.527042,162478.92,8837189.0,60.89,0.0,0,0,0
2008-06-30,54.66137,54.992702,54.464355,54.464355,633053.6,34636908.0,60.82,0.0,0,0,0
2008-07-01,53.971832,54.589725,53.443485,54.589725,189502.9,10242464.0,60.96,0.0,0,0,0
2008-07-02,54.795692,55.010612,52.610672,52.610672,408374.84,21855512.0,58.75,0.0,0,0,0
2008-07-03,52.86141,52.870365,51.42861,51.983818,289111.97,15005688.0,58.05,0.0,0,0,0
2008-07-07,52.243515,52.727085,50.882355,51.57189,274259.94,14185954.0,57.59,0.0,0,0,0
2008-07-08,51.401745,51.956955,50.327145,51.939045,453824.28,23075636.0,58.0,0.0,0,0,0
2008-07-09,52.127098,52.565895,51.106228,51.195778,264879.72,13811112.0,57.17,0.0,0,0,0
2008-07-10,51.348015,52.404705,50.765938,51.885315,269569.84,13867054.0,57.94,0.0,0,0,0
2008-07-11,51.527115,52.07337,50.71221,51.553978,154773.73,7944219.0,57.57,0.0,0,0,0
2008-07-14,51.885315,52.207695,51.231598,51.616665,114684.44,5923448.0,57.64,0.0,0,0,0
2008-07-15,50.156998,51.62562,50.148045,50.810715,160022.19,8146132.0,56.74,0.0,0,0,0
2008-07-16,51.025635,51.661438,50.54206,51.661438,90117.17,4594727.0,57.69,0.0,0,0,0
2008-07-17,52.028595,52.27038,51.348015,51.91218,144276.81,7464452.0,57.97,0.0,0,0,0
2008-07-18,51.813675,51.93009,51.562935,51.706215,99832.41,5165594.0,57.74,0.0,0,0,0
2008-07-21,52.118145,52.547985,51.813675,52.547985,145393.52,7566651.0,58.68,0.0,0,0,0
2008-07-22,52.064415,52.234562,51.670395,52.198742,146286.86,7591856.0,58.29,0.0,0,0,0
2008-07-23,52.485302,52.485302,51.697258,51.795765,233835.64,12172003.0,57.84,0.0,0,0,0
2008-07-24,51.822628,51.921135,50.28237,50.345055,205248.28,10427176.0,56.22,0.0,0,0,0
2008-07-25,50.8734,51.088318,50.165955,50.810715,104299.18,5300309.0,56.74,0.0,0,0,0
2008-07-28,51.079365,51.097275,50.26446,50.26446,58514.746,2964980.0,56.13,0.0,0,0,0
2008-07-29,50.470425,50.962948,50.309235,50.962948,147961.9,7502706.0,56.91,0.0,0,0,0
2008-07-30,51.14205,52.153965,51.14205,52.127098,423785.22,21817264.0,58.21,0.0,0,0,0
2008-07-31,51.742035,51.93009,50.962948,50.989815,621105.0,31986338.0,56.94,0.0,0,0,0
2008-08-01,51.115185,51.168915,50.613705,50.703255,343271.62,17460228.0,56.62,0.0,0,0,0
2008-08-04,50.658478,50.658478,48.965984,49.19881,128978.11,6384712.0,54.94,0.0,0,0,0
2008-08-05,49.458508,50.067448,49.21672,50.067448,340479.88,16907224.0,55.91,0.0,0,0,0
2008-08-06,49.83462,50.909218,49.83462,50.900265,69123.336,3485508.0,56.84,0.0,0,0,0
2008-08-07,50.497288,50.703255,49.959988,50.183865,102065.8,5150472.0,56.04,0.0,0,0,0
2008-08-08,50.004765,50.73012,49.736115,50.667435,172417.5,8679210.0,56.58,0.0,0,0,0
2008-08-11,50.68534,50.989815,50.54206,50.8734,107425.92,5458032.0,56.81,0.0,0,0,0
2008-08-12,51.01668,51.168915,50.461468,50.56893,383472.6,19465320.0,56.47,0.0,0,0,0
2008-08-13,50.58684,51.28533,50.354008,51.097275,146845.2,7440296.0,57.06,0.0,0,0,0
2008-08-14,50.936085,51.44652,50.73012,51.42861,168955.75,8659065.0,57.43,0.0,0,0,0
2008-08-15,51.455475,51.545025,51.124138,51.32115,124399.67,6387976.0,57.31,0.0,0,0,0
2008-08-18,51.598755,51.616665,50.40774,50.631615,84198.695,4273166.0,56.54,0.0,0,0,0
2008-08-19,50.613705,50.622658,50.228638,50.44356,84198.695,4243104.0,56.33,0.0,0,0,0
2008-08-20,50.604748,51.043545,50.595795,51.03459,71021.71,3606043.0,56.99,0.0,0,0,0
2008-08-21,51.088318,51.32115,50.756985,51.17787,574315.5,29270304.0,57.15,0.0,0,0,0
2008-08-22,51.356968,51.562935,51.133095,51.348015,179117.66,9192411.0,57.34,0.0,0,0,0
2008-08-25,51.15996,51.15996,50.156998,50.336098,252037.75,12713771.0,56.21,0.0,0,0,0
2008-08-26,50.371918,50.73012,50.273415,50.577885,61864.824,3121967.0,56.48,0.0,0,0,0
2008-08-27,50.89131,51.249508,50.774895,51.133095,35622.527,1817349.0,57.1,0.0,0,0,0
2008-08-28,51.419655,51.742035,51.204735,51.706215,48241.164,2484038.0,57.74,0.0,0,0,0
2008-08-29,51.643528,51.652485,50.99877,51.025635,290117.0,14860560.0,56.98,0.0,0,0,0
2008-09-02,51.133095,51.151005,49.771935,49.897305,117587.836,5930116.0,55.72,0.0,0,0,0
2008-09-03,49.718204,49.897305,48.634647,48.983894,85762.07,4199746.0,54.7,0.0,0,0,0
2008-09-04,48.60778,48.78688,47.273487,47.542137,421886.84,20124272.0,53.09,0.0,0,0,0
2008-09-05,47.515274,47.989887,46.4944,47.85556,1375431.5,64753424.0,53.44,0.0,0,0,0
2008-09-08,49.154037,49.368958,47.067524,47.649597,97152.34,4637361.0,53.21,0.0,0,0,0
2008-09-09,47.01379,47.0317,45.09742,45.375023,77275.195,3559468.0,50.67,0.0,0,0,0
2008-09-10,45.56308,46.40485,45.22279,46.055607,74930.14,3438734.0,51.43,0.0,0,0,0
2008-09-11,45.68845,46.94215,45.0616,46.94215,74595.13,3445503.0,52.42,0.0,0,0,0
2008-09-12,46.53022,47.89138,46.377987,47.89138,131658.17,6226216.0,53.48,0.0,0,0,0
2008-09-15,46.35112,46.61977,44.766087,44.963093,180122.67,8246252.0,50.21,0.0,0,0,0
2008-09-16,43.476562,45.68845,43.476562,45.68845,152652.02,6797052.0,51.02,0.0,0,0,0
2008-09-17,45.25861,45.25861,43.619843,43.619843,148185.25,6565717.0,48.71,0.0,0,0,0
2008-09-18,44.658623,45.285473,42.545242,45.13324,381350.88,16716664.0,50.4,0.0,0,0,0
2008-09-19,50.201775,56.944893,45.894417,47.130207,262199.66,12405704.0,52.63,0.0,0,0,0
2008-09-22,47.13916,47.371994,45.894417,45.912327,118146.19,5502086.0,51.27,0.0,0,0,0
2008-09-23,45.83173,46.413807,44.84668,45.034737,400223.0,18211700.0,50.29,0.0,0,0,0
2008-09-24,44.32729,45.446663,44.32729,44.748177,276158.34,12456649.0,49.97,0.0,0,0,0
2008-09-25,45.40189,46.20784,44.703396,45.213837,124511.336,5627326.0,50.49,0.0,0,0,0
2008-09-26,44.273556,44.416836,43.682526,44.416836,343829.97,15166045.0,49.6,0.0,0,0,0
2008-09-29,43.673573,43.673573,39.82292,40.584095,319486.03,13253897.0,45.32,0.0,0,0,0
2008-09-30,40.503498,42.294502,40.503498,42.28555,173645.86,7174925.0,47.22,0.0,0,0,0
2008-10-01,41.766155,41.98108,41.013935,41.596012,309659.12,12853104.0,46.45,0.0,0,0,0
2008-10-02,41.175125,41.175125,38.515488,38.685635,181016.03,7163166.0,43.2,0.0,0,0,0
2008-10-03,39.124428,39.993065,37.781178,37.915504,180792.7,7081457.0,42.34,0.0,0,0,0
2008-10-06,36.26778,36.64389,33.81411,36.10659,476604.84,16740120.0,40.32,0.0,0,0,0
2008-10-07,36.19614,36.634937,33.92157,33.92157,224120.4,7983083.0,37.88,0.0,0,0,0
2008-10-08,32.81115,35.06781,32.23803,33.912613,199218.14,6739809.0,37.87,0.0,0,0,0
2008-10-09,34.65588,35.08572,31.611177,32.067883,225795.45,7540624.0,35.81,0.0,0,0,0
2008-10-10,29.730627,32.103703,28.951542,31.136562,296482.16,8934367.0,34.77,0.0,0,0,0
2008-10-13,34.020077,35.237953,32.676826,35.237953,412394.94,13987717.0,39.35,0.0,0,0,0
2008-10-14,38.685635,38.685635,33.99321,34.575287,344276.66,12232573.0,38.61,0.0,0,0,0
2008-10-15,34.13649,34.13649,30.832092,30.850002,197096.42,6309945.0,34.45,0.0,0,0,0
2008-10-16,31.288795,32.327576,29.336603,32.327576,208151.69,6416931.0,36.1,0.0,0,0,0
2008-10-17,31.244022,33.99321,31.244022,32.390263,470239.7,15408049.0,36.17,0.0,0,0,0
2008-10-20,33.070843,34.539463,32.88279,34.53051,304187.34,10255914.0,38.56,0.0,0,0,0
2008-10-21,34.020077,34.557377,32.981297,33.088753,424231.9,14271323.0,36.95,0.0,0,0,0
2008-10-22,31.817142,32.103703,29.56048,30.536575,378447.47,11607494.0,34.1,0.0,0,0,0
2008-10-23,30.832092,31.038057,28.36051,29.838085,440312.28,12970616.0,33.32,0.0,0,0,0
2008-10-24,28.172453,29.193323,27.53665,28.763485,294137.1,8381546.0,32.12,0.0,0,0,0
2008-10-27,27.91276,29.085865,27.500828,27.500828,156337.11,4429992.0,30.71,0.0,0,0,0
2008-10-28,28.530655,29.963455,27.115765,29.963455,133779.89,3742420.0,33.46,0.0,0,0,0
2008-10-29,29.811222,32.067883,29.811222,30.894777,150530.3,4668043.0,34.5,0.0,0,0,0
2008-10-30,31.906694,32.52459,31.306705,32.52459,216973.56,6931885.0,36.32,0.0,0,0,0
2008-10-31,32.569363,33.58128,31.84401,33.09771,214405.17,6996864.0,36.96,0.0,0,0,0
2008-11-03,33.196213,33.40218,32.623093,32.963387,606029.6,19977656.0,36.81,0.0,0,0,0
2008-11-04,33.661873,34.58424,33.608143,34.5126,525627.7,17907356.0,38.54,0.0,0,0,0
2008-11-05,34.002167,34.31559,32.52459,32.533546,858179.06,28705012.0,36.33,0.0,0,0,0
2008-11-06,32.246983,32.354443,30.447027,30.563442,475041.47,14732027.0,34.13,0.0,0,0,0
2008-11-07,30.93955,31.629087,30.697765,31.387302,541931.44,16857332.0,35.05,0.0,0,0,0
2008-11-10,31.96938,32.38131,30.65299,31.029104,378224.12,11929352.0,34.65,0.0,0,0,0
2008-11-11,30.65299,30.697765,29.524662,29.981365,244555.9,7336390.0,33.48,0.0,0,0,0
2008-11-12,29.426157,29.444067,28.00231,28.10977,545281.5,15660855.0,31.39,0.0,0,0,0
2008-11-13,28.10977,30.06196,26.856068,30.06196,608486.4,17149800.0,33.57,0.0,0,0,0
2008-11-14,29.57839,30.02614,28.57543,28.691845,141150.08,4102261.0,32.04,0.0,0,0,0
2008-11-17,28.172453,28.933632,27.948578,28.011265,344499.97,9776149.0,31.28,0.0,0,0,0
2008-11-18,28.00231,28.423195,27.03517,27.89485,423115.22,11742073.0,31.15,0.0,0,0,0
2008-11-19,28.14559,28.14559,26.068027,26.068027,281406.78,7666041.0,29.11,0.0,0,0,0
2008-11-20,25.638187,25.888927,23.721815,23.847185,345393.34,8657245.0,26.63,0.0,0,0,0
2008-11-21,24.30389,25.387447,23.453165,25.387447,521160.9,12627548.0,28.35,0.0,0,0,0
2008-11-24,25.817287,27.742613,25.817287,27.357548,475041.47,12802795.0,30.55,0.0,0,0,0
2008-11-25,27.733658,27.939625,27.017258,27.832165,1315241.8,36317108.0,31.08,0.0,0,0,0
2008-11-26,27.509783,29.408245,27.276953,29.354515,200558.17,5713632.0,32.78,0.0,0,0,0
2008-11-28,29.27392,29.5963,29.032133,29.5963,214851.84,6291287.0,33.05,0.0,0,0,0
2008-12-01,28.969448,28.969448,26.865023,26.865023,670351.2,18566018.0,30.0,0.0,0,0,0
2008-12-02,27.088898,27.724703,26.721743,27.688885,361585.4,9886488.0,30.92,0.0,0,0,0
2008-12-03,27.088898,28.369465,27.017258,28.369465,283863.53,7891562.0,31.68,0.0,0,0,0
2008-12-04,27.975445,28.566475,26.721743,27.19636,347291.72,9667061.0,30.37,0.0,0,0,0
2008-12-05,26.909798,28.387375,26.202353,28.37842,691121.7,18854664.0,31.69,0.0,0,0,0
2008-12-08,29.00527,29.891817,29.00527,29.61421,420100.12,12384428.0,33.07,0.0,0,0,0
2008-12-09,29.4172,30.33061,29.121685,29.27392,374985.72,11119849.0,32.69,0.0,0,0,0
2008-12-10,29.56048,30.339567,29.479883,30.04405,214516.84,6391685.0,33.55,0.0,0,0,0
2008-12-11,29.766447,30.276882,28.727667,28.996317,220882.0,6553094.0,32.38,0.0,0,0,0
2008-12-12,28.36051,29.354515,27.805298,29.354515,424343.56,12231972.0,32.78,0.0,0,0,0
2008-12-15,29.569437,29.676895,28.405285,28.826168,262311.34,7577098.0,32.19,0.0,0,0,0
2008-12-16,30.33061,30.33061,29.175417,30.33061,349860.1,10337740.0,33.87,0.0,0,0,0
2008-12-17,29.999275,31.06492,29.811222,30.661947,349525.1,10695178.0,34.24,0.0,0,0,0
2008-12-18,30.697765,30.742544,29.63212,30.04405,286096.9,8658791.0,33.55,0.0,0,0,0
2008-12-19,30.321657,30.527622,29.793312,30.088825,414293.34,12456213.0,33.6,0.0,0,0,0
2008-12-22,29.999275,30.088825,28.638115,29.211235,415075.03,12107123.0,32.62,0.0,0,0,0
2008-12-23,29.318697,29.56048,28.826168,29.014227,348296.75,10136594.0,32.4,0.0,0,0,0
2008-12-24,28.70946,29.13325,28.682407,29.070131,765571.8,22223794.0,32.24,0.0,0,0,0
2008-12-26,29.214401,29.49392,29.142263,29.484903,106800.76,3129518.0,32.7,0.0,0,0,0
2008-12-29,29.611137,29.611137,28.853727,29.2685,1176915.5,34265724.0,32.46,0.0,0,0,0
2008-12-30,29.430801,30.14313,29.304567,30.098045,207501.78,6159462.0,33.38,0.0,0,0,0
2008-12-31,30.052961,30.990705,30.016893,30.56692,283471.2,8699064.0,33.9,0.0,0,0,0
2009-01-02,30.846437,32.090755,30.593967,31.919437,520029.88,16501528.0,35.4,0.0,0,0,0
2009-01-05,31.730082,32.40634,31.477613,32.171906,462248.78,14771642.0,35.68,0.0,0,0,0
2009-01-06,32.33421,32.776028,32.108788,32.52356,576036.5,18672896.0,36.07,0.0,0,0,0
2009-01-07,31.937468,31.964521,31.225143,31.423512,565057.0,17892264.0,34.85,0.0,0,0,0
2009-01-08,31.252193,31.703033,30.954641,31.648932,1653360.0,51841228.0,35.1,0.0,0,0,0
2009-01-09,31.703033,31.703033,30.684135,30.927588,743723.7,23134760.0,34.3,0.0,0,0,0
2009-01-12,30.954641,30.954641,29.881641,30.061977,544650.6,16454698.0,33.34,0.0,0,0,0
2009-01-13,30.034927,30.47675,29.818523,30.296412,949340.06,28711096.0,33.6,0.0,0,0,0
2009-01-14,29.782455,29.782455,28.943893,29.13325,1186564.2,34605810.0,32.31,0.0,0,0,0
2009-01-15,29.142263,30.007875,28.447971,29.69229,811597.06,23688000.0,32.93,0.0,0,0,0
2009-01-16,30.13411,30.395597,29.259483,30.170177,604760.7,18062190.0,33.46,0.0,0,0,0
2009-01-20,29.935743,29.989841,28.411905,28.456987,1016215.3,29647802.0,31.56,0.0,0,0,0
2009-01-21,28.889795,29.602123,28.25862,29.566055,547534.1,15782058.0,32.79,0.0,0,0,0
2009-01-22,28.889795,29.511953,28.51109,29.007011,855958.75,24818308.0,32.17,0.0,0,0,0
2009-01-23,28.339771,29.69229,28.249603,29.304567,860838.5,25015452.0,32.5,0.0,0,0,0
2009-01-26,29.313581,30.125095,29.151283,29.529987,583910.7,17323640.0,32.75,0.0,0,0,0
2009-01-27,29.80049,30.070993,29.430801,29.926723,404356.78,12063046.0,33.19,0.0,0,0,0
2009-01-28,30.575933,31.080875,30.386581,30.90054,472119.25,14521222.0,34.27,0.0,0,0,0
2009-01-29,30.575933,30.575933,29.90869,30.007875,457923.5,13867122.0,33.28,0.0,0,0,0
2009-01-30,30.25133,30.377563,29.196367,29.376703,420437.88,12455292.0,32.58,0.0,0,0,0
2009-02-02,28.93488,29.46687,28.799627,29.304567,371750.94,10830043.0,32.5,0.0,0,0,0
2009-02-03,29.430801,29.989841,29.106195,29.845573,329385.53,9731234.0,33.1,0.0,0,0,0
2009-02-04,29.989841,30.512817,29.782455,29.899675,353119.03,10625867.0,33.16,0.0,0,0,0
2009-02-05,29.656221,30.774305,29.57507,30.521832,686053.5,20845520.0,33.85,0.0,0,0,0
2009-02-06,30.630035,31.576797,30.56692,31.477613,2006479.1,62876756.0,34.91,0.0,0,0,0
2009-02-09,31.441545,31.829268,31.198092,31.450563,408903.84,12860440.0,34.88,0.0,0,0,0
2009-02-10,31.225143,31.694017,30.052961,30.269363,1085530.5,33291436.0,33.57,0.0,0,0,0
2009-02-11,30.431665,30.64807,29.737371,30.188211,879581.3,26644272.0,33.48,0.0,0,0,0
2009-02-12,29.674255,30.512817,29.43982,30.494783,1301350.1,38928600.0,33.82,0.0,0,0,0
2009-02-13,30.512817,30.837421,30.296412,30.404615,591341.25,18082784.0,33.72,0.0,0,0,0
2009-02-17,29.286533,29.430801,28.898811,28.93488,953332.6,27831698.0,32.09,0.0,0,0,0
2009-02-18,29.250465,29.2685,28.42994,28.799627,768898.94,22146496.0,31.94,0.0,0,0,0
2009-02-19,29.079147,29.331615,28.384853,28.438955,574594.75,16603550.0,31.54,0.0,0,0,0
2009-02-20,27.961065,28.619291,27.690561,28.285671,777549.44,21916596.0,31.37,0.0,0,0,0
2009-02-23,28.493055,28.547157,27.068403,27.113487,354117.16,9782106.0,30.07,0.0,0,0,0
2009-02-24,27.347923,28.348787,27.194637,28.168451,306871.97,8487080.0,31.24,0.0,0,0,0
2009-02-25,28.114351,28.475021,27.55531,27.943031,418441.6,11696488.0,30.99,0.0,0,0,0
2009-02-26,28.36682,28.42994,27.456125,27.465141,373525.4,10444336.0,30.46,0.0,0,0,0
2009-02-27,27.095453,27.80778,26.915117,27.230705,513930.12,14096488.0,30.2,0.0,0,0,0
2009-03-02,26.57248,26.707731,25.553583,25.625717,236558.69,6149311.0,28.42,0.0,0,0,0
2009-03-03,25.968353,26.130657,25.346197,25.643751,215375.98,5551168.0,28.44,0.0,0,0,0
2009-03-04,26.112623,27.02332,25.977371,26.59953,215930.52,5743085.0,29.5,0.0,0,0,0
2009-03-05,26.076555,26.365093,25.463413,25.607683,322620.38,8319449.0,28.4,0.0,0,0,0
2009-03-06,25.769985,26.148691,24.949457,25.571617,1030854.7,26176020.0,28.36,0.0,0,0,0
2009-03-09,25.292095,26.004421,25.147825,25.247011,280587.66,7157698.0,28.0,0.0,0,0,0
2009-03-10,25.760967,26.7979,25.760967,26.788881,189091.69,5006664.0,29.71,0.0,0,0,0
2009-03-11,27.059387,27.393007,26.635597,26.924135,310420.9,8380261.0,29.86,0.0,0,0,0
2009-03-12,27.014301,28.1414,26.644613,28.060251,187206.31,5141192.0,31.12,0.0,0,0,0
2009-03-13,28.285671,28.294685,27.762697,28.186485,347573.8,9745392.0,31.26,0.0,0,0,0
2009-03-16,28.438955,28.547157,27.825813,27.870897,210163.48,5954753.0,30.91,0.0,0,0,0
2009-03-17,27.906965,28.718475,27.636461,28.718475,172566.95,4861939.0,31.85,0.0,0,0,0
2009-03-18,28.673391,29.710323,28.303703,29.340635,317740.56,9224898.0,32.54,0.0,0,0,0
2009-03-19,29.836557,29.836557,29.2685,29.322601,625943.4,18418064.0,32.52,0.0,0,0,0
2009-03-20,29.421785,29.49392,28.339771,28.48404,375854.38,10810977.0,31.59,0.0,0,0,0
2009-03-23,29.266895,30.27703,28.987303,30.27703,295374.0,8724972.0,33.57,0.0,0,0,0
2009-03-24,29.90725,30.17782,29.654716,29.654716,688097.25,20577482.0,32.88,0.0,0,0,0
2009-03-25,29.79902,30.46643,29.068474,29.898232,416561.62,12484398.0,33.15,0.0,0,0,0
2009-03-26,30.358202,30.989538,30.195858,30.95346,303911.47,9324443.0,34.32,0.0,0,0,0
2009-03-27,30.592697,30.737005,30.213898,30.27703,248473.4,7565728.0,33.57,0.0,0,0,0
2009-03-30,29.645695,29.663733,28.987303,29.384144,122629.0,3585253.0,32.58,0.0,0,0,0
2009-03-31,29.735888,30.159782,29.384144,29.465313,67745.31,2013709.0,32.67,0.0,0,0,0
2009-04-01,29.086514,29.979403,28.978285,29.952343,113315.41,3354306.0,33.21,0.0,0,0,0
2009-04-02,30.7821,31.629892,30.709946,31.151882,228848.33,7152131.0,34.54,0.0,0,0,0
2009-04-03,31.242071,31.539701,30.908367,31.485586,167866.45,5250627.0,34.91,0.0,0,0,0
2009-04-06,31.224033,31.278149,30.755041,31.260109,83267.98,2580060.0,34.66,0.0,0,0,0
2009-04-07,30.718967,30.755041,30.186842,30.258991,129170.69,3932655.0,33.55,0.0,0,0,0
2009-04-08,30.520546,30.818174,30.213898,30.809156,193589.72,5913719.0,34.16,0.0,0,0,0
2009-04-09,31.638912,32.03575,31.467548,32.03575,79830.81,2539821.0,35.52,0.0,0,0,0
2009-04-13,31.810274,32.089867,31.404415,31.927523,153896.06,4870505.0,35.4,0.0,0,0,0
2009-04-14,31.602835,32.089867,31.43147,31.521664,287169.2,9105585.0,34.95,0.0,0,0,0
2009-04-15,31.395397,31.711063,31.178938,31.656948,842658.56,26474144.0,35.1,0.0,0,0,0
2009-04-16,32.080845,32.594933,31.693026,32.387493,1454029.6,46636010.0,35.91,0.0,0,0,0
2009-04-17,32.43259,32.793354,32.216133,32.658066,282290.62,9168884.0,36.21,0.0,0,0,0
2009-04-20,32.171036,32.171036,31.224033,31.251093,156446.22,4919310.0,34.65,0.0,0,0,0
2009-04-21,31.06169,31.819292,31.052671,31.774197,391726.47,12329356.0,35.23,0.0,0,0,0
2009-04-22,31.449509,32.73924,31.449509,32.01771,517680.66,16735703.0,35.5,0.0,0,0,0
2009-04-23,32.080845,32.20711,31.530682,32.098885,528990.0,16866916.0,35.59,0.0,0,0,0
2009-04-24,32.486706,33.00079,32.107903,32.757275,573118.7,18704646.0,36.32,0.0,0,0,0
2009-04-27,32.14398,32.910603,32.12594,32.378475,184830.52,6005184.0,35.9,0.0,0,0,0
2009-04-28,32.080845,32.640026,31.93654,32.288284,506260.4,16402807.0,35.8,0.0,0,0,0
2009-04-29,32.775314,33.487823,32.603954,33.10902,395384.28,13071066.0,36.71,0.0,0,0,0
2009-04-30,33.78545,34.019947,33.100002,33.22627,632104.8,21197516.0,36.84,0.0,0,0,0
2009-05-01,33.081963,33.69526,33.027847,33.442726,327528.1,10894145.0,37.08,0.0,0,0,0
2009-05-04,33.839565,34.723434,33.78545,34.723434,446387.3,15349970.0,38.5,0.0,0,0,0
2009-05-05,34.515995,34.750492,34.191307,34.624226,2025263.4,69802970.0,38.39,0.0,0,0,0
2009-05-06,35.14733,35.14733,34.17327,34.67834,403256.47,13938002.0,38.45,0.0,0,0,0
2009-05-07,35.255558,35.255558,33.7133,33.947792,337728.7,11559996.0,37.64,0.0,0,0,0
2009-05-08,34.525013,34.8497,34.07406,34.696377,324977.94,11209375.0,38.47,0.0,0,0,0
2009-05-11,34.994007,34.994007,33.857605,34.27248,316440.47,10851792.0,38.0,0.0,0,0,0
2009-05-12,34.335613,34.64226,33.460762,33.98387,227185.19,7704547.0,37.68,0.0,0,0,0
2009-05-13,33.59605,33.59605,32.73924,32.856487,268542.0,8876169.0,36.43,0.0,0,0,0
2009-05-14,32.838448,33.4788,32.73924,33.19019,203679.45,6747631.0,36.8,0.0,0,0,0
2009-05-15,33.145096,33.57801,32.90158,33.045887,258895.77,8597259.0,36.64,0.0,0,0,0
2009-05-18,33.37959,34.056023,33.181175,34.019947,215543.2,7244043.0,37.72,0.0,0,0,0
2009-05-19,34.019947,34.57913,33.866623,34.209347,228959.2,7866369.0,37.93,0.0,0,0,0
2009-05-20,34.46188,35.084198,34.019947,34.056023,134825.38,4663505.0,37.76,0.0,0,0,0
2009-05-21,33.623108,33.7133,32.982754,33.289402,207116.61,6911263.0,36.91,0.0,0,0,0
2009-05-22,33.39763,33.632126,33.045887,33.271362,132940.48,4441527.0,36.89,0.0,0,0,0
2009-05-26,32.91962,34.36267,32.91962,34.335613,300696.06,10149741.0,38.07,0.0,0,0,0
2009-05-27,34.27248,34.723434,33.9027,33.92074,117750.45,4052103.0,37.61,0.0,0,0,0
2009-05-28,34.15523,34.380707,33.559975,34.209347,82713.59,2817664.0,37.93,0.0,0,0,0
2009-05-29,34.46188,34.723434,34.236404,34.723434,97460.12,3354351.0,38.5,0.0,0,0,0
2009-06-01,35.210464,36.139427,35.210464,36.004143,128505.44,4610826.0,39.92,0.0,0,0,0
2009-06-02,35.86886,36.283733,35.778664,36.067276,166868.58,6008697.0,39.99,0.0,0,0,0
2009-06-03,35.760628,35.86886,35.003025,35.36379,140923.56,4971363.0,39.21,0.0,0,0,0
2009-06-04,35.670437,35.706512,35.192425,35.64338,120965.86,4291132.0,39.52,0.0,0,0,0
2009-06-05,36.211582,36.211582,35.273598,35.571224,143917.22,5130357.0,39.44,0.0,0,0,0
2009-06-08,35.381824,35.535152,34.813625,35.291637,111319.63,3908009.0,39.13,0.0,0,0,0
2009-06-09,35.42692,36.067276,35.42692,35.83278,121963.74,4363370.0,39.73,0.0,0,0,0
2009-06-10,36.301773,36.301773,35.264576,35.769646,165094.56,5881401.0,39.66,0.0,0,0,0
2009-06-11,35.895912,36.31981,35.787685,36.004143,108436.85,3914200.0,39.92,0.0,0,0,0
2009-06-12,35.796703,35.91395,35.408882,35.886894,277079.44,9866151.0,39.79,0.0,0,0,0
2009-06-15,35.580246,35.580246,34.768528,35.012043,77945.92,2728919.0,38.82,0.0,0,0,0
2009-06-16,35.219482,35.309677,34.29052,34.398746,53885.8,1871741.0,38.14,0.0,0,0,0
2009-06-17,34.299538,34.732452,34.028965,34.416786,132386.1,4559026.0,38.16,0.0,0,0,0
2009-06-18,34.45286,34.597168,34.10112,34.515995,75284.89,2593746.0,38.27,0.0,0,0,0
2009-06-19,34.858723,34.96695,34.506973,34.67834,58653.473,2038861.0,38.45,0.0,0,0,0
2009-06-22,34.344635,34.344635,33.38861,33.38861,80274.32,2704719.0,37.02,0.0,0,0,0
2009-06-23,33.4788,33.57801,33.01883,33.37959,64751.66,2154743.0,37.01,0.0,0,0,0
2009-06-24,33.60507,34.128174,33.59605,33.839565,96905.734,3288687.0,37.52,0.0,0,0,0
2009-06-25,33.60507,34.714417,33.60507,34.714417,90253.17,3105003.0,38.49,0.0,0,0,0
2009-06-26,34.57913,34.75951,34.46188,34.633244,94022.96,3258278.0,38.4,0.0,0,0,0
2009-06-29,34.768528,35.003025,34.434826,34.885777,72512.99,2526944.0,38.68,0.0,0,0,0
2009-06-30,35.003025,35.120274,34.45286,34.68736,77502.414,2692380.0,38.46,0.0,0,0,0
2009-07-01,34.885777,35.183407,34.723434,34.732452,49450.754,1727674.0,38.51,0.0,0,0,0
2009-07-02,34.27248,34.335613,33.776432,33.80349,69408.46,2355149.0,37.48,0.0,0,0,0
2009-07-06,33.514877,33.60507,33.00079,33.38861,57322.957,1908639.0,37.02,0.0,0,0,0
2009-07-07,33.370575,33.41567,32.649048,32.685123,368663.12,12132526.0,36.24,0.0,0,0,0
2009-07-08,32.748257,32.856487,32.107903,32.54082,385848.94,12546374.0,36.08,0.0,0,0,0
2009-07-09,32.73924,33.027847,32.567875,32.775314,84709.36,2780104.0,36.34,0.0,0,0,0
2009-07-10,32.63101,32.955696,32.468666,32.73924,82824.47,2707299.0,36.3,0.0,0,0,0
2009-07-13,32.793354,33.343517,32.216133,33.29842,119191.836,3927791.0,36.92,0.0,0,0,0
2009-07-14,33.361557,33.69526,33.24431,33.69526,70738.97,2369908.0,37.36,0.0,0,0,0
2009-07-15,34.15523,34.696377,34.128174,34.606186,164540.17,5679520.0,38.37,0.0,0,0,0
2009-07-16,34.525013,35.210464,34.45286,35.093216,74065.26,2579268.0,38.91,0.0,0,0,0
2009-07-17,35.030083,35.228504,34.822643,35.093216,44128.7,1547384.0,38.91,0.0,0,0,0
2009-07-20,35.390846,35.760628,35.300655,35.697495,91251.055,3241072.0,39.58,0.0,0,0,0
2009-07-21,35.968067,36.0312,35.33673,35.877876,97238.37,3472262.0,39.78,0.0,0,0,0
2009-07-22,35.760628,36.175507,35.706512,36.004143,68077.945,2449792.0,39.92,0.0,0,0,0
2009-07-23,35.977085,36.98722,35.950027,36.91507,87592.14,3219992.0,40.93,0.0,0,0,0
2009-07-24,36.545288,37.176624,36.51823,37.158585,80163.445,2952522.0,41.2,0.0,0,0,0
2009-07-27,37.041336,37.19466,36.77978,37.176624,52555.285,1944689.0,41.22,0.0,0,0,0
2009-07-28,36.89703,37.248775,36.680573,37.131527,54329.305,2009323.0,41.17,0.0,0,0,0
2009-07-29,36.93311,36.93311,36.61744,36.906048,33262.84,1224102.0,40.92,0.0,0,0,0
2009-07-30,37.329945,37.636593,37.149563,37.230736,81604.83,3055128.0,41.28,0.0,0,0,0
2009-07-31,37.07741,37.501312,37.07741,37.29387,62645.01,2339778.0,41.35,0.0,0,0,0
2009-08-03,37.672672,38.060493,37.465233,38.05147,89033.53,3367276.0,42.19,0.0,0,0,0
2009-08-04,37.934227,38.331062,37.844032,38.141663,102338.664,3892890.0,42.29,0.0,0,0,0
2009-08-05,38.276947,38.276947,37.654633,37.96128,47676.734,1805015.0,42.09,0.0,0,0,0
2009-08-06,38.060493,38.16872,37.4021,37.582478,1805285.1,67965140.0,41.67,0.0,0,0,0
2009-08-07,38.132645,38.47537,37.7809,38.276947,43906.95,1678168.0,42.44,0.0,0,0,0
2009-08-10,38.195778,38.35812,37.9703,38.15068,60870.996,2321907.0,42.3,0.0,0,0,0
2009-08-11,38.015396,38.06951,37.62758,37.7809,43796.07,1653675.0,41.89,0.0,0,0,0
2009-08-12,37.79894,38.5385,37.744823,38.231853,44904.832,1717544.0,42.39,0.0,0,0,0
2009-08-13,38.484386,38.601635,37.98834,38.601635,57212.082,2196679.0,42.8,0.0,0,0,0
2009-08-14,38.547523,38.547523,37.77188,38.033432,36145.617,1370787.0,42.17,0.0,0,0,0
2009-08-17,37.393078,37.438175,36.960163,37.041336,49783.383,1846768.0,41.07,0.0,0,0,0
2009-08-18,37.185642,37.528366,37.059376,37.45621,39250.15,1466469.0,41.53,0.0,0,0,0
2009-08-19,37.08643,37.81698,36.98722,37.7809,64973.41,2432034.0,41.89,0.0,0,0,0
2009-08-20,37.672672,38.105587,37.519344,38.07853,75617.52,2862394.0,42.22,0.0,0,0,0
2009-08-21,38.313026,38.890247,38.28597,38.791035,108215.1,4180959.0,43.01,0.0,0,0,0
2009-08-24,39.007496,39.1518,38.583595,38.682808,64751.66,2517600.0,42.89,0.0,0,0,0
2009-08-25,38.926323,39.178856,38.682808,38.76398,38917.52,1513666.0,42.98,0.0,0,0,0
2009-08-26,38.628696,38.93534,38.520462,38.69183,31267.068,1209075.0,42.9,0.0,0,0,0
2009-08-27,38.66477,38.926323,38.060493,38.809074,41024.168,1584928.0,43.03,0.0,0,0,0
2009-08-28,39.25101,39.287086,38.583595,38.908283,93357.7,3625416.0,43.14,0.0,0,0,0
2009-08-31,38.57458,38.57458,38.195778,38.430275,58986.1,2260212.0,42.61,0.0,0,0,0
2009-09-01,38.26793,38.890247,37.57346,37.5915,74508.76,2826405.0,41.68,0.0,0,0,0
2009-09-02,37.42014,37.699726,37.31191,37.528366,43463.44,1630853.0,41.61,0.0,0,0,0
2009-09-03,37.744823,37.96128,37.429157,37.96128,43796.07,1651159.0,42.09,0.0,0,0,0
2009-09-04,38.042454,38.57458,37.889126,38.529484,61979.758,2370154.0,42.72,0.0,0,0,0
2009-09-08,39.02553,39.160816,38.85417,39.160816,37808.76,1475885.0,43.42,0.0,0,0,0
2009-09-09,39.23297,39.72902,38.989456,39.593735,76171.9,3009692.0,43.9,0.0,0,0,0
2009-09-10,39.61177,40.125862,39.52158,40.11684,47233.23,1881710.0,44.48,0.0,0,0,0
2009-09-11,40.13488,40.43251,39.9094,40.170956,55105.438,2215109.0,44.54,0.0,0,0,0
2009-09-14,39.873325,40.495644,39.74706,40.468582,79830.81,3216081.0,44.87,0.0,0,0,0
2009-09-15,40.48662,40.865425,40.351337,40.81131,46567.973,1893410.0,45.25,0.0,0,0,0
2009-09-16,40.96463,41.451664,40.757195,41.451664,62423.26,2568203.0,45.96,0.0,0,0,0
2009-09-17,41.325397,41.767334,41.135998,41.253246,65971.3,2729306.0,45.74,0.0,0,0,0
2009-09-18,41.442646,41.48774,41.0909,41.35245,55770.69,2304630.0,45.85,0.0,0,0,0
2009-09-21,41.01875,41.415585,40.81131,41.379513,54661.934,2251797.0,45.88,0.0,0,0,0
2009-09-22,41.595966,41.731255,41.442646,41.60499,106773.71,4438110.0,46.13,0.0,0,0,0
2009-09-23,41.731255,41.78537,41.063843,41.063843,65416.918,2713368.0,45.53,0.0,0,0,0
2009-09-24,41.172073,41.20815,40.225067,40.41447,95796.98,3874055.0,44.81,0.0,0,0,0
2009-09-25,40.342316,40.468582,39.99959,40.188995,68854.08,2768604.0,44.56,0.0,0,0,0
2009-09-28,40.44153,41.01875,40.333298,40.91052,31156.193,1272601.0,45.36,0.0,0,0,0
2009-09-29,41.00973,41.307358,40.901497,41.072865,88479.15,3636238.0,45.54,0.0,0,0,0
2009-09-30,41.145016,41.271282,40.40545,40.955616,69519.336,2841507.0,45.41,0.0,0,0,0
2009-10-01,40.757195,40.856403,39.584713,39.584713,154228.7,6140513.0,43.89,0.0,0,0,0
2009-10-02,39.21493,39.683926,39.115723,39.33218,89366.164,3517069.0,43.61,0.0,0,0,0
2009-10-05,39.476486,40.170956,39.413353,40.089783,104223.56,4152008.0,44.45,0.0,0,0,0
2009-10-06,40.450546,41.00071,40.387413,40.730137,111652.266,4549454.0,45.16,0.0,0,0,0
2009-10-07,40.72112,40.865425,40.51368,40.766216,155670.08,6324907.0,45.2,0.0,0,0,0
2009-10-08,41.072865,41.47872,40.91052,41.307358,150237.16,6198569.0,45.8,0.0,0,0,0
2009-10-09,41.35245,41.614006,41.20815,41.568913,76948.03,3187340.0,46.09,0.0,0,0,0
2009-10-12,41.767334,42.055943,41.568913,41.758312,68743.2,2877017.0,46.3,0.0,0,0,0
2009-10-13,41.740273,41.83948,41.406567,41.7042,82824.47,3450482.0,46.24,0.0,0,0,0
2009-10-14,42.18221,42.45278,41.99281,42.434742,68854.08,2904031.0,47.05,0.0,0,0,0
2009-10-15,42.18221,42.57905,42.146133,42.57905,62423.26,2644039.0,47.21,0.0,0,0,0
2009-10-16,42.299458,42.443764,41.97477,42.299458,86594.26,3654306.0,46.9,0.0,0,0,0
2009-10-19,42.35357,42.885696,42.209267,42.813545,85929.0,3667842.0,47.47,0.0,0,0,0
2009-10-20,42.885696,42.885696,42.16417,42.45278,106441.086,4514044.0,47.07,0.0,0,0,0
2009-10-21,42.37161,42.885696,42.01085,42.01085,101562.53,4326405.0,46.58,0.0,0,0,0
2009-10-22,41.983788,42.497875,41.58695,42.326515,107106.34,4494894.0,46.93,0.0,0,0,0
2009-10-23,42.470818,42.488857,41.6591,41.740273,145580.36,6106119.0,46.28,0.0,0,0,0
2009-10-26,41.830467,42.407684,41.289318,41.37049,141256.19,5911538.0,45.87,0.0,0,0,0
2009-10-27,41.47872,41.57793,40.847385,40.92856,96129.6,3960785.0,45.38,0.0,0,0,0
2009-10-28,40.81131,40.81131,39.566677,39.5757,99012.38,3981636.0,43.88,0.0,0,0,0
2009-10-29,39.882347,40.61289,39.882347,40.558777,48120.24,1938170.0,44.97,0.0,0,0,0
2009-10-30,40.387413,40.567795,39.278065,39.341198,134825.38,5373893.0,43.62,0.0,0,0,0
2009-11-02,39.395313,40.02665,39.02553,39.55766,112428.4,4443033.0,43.86,0.0,0,0,0
2009-11-03,39.33218,39.9545,39.097683,39.92744,90696.67,3582807.0,44.27,0.0,0,0,0
2009-11-04,40.152916,40.60387,39.972534,39.972534,104999.695,4242332.0,44.32,0.0,0,0,0
2009-11-05,40.378395,40.883465,40.261147,40.883465,72512.99,2944092.0,45.33,0.0,0,0,0
2009-11-06,40.59485,41.045803,40.468582,40.892483,83267.98,3392244.0,45.34,0.0,0,0,0
2009-11-09,41.20815,41.812428,41.20815,41.767334,60094.863,2502305.0,46.31,0.0,0,0,0
2009-11-10,41.722233,41.97477,41.57793,41.77635,36256.496,1515259.0,46.32,0.0,0,0,0
2009-11-11,42.16417,42.35357,41.78537,41.99281,56990.332,2394623.0,46.56,0.0,0,0,0
2009-11-12,41.947712,42.119076,41.37049,41.451664,82159.21,3423205.0,45.96,0.0,0,0,0
2009-11-13,41.595966,41.911636,41.325397,41.803406,107438.97,4478902.0,46.35,0.0,0,0,0
2009-11-16,42.137115,42.62414,42.01085,42.4618,36589.12,1552953.0,47.08,0.0,0,0,0
2009-11-17,42.281418,42.34455,42.019867,42.34455,76615.41,3236312.0,46.95,0.0,0,0,0
2009-11-18,42.35357,42.35357,41.821445,42.001827,55216.312,2318802.0,46.57,0.0,0,0,0
2009-11-19,41.6591,41.6591,40.892483,41.19913,57212.082,2350441.0,45.68,0.0,0,0,0
2009-11-20,40.98267,41.01875,40.703083,40.946598,51335.65,2095639.0,45.4,0.0,0,0,0
2009-11-23,41.442646,41.803406,41.253246,41.38853,64419.03,2671589.0,45.89,0.0,0,0,0
2009-11-24,41.38853,41.451664,41.045803,41.37049,68743.2,2838099.0,45.87,0.0,0,0,0
2009-11-25,41.47872,41.78537,41.334415,41.78537,49894.258,2073361.0,46.33,0.0,0,0,0
2009-11-27,40.225067,41.31638,40.225067,41.01875,22840.482,935178.0,45.48,0.0,0,0,0
2009-11-30,41.00071,41.01875,40.59485,40.97365,92470.695,3767603.0,45.43,0.0,0,0,0
2009-12-01,41.307358,41.830467,41.307358,41.69518,43130.812,1795456.0,46.23,0.0,0,0,0
2009-12-02,41.60499,42.16417,41.60499,41.87556,69075.83,2894040.0,46.43,0.0,0,0,0
2009-12-03,42.037903,42.236324,41.4697,41.47872,38030.51,1593368.0,45.99,0.0,0,0,0
2009-12-04,42.173187,42.416702,41.37049,41.88458,104556.19,4373794.0,46.44,0.0,0,0,0
2009-12-07,41.848503,42.119076,41.794388,41.8936,52000.906,2183504.0,46.45,0.0,0,0,0
2009-12-08,41.550873,41.77635,41.16305,41.532833,51668.277,2145888.0,46.05,0.0,0,0,0
2009-12-09,41.514797,41.7042,41.10894,41.614006,37476.133,1552623.0,46.14,0.0,0,0,0
2009-12-10,41.902615,42.146133,41.88458,41.97477,59096.977,2482708.0,46.54,0.0,0,0,0
2009-12-11,42.18221,42.218285,41.902615,42.16417,45680.965,1924204.0,46.75,0.0,0,0,0
2009-12-14,42.488857,42.87668,42.37161,42.87668,52222.656,2229860.0,47.54,0.0,0,0,0
2009-12-15,42.64218,43.03,42.64218,42.867657,44017.824,1887175.0,47.53,0.0,0,0,0
2009-12-16,43.03902,43.34567,43.03902,43.165287,85818.125,3709549.0,47.86,0.0,0,0,0
2009-12-17,42.867657,42.94883,42.606106,42.705315,99788.516,4266036.0,47.35,0.0,0,0,0
2009-12-18,42.885696,43.093132,42.57003,43.020985,127618.42,5454232.0,47.7,0.0,0,0,0
2009-12-21,43.255478,43.652317,43.255478,43.571148,68521.445,2982968.0,48.31,0.0,0,0,0
2009-12-22,43.73349,44.022102,43.5982,43.99504,85929.0,3772351.0,48.78,0.0,0,0,0
2009-12-23,44.067196,44.40992,43.99504,44.4009,198911.78,8802117.0,49.23,0.0,0,0,0
2009-12-24,44.439,44.63856,44.439,44.63856,22599.406,1006816.0,49.21,0.0,0,0,0
2009-12-28,44.747417,44.80184,44.402718,44.575066,53356.65,2381309.0,49.14,0.0,0,0,0
2009-12-29,44.629494,44.63856,44.411785,44.439,50600.62,2249930.0,48.99,0.0,0,0,0
2009-12-30,44.312004,44.439,44.20315,44.366432,116855.47,5178227.0,48.91,0.0,0,0,0
2009-12-31,44.511566,44.52971,43.967308,43.98545,110792.21,4905053.0,48.49,0.0,0,0,0
2010-01-04,44.511566,44.847195,44.021732,44.829052,92161.484,4121379.0,49.42,0.0,0,0,0
2010-01-05,44.847195,45.110256,44.7202,45.083042,99216.91,4459968.0,49.7,0.0,0,0,0
2010-01-06,45.001404,45.454956,45.001404,45.409603,74963.88,3396314.0,50.06,0.0,0,0,0
2010-01-07,45.346104,45.51845,45.092113,45.50031,92492.2,4192709.0,50.16,0.0,0,0,0
2010-01-08,45.355175,45.76337,45.21911,45.76337,56884.36,2590856.0,50.45,0.0,0,0,0
2010-01-11,46.01736,46.062714,45.49124,45.708942,136478.36,6239160.0,50.39,0.0,0,0,0
2010-01-12,45.445885,45.445885,44.756485,45.019547,60412.07,2720661.0,49.63,0.0,0,0,0
2010-01-13,45.210037,45.56381,44.747417,45.527523,46080.742,2082710.0,50.19,0.0,0,0,0
2010-01-14,45.436813,45.636375,45.282604,45.482166,62727.133,2849608.0,50.14,0.0,0,0,0
2010-01-15,45.482166,45.482166,44.63856,44.829052,63829.543,2860294.0,49.42,0.0,0,0,0
2010-01-19,44.946976,45.246323,44.80184,45.23725,84113.89,3794086.0,49.87,0.0,0,0,0
2010-01-20,44.89255,44.89255,44.402718,44.829052,74081.95,3308188.0,49.42,0.0,0,0,0
2010-01-21,44.901623,45.03769,44.076157,44.130585,61404.242,2719775.0,48.65,0.0,0,0,0
2010-01-22,44.148724,44.148724,43.087414,43.159985,74633.164,3256816.0,47.58,0.0,0,0,0
2010-01-25,43.47747,43.586323,43.1237,43.31419,39356.04,1706481.0,47.75,0.0,0,0,0
2010-01-26,43.178123,43.468395,42.87878,43.105556,41230.137,1781829.0,47.52,0.0,0,0,0
2010-01-27,42.924137,43.1872,42.570366,43.13277,46080.742,1973662.0,47.55,0.0,0,0,0
2010-01-28,43.21441,43.31419,42.27102,42.552223,53025.926,2258323.0,46.91,0.0,0,0,0
2010-01-29,42.75179,43.05113,41.72676,41.962605,51703.03,2186825.0,46.26,0.0,0,0,0
2010-02-01,41.97168,42.67922,41.97168,42.670147,65813.88,2786598.0,47.04,0.0,0,0,0
2010-02-02,42.68829,43.4049,42.624794,43.359547,43655.438,1881162.0,47.8,0.0,0,0,0
2010-02-03,43.150913,43.395832,43.014847,43.1237,46852.426,2020156.0,47.54,0.0,0,0,0
2010-02-04,42.733646,42.733646,41.490913,41.490913,72869.305,3049464.0,45.74,0.0,0,0,0
2010-02-05,41.527195,41.527195,40.52031,41.509052,155660.3,6390161.0,45.76,0.0,0,0,0
2010-02-08,41.518127,41.90818,41.1825,41.391132,76727.74,3193408.0,45.63,0.0,0,0,0
2010-02-09,41.953537,42.31638,41.61791,42.062386,83342.2,3501973.0,46.37,0.0,0,0,0
2010-02-10,41.935394,42.116814,41.454628,41.880966,46301.223,1939862.0,46.17,0.0,0,0,0
2010-02-11,41.79933,42.59758,41.61791,42.579437,61734.965,2612937.0,46.94,0.0,0,0,0
2010-02-12,42.09867,42.706432,41.953537,42.706432,75845.81,3212980.0,47.08,0.0,0,0,0
2010-02-16,43.13277,43.54088,43.014847,43.522823,69140.95,2997424.0,47.98,0.0,0,0,0
2010-02-17,43.7496,43.840313,43.522823,43.804028,44096.402,1927435.0,48.29,0.0,0,0,0
2010-02-18,43.82217,44.0943,43.72239,44.058014,108697.63,4775898.0,48.57,0.0,0,0,0
2010-02-19,43.958233,44.366432,43.894737,44.230366,55230.742,2439549.0,48.76,0.0,0,0,0
2010-02-22,44.393642,44.44807,44.0943,44.18501,71656.66,3170180.0,48.71,0.0,0,0,0
2010-02-23,44.10337,44.10337,43.368618,43.413975,121706.07,5304852.0,47.86,0.0,0,0,0
2010-02-24,43.64982,43.967308,43.613537,43.876595,44096.402,1932140.0,48.37,0.0,0,0,0
2010-02-25,43.277905,44.039875,43.087414,44.01266,58978.938,2571536.0,48.52,0.0,0,0,0
2010-02-26,44.039875,44.17594,43.794956,44.1578,42332.547,1864965.0,48.68,0.0,0,0,0
2010-03-01,44.312004,45.07397,44.312004,45.05583,122367.516,5495976.0,49.67,0.0,0,0,0
2010-03-02,45.23725,45.50031,45.20097,45.32796,165251.27,7493740.0,49.97,0.0,0,0,0
2010-03-03,45.41867,45.736156,45.346104,45.427742,55984.793,2549534.0,50.08,0.0,0,0,0
2010-03-04,45.4731,45.60916,45.25539,45.454956,48285.562,2190569.0,50.11,0.0,0,0,0
2010-03-05,45.736156,46.17157,45.6908,46.144352,113548.234,5225457.0,50.87,0.0,0,0,0
2010-03-08,46.20785,46.262276,46.062714,46.10807,107925.945,4982307.0,50.83,0.0,0,0,0
2010-03-09,45.972004,46.416485,45.92665,46.1683,76358.43,3530804.0,50.8964,0.0,0,0,0
2010-03-10,46.20785,46.616047,46.20785,46.597904,35718.086,1661241.0,51.37,0.0,0,0,0
2010-03-11,46.407413,46.715828,46.262276,46.715828,94366.305,4388121.0,51.5,0.0,0,0,0
2010-03-12,46.888176,46.89725,46.570694,46.79747,80806.66,3774319.0,51.59,0.0,0,0,0
2010-03-15,46.70676,46.70676,46.17157,46.525337,44868.09,2080856.0,51.29,0.0,0,0,0
2010-03-16,46.70676,47.042385,46.525337,47.042385,112776.55,5280316.0,51.86,0.0,0,0,0
2010-03-17,47.151237,47.486866,47.124027,47.287304,56333.152,2666208.0,52.13,0.0,0,0,0
2010-03-18,47.34173,47.378014,46.960747,47.0696,54348.816,2562993.0,51.89,0.0,0,0,0
2010-03-19,47.24195,47.24195,46.48905,46.57976,49277.73,2304821.0,51.35,0.0,0,0,0
2010-03-22,46.225994,47.205666,46.225994,47.14217,157644.64,7399477.0,51.97,0.0,0,0,0
2010-03-23,47.26916,47.622932,47.105885,47.622932,56994.6,2696092.0,52.5,0.0,0,0,0
2010-03-24,47.450584,47.50501,47.22381,47.323586,60081.348,2845597.0,52.17,0.0,0,0,0
2010-03-25,47.622932,47.686428,46.915394,46.951675,68018.7,3234628.0,51.76,0.0,0,0,0
2010-03-26,47.051456,47.296375,46.670475,46.960747,40458.45,1901544.0,51.77,0.0,0,0,0
2010-03-29,47.16938,47.459652,47.16938,47.441513,29434.348,1393929.0,52.3,0.0,0,0,0
2010-03-30,47.51408,47.641075,47.16938,47.50501,31528.928,1495556.0,52.37,0.0,0,0,0
2010-03-31,47.33266,47.613865,47.26009,47.278233,37922.906,1798432.0,52.12,0.0,0,0,0
2010-04-01,47.60479,47.94949,47.43244,47.759,50490.38,2407701.0,52.65,0.0,0,0,0
2010-04-05,48.0402,48.511894,47.931347,48.511894,55561.47,2683754.0,53.48,0.0,0,0,0
2010-04-06,48.29419,48.666103,48.26153,48.553257,231455.4,11215511.0,53.5256,0.0,0,0,0
2010-04-07,48.530037,48.530037,47.94949,48.185337,73530.75,3550654.0,53.12,0.0,0,0,0
2010-04-08,48.058342,48.28512,47.659218,48.239765,39245.797,1884518.0,53.18,0.0,0,0,0
2010-04-09,48.366756,48.684242,48.23069,48.684242,32851.82,1593164.0,53.67,0.0,0,0,0
2010-04-12,48.76588,48.91102,48.684242,48.774956,78601.836,3835120.0,53.77,0.0,0,0,0
2010-04-13,48.711456,48.906487,48.520966,48.86566,38194.098,1862568.0,53.87,0.0,0,0,0
2010-04-14,49.137794,49.582275,49.128723,49.582275,78271.12,3863919.0,54.66,0.0,0,0,0
2010-04-15,49.51878,49.772766,49.46435,49.564133,68569.91,3400952.0,54.64,0.0,0,0,0
2010-04-16,49.419,49.527847,48.47561,48.856594,76066.3,3715919.0,53.86,0.0,0,0,0
2010-04-19,48.611675,48.802166,48.01299,48.539104,58868.695,2847992.0,53.51,0.0,0,0,0
2010-04-20,48.82938,49.228508,48.7296,49.192223,60081.348,2947665.0,54.23,0.0,0,0,0
2010-04-21,49.25572,49.319214,48.847523,49.201294,28111.457,1378869.0,54.24,0.0,0,0,0
2010-04-22,48.774956,49.836266,48.48468,49.78184,96130.16,4731820.0,54.88,0.0,0,0,0
2010-04-23,49.845337,50.335175,49.7002,50.307957,53246.406,2660586.0,55.46,0.0,0,0,0
2010-04-26,50.380527,50.58009,50.21725,50.280746,47734.355,2406739.0,55.43,0.0,0,0,0
2010-04-27,50.08118,50.235394,48.784023,48.91102,63278.336,3130722.0,53.92,0.0,0,0,0
2010-04-28,49.146866,49.310146,48.693314,49.065228,55120.504,2702590.0,54.09,0.0,0,0,0
2010-04-29,49.43714,49.845337,49.391785,49.827194,142431.38,7073079.0,54.93,0.0,0,0,0
2010-04-30,49.85441,49.936047,48.7931,48.7931,65152.434,3208976.0,53.79,0.0,0,0,0
2010-05-03,49.0108,49.672985,49.0108,49.600418,99327.15,4915144.0,54.68,0.0,0,0,0
2010-05-04,48.992657,48.992657,47.84971,48.13998,111674.14,5380458.0,53.07,0.0,0,0,0
2010-05-05,47.695503,48.239765,47.042385,47.632004,153786.2,7324084.0,52.51,0.0,0,0,0
2010-05-06,47.35987,47.804356,43.776814,46.12621,276043.47,12779013.0,50.85,0.0,0,0,0
2010-05-07,46.035503,46.153427,44.085228,44.838127,190386.22,8586488.0,49.43,0.0,0,0,0
2010-05-10,47.051456,51.55976,46.588837,47.196594,88523.53,4181036.0,52.03,0.0,0,0,0
2010-05-11,46.670475,47.650146,46.507195,47.0696,126115.71,5961601.0,51.89,0.0,0,0,0
2010-05-12,47.305447,48.21255,47.296375,48.21255,84665.09,4054356.0,53.15,0.0,0,0,0
2010-05-13,48.130913,48.593533,47.595722,47.686428,124021.13,5976045.0,52.57,0.0,0,0,0
2010-05-14,47.38709,47.38709,46.071785,46.498123,73089.79,3397875.0,51.26,0.0,0,0,0
2010-05-17,46.715828,46.960747,45.464024,46.516266,344944.1,15896759.0,51.28,0.0,0,0,0
2010-05-18,47.07867,47.287304,45.6908,45.799656,118398.84,5475789.0,50.49,0.0,0,0,0
2010-05-19,45.436813,46.062714,44.683914,45.4731,134604.27,6101251.0,50.13,0.0,0,0,0
2010-05-20,44.34829,44.53878,43.450256,43.604465,228309.12,10054456.0,48.07,0.0,0,0,0
2010-05-21,42.815285,44.629494,42.58851,44.429928,126225.95,5513541.0,48.98,0.0,0,0,0
2010-05-24,44.166866,44.69299,43.98545,43.98545,144195.23,6416106.0,48.49,0.0,0,0,0
2010-05-25,42.75179,44.10337,42.361732,44.06709,238892.27,10302979.0,48.58,0.0,0,0,0
2010-05-26,44.321075,45.264465,44.112442,44.266647,177267.53,7944066.0,48.8,0.0,0,0,0
2010-05-27,45.17375,45.990147,45.110256,45.990147,119831.98,5449544.0,50.7,0.0,0,0,0
2010-05-28,46.01736,46.01736,45.110256,45.373318,45860.258,2092925.0,50.02,0.0,0,0,0
2010-06-01,44.79277,45.50938,44.148724,44.148724,147722.95,6634125.0,48.67,0.0,0,0,0
2010-06-02,44.47528,45.545666,44.312004,45.545666,23812.057,1071666.0,50.21,0.0,0,0,0
2010-06-03,45.790585,46.11714,45.50938,46.11714,48836.766,2238177.0,50.84,0.0,0,0,0
2010-06-04,44.88348,45.527523,43.967308,44.121513,352771.22,15639616.0,48.64,0.0,0,0,0
2010-06-07,44.439,44.439,43.005775,43.05113,125344.02,5473847.0,47.46,0.0,0,0,0
2010-06-08,43.250694,43.486538,42.525013,43.332333,83893.41,3598030.0,47.77,0.0,0,0,0
2010-06-09,43.613537,44.52971,43.28698,43.495613,117627.16,5166179.0,47.95,0.0,0,0,0
2010-06-10,44.393642,45.07397,44.330147,45.07397,52143.996,2327212.0,49.69,0.0,0,0,0
2010-06-11,44.602276,45.51845,44.602276,45.50031,52474.72,2367719.0,50.16,0.0,0,0,0
2010-06-14,46.04457,46.38927,45.58195,45.636375,84224.125,3873800.0,50.31,0.0,0,0,0
2010-06-15,46.026432,46.806538,46.026432,46.7884,55230.742,2564704.0,51.58,0.0,0,0,0
2010-06-16,46.507195,47.015175,46.407413,46.715828,120052.45,5616648.0,51.5,0.0,0,0,0
2010-06-17,46.97889,46.97889,46.216923,46.60698,49277.73,2290571.0,51.38,0.0,0,0,0
2010-06-18,46.7249,46.842823,46.498123,46.616047,59309.66,2765685.0,51.39,0.0,0,0,0
2010-06-21,47.34173,47.350803,46.099,46.325775,51041.586,2391362.0,51.07,0.0,0,0,0
2010-06-22,46.4437,46.63419,45.264465,45.273533,314848.3,14484746.0,49.91,0.0,0,0,0
2010-06-23,45.346104,45.618237,44.702057,45.282604,61404.242,2768278.0,49.92,0.0,0,0,0
2010-06-24,45.07397,45.17375,44.402718,44.429928,69672.31,3119747.0,48.98,0.0,0,0,0
2010-06-25,44.62042,45.0649,44.275723,44.93791,36710.254,1639715.0,49.54,0.0,0,0,0
2010-06-28,45.028618,45.05583,44.484356,44.629494,404143.53,18135298.0,49.2,0.0,0,0,0
2010-06-29,43.867523,43.867523,42.624794,42.860638,168668.73,7301114.0,47.25,0.0,0,0,0
2010-06-30,42.860638,43.486538,42.461514,42.552223,133060.89,5732972.0,46.91,0.0,0,0,0
2010-07-01,42.552223,42.652004,41.436485,42.488728,202402.48,8501102.0,46.84,0.0,0,0,0
2010-07-02,42.779,42.779,41.89911,42.144028,67577.734,2852785.0,46.46,0.0,0,0,0
2010-07-06,42.915066,43.178123,41.81747,42.144028,75404.85,3221427.0,46.46,0.0,0,0,0
2010-07-07,42.225666,43.631676,42.125885,43.57725,39576.52,1704356.0,48.04,0.0,0,0,0
2010-07-08,44.266647,44.266647,43.513756,44.01266,43986.16,1927381.0,48.52,0.0,0,0,0
2010-07-09,44.058014,44.42086,43.949165,44.384575,87310.875,3852707.0,48.93,0.0,0,0,0
2010-07-12,44.25758,44.61135,43.84938,44.1578,67798.22,2993118.0,48.68,0.0,0,0,0
2010-07-13,44.847195,45.25539,44.702057,45.110256,53577.13,2409762.0,49.73,0.0,0,0,0
2010-07-14,45.03769,45.355175,44.819984,45.137466,93043.41,4193675.0,49.76,0.0,0,0,0
2010-07-15,45.083042,45.282604,44.5025,45.101185,94476.54,4230743.0,49.72,0.0,0,0,0
2010-07-16,44.819984,44.829052,43.66796,43.69517,44757.848,1969558.0,48.17,0.0,0,0,0
2010-07-19,43.91288,44.048946,43.4049,43.921947,22489.166,983773.0,48.42,0.0,0,0,0
2010-07-20,43.31419,44.756485,43.159985,44.69299,25906.637,1138276.0,49.27,0.0,0,0,0
2010-07-21,45.010475,45.019547,43.949165,44.121513,38694.594,1719338.0,48.64,0.0,0,0,0
2010-07-22,44.674847,45.400528,44.674847,45.25539,151360.9,6847082.0,49.89,0.0,0,0,0
2010-07-23,45.010475,45.92665,44.992332,45.92665,83121.72,3774991.0,50.63,0.0,0,0,0
2010-07-26,45.93572,46.588837,45.808727,46.588837,95578.95,4431219.0,51.36,0.0,0,0,0
2010-07-27,47.051456,47.051456,45.835938,46.00829,75735.57,3494384.0,50.72,0.0,0,0,0
2010-07-28,45.872223,46.099,45.30982,45.527523,79814.49,3649937.0,50.19,0.0,0,0,0
2010-07-29,46.04457,46.04457,44.865337,45.373318,28883.143,1313374.0,50.02,0.0,0,0,0
2010-07-30,44.729275,45.6908,44.729275,45.618237,44757.848,2034884.0,50.29,0.0,0,0,0
2010-08-02,46.352985,46.6614,46.135284,46.588837,518132.72,24138400.0,51.36,0.0,0,0,0
2010-08-03,46.47091,46.54348,46.01736,46.29856,94035.58,4354053.0,51.04,0.0,0,0,0
2010-08-04,46.70676,46.96982,46.4437,46.90632,92933.17,4336788.0,51.71,0.0,0,0,0
2010-08-05,46.60698,46.870033,46.479984,46.79747,58758.457,2745131.0,51.59,0.0,0,0,0
2010-08-06,46.244137,46.779327,46.053642,46.63419,66144.6,3060936.0,51.41,0.0,0,0,0
2010-08-09,46.92446,47.07867,46.688618,47.033314,52254.24,2452381.0,51.85,0.0,0,0,0
2010-08-10,46.48905,46.670475,46.12621,46.4437,73200.03,3391306.0,51.2,0.0,0,0,0
2010-08-11,45.65452,45.65452,44.847195,44.93791,45309.055,2039525.0,49.54,0.0,0,0,0
2010-08-12,43.921947,44.96512,43.840313,44.80184,48947.008,2185971.0,49.39,0.0,0,0,0
2010-08-13,44.629494,44.901623,44.61135,44.61135,34505.434,1544961.0,49.18,0.0,0,0,0
2010-08-16,44.221294,44.819984,44.221294,44.629494,46301.223,2065526.0,49.2,0.0,0,0,0
2010-08-17,45.046757,45.781513,45.001404,45.436813,48726.523,2215463.0,50.09,0.0,0,0,0
2010-08-18,45.436813,45.790585,45.1284,45.57288,42112.062,1916501.0,50.24,0.0,0,0,0
2010-08-19,45.32796,45.618237,44.756485,44.928833,58317.492,2628727.0,49.53,0.0,0,0,0
2010-08-20,44.79277,45.05583,44.42086,45.05583,76176.53,3402000.0,49.67,0.0,0,0,0
2010-08-23,45.31889,45.464024,44.63856,44.63856,223348.28,10031354.0,49.21,0.0,0,0,0
2010-08-24,44.030804,44.194084,43.540966,43.8131,153345.23,6738101.0,48.3,0.0,0,0,0
2010-08-25,43.468395,44.139656,43.105556,44.00359,205268.75,8930021.0,48.51,0.0,0,0,0
2010-08-26,44.25758,44.393642,43.65889,43.69517,126666.914,5579095.0,48.17,0.0,0,0,0
2010-08-27,44.166866,44.656704,43.32326,44.62042,139013.9,6122293.0,49.19,0.0,0,0,0
2010-08-30,44.45714,44.647633,43.876595,43.876595,97012.086,4300340.0,48.37,0.0,0,0,0
2010-08-31,43.767742,44.1578,43.486538,43.804028,143203.06,6283457.0,48.29,0.0,0,0,0
2010-09-01,44.511566,45.41867,44.493423,45.382385,110461.484,4984539.0,50.03,0.0,0,0,0
2010-09-02,45.409603,46.153427,45.409603,46.10807,157644.64,7243207.0,50.83,0.0,0,0,0
2010-09-03,46.815613,46.92446,46.380203,46.73397,117075.945,5463607.0,51.52,0.0,0,0,0
2010-09-07,46.525337,46.55255,46.135284,46.180637,88413.29,4094611.0,50.91,0.0,0,0,0
2010-09-08,46.29856,46.743042,46.29856,46.55255,137360.3,6393998.0,51.32,0.0,0,0,0
2010-09-09,47.14217,47.14217,46.434628,46.597904,122698.24,5735088.0,51.37,0.0,0,0,0
2010-09-10,46.688618,46.951675,46.60698,46.851894,68680.15,3213471.0,51.65,0.0,0,0,0
2010-09-13,47.477795,47.613865,47.305447,47.559437,85326.54,4049568.0,52.43,0.0,0,0,0
2010-09-14,47.42337,47.804356,47.26916,47.559437,128761.49,6131964.0,52.43,0.0,0,0,0
2010-09-15,47.396156,47.786213,47.23288,47.740856,48285.562,2296815.0,52.63,0.0,0,0,0
2010-09-16,47.55036,47.76807,47.50501,47.713642,132178.97,6296200.0,52.6,0.0,0,0,0
2010-09-17,47.95856,47.95856,47.532223,47.777138,89625.94,4280258.0,52.67,0.0,0,0,0
2010-09-20,47.976704,48.693314,47.92228,48.63889,73971.72,3579389.0,53.62,0.0,0,0,0
2010-09-21,48.629818,48.702385,48.23069,48.366756,98555.46,4776847.0,53.32,0.0,0,0,0
2010-09-22,48.33047,48.65703,47.86785,48.022057,112776.55,5425552.0,52.94,0.0,0,0,0
2010-09-23,47.67736,48.37583,47.57758,47.86785,78932.56,3795788.0,52.77,0.0,0,0,0
2010-09-24,48.457466,49.019875,48.457466,48.965446,69451.836,3393822.0,53.98,0.0,0,0,0
2010-09-27,48.98359,49.101513,48.73867,48.83845,479438.12,23489252.0,53.84,0.0,0,0,0
2010-09-28,48.992657,49.26479,48.31233,49.201294,101201.24,4939510.0,54.24,0.0,0,0,0
2010-09-29,49.16501,49.36457,48.965446,49.210365,90066.9,4428450.0,54.25,0.0,0,0,0
2010-09-30,49.573208,49.754623,48.7296,49.074295,184916.06,9114178.0,54.1,0.0,0,0,0
2010-10-01,49.46435,49.50971,48.874737,49.210365,110681.97,5433557.0,54.25,0.0,0,0,0
2010-10-04,49.210365,49.246647,48.37583,48.684242,99106.664,4826371.0,53.67,0.0,0,0,0
2010-10-05,49.18315,49.945118,49.18315,49.836266,102779.9,5106950.0,54.94,0.0,0,0,0
2010-10-06,49.78184,49.79091,49.092438,49.27386,125344.02,6193261.0,54.32,0.0,0,0,0
2010-10-07,49.527847,49.555065,48.91102,49.25572,84775.336,4167203.0,54.3,0.0,0,0,0
2010-10-08,49.337357,49.908833,49.192223,49.7637,49057.246,2435854.0,54.86,0.0,0,0,0
2010-10-11,49.845337,50.008617,49.70927,49.818123,61624.723,3073314.0,54.92,0.0,0,0,0
2010-10-12,49.70927,50.19911,49.237576,50.08118,64931.953,3235188.0,55.21,0.0,0,0,0
2010-10-13,50.48938,50.76151,50.31703,50.525665,72207.86,3649849.0,55.7,0.0,0,0,0
2010-10-14,50.371456,50.497543,49.89069,50.14468,50967.723,2560101.0,55.28,0.0,0,0,0
2010-10-15,50.725224,50.725224,49.89069,50.335175,115753.055,5821840.0,55.49,0.0,0,0,0
2010-10-18,50.416813,50.416813,50.14468,50.380527,64270.508,3231085.0,55.54,0.0,0,0,0
2010-10-19,49.71834,50.017685,49.137794,49.391785,97563.29,4828241.0,54.45,0.0,0,0,0
2010-10-20,49.636703,50.180965,49.564133,49.999542,99106.664,4962911.0,55.12,0.0,0,0,0
2010-10-21,50.253532,50.58916,49.645775,50.099323,50931.344,2551967.0,55.23,0.0,0,0,0
2010-10-22,50.208176,50.444023,49.999542,50.444023,50821.105,2557305.0,55.61,0.0,0,0,0
2010-10-25,50.76151,51.278557,50.707085,50.797794,87641.6,4462978.0,56.0,0.0,0,0,0
2010-10-26,50.552876,51.051785,50.289814,50.888504,58978.938,2999932.0,56.1,0.0,0,0,0
2010-10-27,50.707085,51.10621,50.453094,51.09714,71325.93,3620502.0,56.33,0.0,0,0,0
2010-10-28,51.51441,51.51441,50.797794,51.006428,754930.44,38526576.0,56.23,0.0,0,0,0
2010-10-29,50.92479,51.396484,50.92479,51.351128,103185.58,5290637.0,56.61,0.0,0,0,0
2010-11-01,51.7049,51.868176,51.03364,51.342056,84775.336,4363344.0,56.6,0.0,0,0,0
2010-11-02,51.786537,51.90446,51.54162,51.859104,120052.45,6213539.0,57.17,0.0,0,0,0
2010-11-03,51.877247,51.931675,51.251347,51.931675,124113.734,6408630.0,57.25,0.0,0,0,0
2010-11-04,52.648285,52.884132,52.50315,52.85692,78160.875,4120991.0,58.27,0.0,0,0,0
2010-11-05,53.147194,53.21976,52.83878,53.165337,109028.35,5786451.0,58.61,0.0,0,0,0
2010-11-08,53.11998,53.28326,52.87506,53.265118,76176.53,4052252.0,58.72,0.0,0,0,0
2010-11-09,53.48282,53.609814,52.68457,52.893204,61073.516,3250977.0,58.31,0.0,0,0,0
2010-11-10,53.0202,53.31047,52.51222,53.31047,75404.85,3997384.0,58.77,0.0,0,0,0
2010-11-11,52.757137,53.519104,52.639214,53.410255,42553.027,2263295.0,58.88,0.0,0,0,0
2010-11-12,53.11091,53.165337,52.24916,52.412437,124682.58,6560331.0,57.78,0.0,0,0,0
2010-11-15,52.82971,52.920418,52.448723,52.50315,50490.38,2660096.0,57.88,0.0,0,0,0
2010-11-16,52.14031,52.24916,51.36927,51.677685,114871.125,5935617.0,56.97,0.0,0,0,0
2010-11-17,51.79561,52.14031,51.65047,51.949818,77278.945,4020809.0,57.27,0.0,0,0,0
2010-11-18,52.602932,53.0202,52.575718,52.793423,37261.46,1969509.0,58.2,0.0,0,0,0
2010-11-19,52.74807,53.31047,52.602932,53.28326,74633.164,3957863.0,58.74,0.0,0,0,0
2010-11-22,53.11998,53.65517,52.983913,53.65517,112225.34,5983865.0,59.15,0.0,0,0,0
2010-11-23,52.884132,53.092766,52.62107,52.93856,127659.086,6749391.0,58.36,0.0,0,0,0
2010-11-24,53.3649,54.09965,53.3649,54.09058,246829.61,13287009.0,59.63,0.0,0,0,0
2010-11-26,53.6461,53.945446,53.55539,53.74588,89956.664,4846224.0,59.25,0.0,0,0,0
2010-11-29,53.56446,53.80031,52.992985,53.682384,229080.81,12215252.0,59.18,0.0,0,0,0
2010-11-30,53.074623,53.6461,53.02927,53.40118,219379.61,11720721.0,58.87,0.0,0,0,0
2010-12-01,54.290142,54.6167,54.208504,54.53506,176495.84,9607152.0,60.12,0.0,0,0,0
2010-12-02,54.643913,55.287956,54.6167,55.260742,283870.6,15635683.0,60.92,0.0,0,0,0
2010-12-03,55.12468,55.723366,55.088394,55.641727,176936.81,9808026.0,61.34,0.0,0,0,0
2010-12-06,55.551018,55.777794,55.424023,55.705223,272295.28,15142952.0,61.41,0.0,0,0,0
2010-12-07,56.403694,56.403694,55.57823,55.614517,491233.94,27454664.0,61.31,0.0,0,0,0
2010-12-08,55.75965,55.84129,55.260742,55.514732,125454.266,6961783.0,61.2,0.0,0,0,0
2010-12-09,56.01364,56.01364,55.424023,55.65987,109359.08,6087080.0,61.36,0.0,0,0,0
2010-12-10,55.859432,56.158775,55.623585,56.113422,122147.03,6833867.0,61.86,0.0,0,0,0
2010-12-13,56.53069,56.53069,55.913857,55.959213,182559.11,10265262.0,61.69,0.0,0,0,0
2010-12-14,56.049923,56.249485,55.814075,55.968285,106823.53,5986801.0,61.7,0.0,0,0,0
2010-12-15,55.986427,56.53976,55.696156,55.814075,123249.445,6896293.0,61.53,0.0,0,0,0
2010-12-16,55.92293,56.322056,55.5873,56.322056,146730.78,8232381.0,62.09,0.0,0,0,0
2010-12-17,56.43998,56.657684,56.213203,56.566975,99878.35,5644751.0,62.36,0.0,0,0,0
2010-12-20,56.648613,56.775608,56.303913,56.6849,236246.47,13374120.0,62.49,0.0,0,0,0
2010-12-21,56.9661,57.14752,56.78867,57.129375,160905.56,9169388.0,62.98,0.0,0,0,0
2010-12-22,57.274513,57.274513,56.938885,57.074947,113107.27,6453068.0,62.92,0.0,0,0,0
2010-12-23,57.120308,57.120308,56.857246,56.957027,134934.98,7688384.0,62.79,0.0,0,0,0
2010-12-27,56.93149,56.940613,56.457367,56.895023,102766.11,5834052.0,62.4,0.0,0,0,0
2010-12-28,57.095615,57.095615,56.676197,56.758255,89605.02,5089779.0,62.25,0.0,0,0,0
2010-12-29,56.87679,57.11385,56.87679,57.004436,72824.65,4153419.0,62.52,0.0,0,0,0
2010-12-30,56.99532,57.214146,56.967964,57.04091,92237.24,5262279.0,62.56,0.0,0,0,0
2010-12-31,57.004436,57.013554,56.74002,56.803844,86753.46,4935760.0,62.3,0.0,0,0,0
2011-01-03,57.414738,57.77945,57.27797,57.451206,305556.44,17607548.0,63.01,0.0,0,0,0
2011-01-04,57.77945,57.77945,56.58502,56.94973,164952.22,9398315.0,62.46,0.0,0,0,0
2011-01-05,56.803844,57.378265,56.65796,57.305325,121301.3,6937960.0,62.85,0.0,0,0,0
2011-01-06,57.460327,57.460327,56.967964,57.12297,161881.3,9257147.0,62.65,0.0,0,0,0
2011-01-07,57.36915,57.36915,56.430016,57.03179,117133.62,6666210.0,62.55,0.0,0,0,0
2011-01-10,56.776493,57.28709,56.457367,57.19591,141152.6,8039052.0,62.73,0.0,0,0,0
2011-01-11,57.61533,57.6518,57.341793,57.533268,113294.97,6515316.0,63.1,0.0,0,0,0
2011-01-12,58.10769,58.10769,57.587975,57.970924,105069.3,6082600.0,63.58,0.0,0,0,0
2011-01-13,58.016514,58.125927,57.825035,57.98916,125578.65,7283837.0,63.6,0.0,0,0,0
2011-01-14,57.825035,58.372105,57.77945,58.35387,122178.7,7097227.0,64.0,0.0,0,0,0
2011-01-18,58.30828,58.736816,58.27181,58.736816,334510.8,19551688.0,64.42,0.0,0,0,0
2011-01-19,58.69123,58.69123,57.560623,57.73386,132159.19,7668427.0,63.32,0.0,0,0,0
2011-01-20,57.48768,57.48768,56.730904,57.20503,169777.94,9695185.0,62.74,0.0,0,0,0
2011-01-21,57.59709,57.73386,57.03179,57.11385,145320.27,8323305.0,62.64,0.0,0,0,0
2011-01-24,57.20503,57.670036,57.059147,57.59709,118230.375,6796994.0,63.17,0.0,0,0,0
2011-01-25,57.414738,57.423855,56.93149,57.40562,155629.78,8891056.0,62.96,0.0,0,0,0
2011-01-26,57.61533,58.244457,57.57886,58.171513,116694.914,6766678.0,63.8,0.0,0,0,0
2011-01-27,58.15328,58.481518,58.071217,58.38122,314330.47,18324488.0,64.03,0.0,0,0,0
2011-01-28,58.417694,58.54534,57.168556,57.350914,134791.4,7767882.0,62.9,0.0,0,0,0
2011-01-31,57.560623,58.171513,57.52415,58.007393,256092.7,14841423.0,63.62,0.0,0,0,0
2011-02-01,58.390343,59.019474,58.390343,58.837112,115378.805,6780750.0,64.53,0.0,0,0,0
2011-02-02,58.755054,59.065056,58.563583,58.77329,109675.67,6455020.0,64.46,0.0,0,0,0
2011-02-03,58.80976,59.174473,58.445045,59.11065,113624.0,6688954.0,64.83,0.0,0,0,0
2011-02-04,59.183594,59.520947,59.019474,59.502716,154752.38,9180657.0,65.26,0.0,0,0,0
2011-02-07,59.794483,60.19566,59.67595,59.794483,210467.61,12620533.0,65.58,0.0,0,0,0
2011-02-08,59.88566,60.022427,59.603012,60.01331,235144.64,14074095.0,65.82,0.0,0,0,0
2011-02-09,59.903893,60.086254,59.548298,59.785362,156397.52,9358467.0,65.57,0.0,0,0,0
2011-02-10,59.530067,60.314198,59.402416,60.268604,112307.89,6750453.0,66.1,0.0,0,0,0
2011-02-11,60.09537,60.80656,59.949486,60.77009,202790.31,12275695.0,66.65,0.0,0,0,0
2011-02-14,60.852142,61.171265,60.83391,61.16215,268486.06,16390730.0,67.08,0.0,0,0,0
2011-02-15,60.97068,61.034504,60.642437,60.779205,211893.4,12884527.0,66.66,0.0,0,0,0
2011-02-16,61.207737,61.399208,61.08009,61.29892,175371.4,10742641.0,67.23,0.0,0,0,0
2011-02-17,61.207737,61.55422,61.089207,61.426567,131830.16,8093534.0,67.37,0.0,0,0,0
2011-02-18,61.55422,61.59069,61.12568,61.371857,108030.54,6629148.0,67.31,0.0,0,0,0
2011-02-22,60.751846,60.99803,59.603012,59.72154,195222.7,11754069.0,65.5,0.0,0,0,0
2011-02-23,59.648594,59.88566,58.426815,59.138,280660.06,16565225.0,64.86,0.0,0,0,0
2011-02-24,59.16535,59.603012,58.66387,59.30212,154313.67,9131176.0,65.04,0.0,0,0,0
2011-02-25,59.70331,60.48743,59.70331,60.478317,86424.43,5198349.0,66.33,0.0,0,0,0
2011-02-28,60.915966,60.925087,60.159195,60.54214,284389.03,17189724.0,66.4,0.0,0,0,0
2011-03-01,60.84303,60.84303,59.192707,59.347706,294479.2,17504186.0,65.09,0.0,0,0,0
2011-03-02,59.183594,60.09537,59.183594,59.849186,312356.3,18683308.0,65.64,0.0,0,0,0
2011-03-03,60.432728,61.089207,60.423607,60.99803,129965.67,7906853.0,66.9,0.0,0,0,0
2011-03-04,61.070976,61.070976,60.34155,60.77009,129746.32,7872569.0,66.65,0.0,0,0,0
2011-03-07,61.025383,61.12568,59.56654,59.976837,106056.375,6397410.0,65.78,0.0,0,0,0
2011-03-08,60.0589,60.523903,59.63948,60.34155,64269.945,3874825.0,66.18,0.0,0,0,0
2011-03-09,60.19566,60.268604,59.739773,60.068012,56702.324,3407593.0,65.88,0.0,0,0,0
2011-03-10,59.27477,59.42065,58.791527,58.955647,153984.64,9099309.0,64.66,0.0,0,0,0
2011-03-11,58.536224,59.657715,58.52711,59.484474,124591.56,7358451.0,65.24,0.0,0,0,0
2011-03-14,59.12888,59.648594,58.80064,59.31124,88288.914,5222147.0,65.05,0.0,0,0,0
2011-03-15,57.76121,59.12888,57.33268,58.80064,540810.75,31503420.0,64.49,0.0,0,0,0
2011-03-16,58.463287,59.174473,57.61533,58.007393,147623.45,8627213.0,63.62,0.0,0,0,0
2011-03-17,58.891815,59.065056,58.4724,58.65476,279563.28,16439240.0,64.33,0.0,0,0,0
2011-03-18,59.59389,59.59389,58.618286,58.745937,122507.73,7224409.0,64.43,0.0,0,0,0
2011-03-21,59.58477,59.92213,59.47536,59.849186,82476.11,4927916.0,65.64,0.0,0,0,0
2011-03-22,59.88566,59.967716,59.457123,59.530067,83024.484,4952271.0,65.29,0.0,0,0,0
2011-03-23,59.452557,59.872013,58.951046,59.69876,98152.21,5833332.0,65.47,0.0,0,0,0
2011-03-24,60.291462,60.583256,59.63493,60.482952,187202.03,11298718.0,66.33,0.0,0,0,0
2011-03-25,60.72915,61.239788,60.54678,60.875046,150353.83,9170769.0,66.76,0.0,0,0,0
2011-03-28,61.066536,61.121243,60.41912,60.446476,209245.16,12702109.0,66.29,0.0,0,0,0
2011-03-29,60.519424,61.148598,60.17292,61.139484,172616.28,10524393.0,67.05,0.0,0,0,0
2011-03-30,61.62276,61.82337,61.38568,61.695713,157482.2,9709944.0,67.66,0.0,0,0,0
2011-03-31,61.640995,61.786896,61.476864,61.75042,83566.46,5155166.0,67.72,0.0,0,0,0
2011-04-01,62.22458,62.24282,61.768654,62.01486,201897.44,12535976.0,68.01,0.0,0,0,0
2011-04-04,62.297527,62.324883,61.914555,62.10604,144651.12,8990884.0,68.11,0.0,0,0,0
2011-04-05,62.005737,62.561966,61.960144,62.28841,91462.5,5704318.0,68.31,0.0,0,0,0
2011-04-06,62.689625,62.753452,61.79601,62.02397,150353.83,9348629.0,68.02,0.0,0,0,0
2011-04-07,62.069565,62.188103,61.50422,61.81425,113286.29,7003202.0,67.79,0.0,0,0,0
2011-04-08,62.279297,62.279297,61.221546,61.54069,90146.5,5569362.0,67.49,0.0,0,0,0
2011-04-11,61.686592,61.713947,60.865925,61.03918,92778.51,5684510.0,66.94,0.0,0,0,0
2011-04-12,60.54678,60.76562,60.163807,60.41912,173054.95,10452672.0,66.26,0.0,0,0,0
2011-04-13,60.838573,61.075653,60.46471,60.875046,120085.664,7296751.0,66.76,0.0,0,0,0
2011-04-14,60.501186,60.865925,60.24587,60.84769,86856.48,5264938.0,66.73,0.0,0,0,0
2011-04-15,60.875046,61.38568,60.738266,61.340084,71612.73,4379298.0,67.27,0.0,0,0,0
2011-04-18,60.519424,60.637962,59.95408,60.519424,133136.06,8020060.0,66.37,0.0,0,0,0
2011-04-19,60.701794,60.865925,60.355293,60.84769,144980.12,8780763.0,66.73,0.0,0,0,0
2011-04-20,61.896313,62.0878,61.75954,62.078686,145309.14,9004938.0,68.08,0.0,0,0,0
2011-04-21,62.479897,62.616676,62.17899,62.616676,101222.89,6317233.0,68.67,0.0,0,0,0
2011-04-25,62.65315,62.7261,62.2337,62.461662,115479.63,7209132.0,68.5,0.0,0,0,0
2011-04-26,62.71698,63.08172,62.598442,62.853756,140045.11,8805272.0,68.93,0.0,0,0,0
2011-04-27,62.96318,63.182022,62.443428,63.14555,148050.81,9298827.0,69.25,0.0,0,0,0
2011-04-28,63.036125,63.200256,62.817284,62.99965,219553.88,13825271.0,69.09,0.0,0,0,0
2011-04-29,63.200256,63.382633,62.990536,63.30968,100893.89,6382868.0,69.43,0.0,0,0,0
2011-05-02,63.44646,63.647068,62.862877,62.96318,182047.67,11521844.0,69.05,0.0,0,0,0
2011-05-03,62.862877,62.87199,61.8872,62.2337,139496.77,8693852.0,68.25,0.0,0,0,0
2011-05-04,62.251934,62.251934,61.31273,61.659237,111860.62,6897138.0,67.62,0.0,0,0,0
2011-05-05,61.285378,62.11516,61.075653,61.54069,145418.8,8962937.0,67.49,0.0,0,0,0
2011-05-06,62.16075,62.680504,61.66835,61.978382,103087.234,6409634.0,67.97,0.0,0,0,0
2011-05-09,61.960144,62.7261,61.960144,62.598442,120085.664,7503673.0,68.65,0.0,0,0,0
2011-05-10,62.84464,63.44646,62.71698,63.337036,109667.27,6917500.0,69.46,0.0,0,0,0
2011-05-11,63.2185,63.27321,62.261055,62.607563,116466.64,7294718.0,68.66,0.0,0,0,0
2011-05-12,62.261055,63.08172,61.95103,62.95406,136316.42,8556476.0,69.04,0.0,0,0,0
2011-05-13,62.93582,63.109074,62.31576,62.434307,50337.277,3151071.0,68.47,0.0,0,0,0
2011-05-16,62.169872,62.689625,61.777775,61.850723,95410.52,5932677.0,67.83,0.0,0,0,0
2011-05-17,61.51334,61.7413,60.96623,61.46775,133684.4,8203991.0,67.41,0.0,0,0,0
2011-05-18,61.549812,62.507256,61.476864,62.461662,63826.35,3967668.0,68.5,0.0,0,0,0
2011-05-19,62.780807,62.826405,62.133396,62.561966,103196.9,6455325.0,68.61,0.0,0,0,0
2011-05-20,62.37048,62.53461,61.79601,62.24282,253989.4,15838104.0,68.26,0.0,0,0,0
2011-05-23,61.221546,61.531578,61.048294,61.258022,183802.34,11258580.0,67.18,0.0,0,0,0
2011-05-24,61.51334,61.7413,61.011826,61.148598,71283.73,4372413.0,67.06,0.0,0,0,0
2011-05-25,61.002705,61.923676,60.875046,61.73218,74354.41,4575347.0,67.7,0.0,0,0,0
2011-05-26,61.613644,62.37048,61.568047,62.297527,117782.65,7310084.0,68.32,0.0,0,0,0
2011-05-27,62.552845,62.808163,62.479897,62.634914,59987.996,3759399.0,68.69,0.0,0,0,0
2011-05-31,63.30968,63.337036,62.52549,63.118195,266820.47,16771131.0,69.22,0.0,0,0,0
2011-06-01,63.01789,63.127316,61.613644,61.650116,212973.84,13227680.0,67.61,0.0,0,0,0
2011-06-02,61.75954,62.16075,61.358326,61.786896,86637.14,5351815.0,67.76,0.0,0,0,0
2011-06-03,60.94799,61.613644,60.82033,61.002705,125240.02,7662180.0,66.9,0.0,0,0,0
2011-06-06,60.829453,61.057415,59.98143,59.98143,183473.34,11074490.0,65.78,0.0,0,0,0
2011-06-07,60.327938,60.647083,60.054382,60.18204,151340.83,9144708.0,66.0,0.0,0,0,0
2011-06-08,59.98143,60.10909,59.452557,59.534626,228985.27,13669906.0,65.29,0.0,0,0,0
2011-06-09,59.60758,60.209393,59.4708,60.008785,149805.48,8982296.0,65.81,0.0,0,0,0
2011-06-10,59.69876,59.77171,58.932804,58.99663,265943.12,15765167.0,64.7,0.0,0,0,0
2011-06-13,58.941925,59.352253,58.2398,58.56807,371333.38,21846302.0,64.23,0.0,0,0,0
2011-06-14,59.151653,59.780823,59.151653,59.598457,109776.94,6536139.0,65.36,0.0,0,0,0
2011-06-15,59.151653,59.525505,58.522476,58.641014,100016.555,5881478.0,64.31,0.0,0,0,0
2011-06-16,58.631897,58.814266,57.729168,58.321865,260569.44,15273260.0,63.96,0.0,0,0,0
2011-06-17,58.941925,58.941925,58.194206,58.340103,232494.61,13621890.0,63.98,0.0,0,0,0
2011-06-20,58.175972,58.84162,58.175972,58.741318,155837.19,9140568.0,64.42,0.0,0,0,0
2011-06-21,59.106056,60.209393,59.0787,60.163807,82250.45,4933882.0,65.98,0.0,0,0,0
2011-06-22,59.890247,60.501186,59.881126,59.890247,98700.55,5947802.0,65.68,0.0,0,0,0
2011-06-23,59.169888,60.19116,58.686607,60.136444,138838.77,8238254.0,65.95,0.0,0,0,0
2011-06-24,60.227634,60.24587,59.361374,59.443443,52969.293,3165123.0,65.19,0.0,0,0,0
2011-06-27,59.461678,60.054382,59.04223,59.890247,197620.42,11805208.0,65.68,0.0,0,0,0
2011-06-28,60.136444,61.057415,60.081734,61.048294,85869.48,5213981.0,66.95,0.0,0,0,0
2011-06-29,61.32185,61.73218,60.929756,61.44951,81811.78,5029464.0,67.39,0.0,0,0,0
2011-06-30,61.558933,62.197224,61.558933,62.02397,143225.45,8881283.0,68.02,0.0,0,0,0
2011-07-01,62.09692,62.981415,61.8872,62.890232,124801.35,7813655.0,68.97,0.0,0,0,0
2011-07-05,63.099953,63.245853,62.771687,63.13643,268794.47,16925968.0,69.24,0.0,0,0,0
2011-07-06,63.054367,63.337036,62.735218,63.245853,271865.16,17169652.0,69.36,0.0,0,0,0
2011-07-07,63.893265,64.18506,63.811203,63.984447,299501.3,19166922.0,70.17,0.0,0,0,0
2011-07-08,63.02701,63.464695,62.808163,63.464695,238306.98,15052327.0,69.6,0.0,0,0,0
2011-07-11,62.78993,62.908466,61.768654,61.93279,112737.95,7012502.0,67.92,0.0,0,0,0
2011-07-12,61.768654,62.060448,61.431274,61.476864,132149.06,8158319.0,67.42,0.0,0,0,0
2011-07-13,61.75954,62.58932,61.75042,61.868958,86417.81,5379226.0,67.85,0.0,0,0,0
2011-07-14,62.042213,62.3796,60.9024,61.084766,129955.72,7996652.0,66.99,0.0,0,0,0
2011-07-15,61.549812,61.914555,61.32185,61.896313,358282.97,22102756.0,67.88,0.0,0,0,0
2011-07-18,61.640995,61.640995,60.710915,61.148598,104074.24,6346371.0,67.06,0.0,0,0,0
2011-07-19,61.54069,62.616676,61.54069,62.561966,74025.41,4614630.0,68.61,0.0,0,0,0
2011-07-20,62.680504,62.680504,62.005737,62.261055,419148.3,26106438.0,68.28,0.0,0,0,0
2011-07-21,62.49814,63.01789,62.279297,62.771687,183034.67,11472121.0,68.84,0.0,0,0,0
2011-07-22,62.762573,63.236732,62.607563,63.118195,79508.77,5012780.0,69.22,0.0,0,0,0
2011-07-25,62.352238,63.045246,62.31576,62.67139,107035.26,6708165.0,68.73,0.0,0,0,0
2011-07-26,62.507256,62.53461,62.0878,62.270176,99687.55,6211560.0,68.29,0.0,0,0,0
2011-07-27,61.905434,61.905434,60.446476,60.574135,126665.695,7729999.0,66.43,0.0,0,0,0
2011-07-28,60.46471,61.093887,60.136444,60.209393,199594.44,12100852.0,66.03,0.0,0,0,0
2011-07-29,59.525505,60.54678,59.12429,60.11821,155179.19,9304035.0,65.93,0.0,0,0,0
2011-08-01,61.066536,61.066536,59.142532,59.735237,1235511.5,73865864.0,65.51,0.0,0,0,0
2011-08-02,59.251957,59.808178,57.720047,57.774757,283051.22,16511534.0,63.36,0.0,0,0,0
2011-08-03,57.83859,58.22156,56.38875,58.194206,445907.12,25595836.0,63.82,0.0,0,0,0
2011-08-04,57.382664,57.382664,54.419155,54.419155,594725.6,33020972.0,59.68,0.0,0,0,0
2011-08-05,55.03921,55.30365,52.185123,53.71703,742666.75,40030308.0,58.91,0.0,0,0,0
2011-08-08,51.565063,52.431324,49.294563,49.46781,555355.06,28204200.0,54.25,0.0,0,0,0
2011-08-09,50.662334,52.38573,49.13043,52.38573,323408.78,16431739.0,57.45,0.0,0,0,0
2011-08-10,51.081787,52.394848,50.56203,50.598507,364205.0,18720576.0,55.49,0.0,0,0,0
2011-08-11,50.972366,53.8994,50.79911,53.251987,420135.3,22162718.0,58.4,0.0,0,0,0
2011-08-12,53.799095,54.172955,53.16992,53.862926,268136.47,14378189.0,59.07,0.0,0,0,0
2011-08-15,54.528576,55.230698,54.38268,55.230698,273839.2,15015035.0,60.57,0.0,0,0,0
2011-08-16,54.419155,55.002735,53.753506,54.27326,257827.75,14038902.0,59.52,0.0,0,0,0
2011-08-17,54.774773,55.04833,53.552895,53.908516,451061.47,24371992.0,59.12,0.0,0,0,0
2011-08-18,52.13953,52.176006,50.343185,50.81735,473323.94,24214270.0,55.73,0.0,0,0,0
2011-08-19,50.01492,51.537712,49.695774,49.796078,260350.1,13171213.0,54.61,0.0,0,0,0
2011-08-22,51.18209,51.191208,49.641064,49.75049,330646.8,16590670.0,54.56,0.0,0,0,0
2011-08-23,50.115223,52.00275,49.650185,52.00275,521248.53,26476776.0,57.03,0.0,0,0,0
2011-08-24,51.902447,52.686638,51.482998,52.62281,100893.89,5255260.0,57.71,0.0,0,0,0
2011-08-25,52.92372,53.142563,51.36446,51.501236,122279.01,6337738.0,56.48,0.0,0,0,0
2011-08-26,51.081787,53.05138,50.479965,52.94196,95300.86,4981525.0,58.06,0.0,0,0,0
2011-08-29,53.707912,54.90243,53.662315,54.90243,293579.28,16029099.0,60.21,0.0,0,0,0
2011-08-30,54.62888,55.741337,54.400917,55.41307,162307.56,8943344.0,60.77,0.0,0,0,0
2011-08-31,56.033127,56.571117,55.16687,55.668385,160443.22,8955198.0,61.05,0.0,0,0,0
2011-09-01,55.622795,56.24285,54.74742,54.856842,321105.78,17767368.0,60.16,0.0,0,0,0
2011-09-02,53.370525,53.972347,52.996666,53.29758,107144.92,5727242.0,58.45,0.0,0,0,0
2011-09-06,51.30063,53.151684,51.30063,53.087856,144102.8,7505094.0,58.22,0.0,0,0,0
2011-09-07,54.07265,55.002735,53.98147,54.993618,182267.0,9984764.0,60.31,0.0,0,0,0
2011-09-08,54.43739,55.267174,54.054413,54.291496,98590.875,5373089.0,59.54,0.0,0,0,0
2011-09-09,53.616726,53.935875,52.303665,52.704876,82579.45,4365894.0,57.8,0.0,0,0,0
2011-09-12,51.84774,52.97843,51.72008,52.969315,92668.84,4834963.0,58.09,0.0,0,0,0
2011-09-13,53.29758,53.926754,52.887245,53.780857,176454.64,9429238.0,58.98,0.0,0,0,0
2011-09-14,54.109123,55.4769,53.251987,54.838604,184350.69,10016625.0,60.14,0.0,0,0,0
2011-09-15,55.513374,55.540726,54.637997,55.40395,108022.26,5970794.0,60.76,0.0,0,0,0
2011-09-16,55.750454,55.87811,55.05745,55.486015,214180.17,11883555.0,60.85,0.0,0,0,0
2011-09-19,54.410034,55.32188,53.999702,55.002735,67226.04,3682125.0,60.32,0.0,0,0,0
2011-09-20,55.139515,55.695744,54.337086,54.346203,64484.355,3552178.0,59.6,0.0,0,0,0
2011-09-21,54.291496,54.592403,52.832535,52.832535,56588.312,3043455.0,57.94,0.0,0,0,0
2011-09-22,50.9906,51.555946,49.832554,50.63498,243571.02,12331169.0,55.53,0.0,0,0,0
2011-09-23,50.306713,51.264156,50.160816,50.95413,119756.66,6079185.0,55.88,0.0,0,0,0
2011-09-26,51.47388,52.15777,50.179054,52.121292,200362.11,10258367.0,57.16,0.0,0,0,0
2011-09-27,53.388763,54.045296,52.732235,53.014904,139825.77,7474292.0,58.14,0.0,0,0,0
2011-09-28,53.124325,53.324932,51.35534,51.400932,66677.7,3490509.0,56.37,0.0,0,0,0
2011-09-29,52.51339,52.51339,49.941975,51.072666,90036.83,4586557.0,56.01,0.0,0,0,0
2011-09-30,50.252003,50.717045,49.558994,49.558994,96287.87,4822827.0,54.35,0.0,0,0,0
2011-10-03,49.258087,49.61371,47.334087,47.36144,345671.25,16575958.0,51.94,0.0,0,0,0
2011-10-04,46.83257,48.975414,46.203392,48.93894,382629.1,18038130.0,53.67,0.0,0,0,0
2011-10-05,49.148666,50.434376,48.54685,50.26112,127433.37,6321175.0,55.12,0.0,0,0,0
2011-10-06,50.169937,51.619778,49.987568,51.5833,325053.78,16628425.0,56.57,0.0,0,0,0
2011-10-07,51.86598,51.86598,50.56203,50.81735,136097.08,6957505.0,55.73,0.0,0,0,0
2011-10-10,51.875095,52.69576,51.856857,52.549862,97494.2,5102459.0,57.63,0.0,0,0,0
2011-10-11,52.230713,52.951077,52.15777,52.777824,66787.37,3517547.0,57.88,0.0,0,0,0
2011-10-12,53.206394,53.908516,53.16992,53.306698,149476.48,8010814.0,58.46,0.0,0,0,0
2011-10-13,52.850773,53.744385,52.604572,53.552895,63936.02,3397356.0,58.73,0.0,0,0,0
2011-10-14,54.172955,54.720062,53.8994,54.66535,1102156.1,59881316.0,59.95,0.0,0,0,0
2011-10-17,54.4921,54.619762,53.352287,53.397884,119537.33,6422072.0,58.56,0.0,0,0,0
2011-10-18,53.42524,54.856842,52.686638,54.54681,134781.08,7284934.0,59.82,0.0,0,0,0
2011-10-19,54.43739,54.765656,53.58937,53.689674,75560.75,4096601.0,58.88,0.0,0,0,0
2011-10-20,53.808212,53.99058,52.796062,53.8994,79947.44,4277903.0,59.11,0.0,0,0,0
2011-10-21,54.455627,55.30365,54.455627,55.139515,156495.19,8592552.0,60.47,0.0,0,0,0
2011-10-24,55.267174,56.78084,55.230698,56.68054,180951.0,10188634.0,62.16,0.0,0,0,0
2011-10-25,56.24285,56.24285,55.10304,55.203342,164610.58,9174562.0,60.54,0.0,0,0,0
2011-10-26,55.932823,55.99665,54.473866,55.650146,129517.05,7168292.0,61.03,0.0,0,0,0
2011-10-27,57.437374,58.35834,56.6623,57.87506,252344.39,14509806.0,63.47,0.0,0,0,0
2011-10-28,57.6471,58.194206,57.510323,58.093903,92559.18,5360606.0,63.71,0.0,0,0,0
2011-10-31,57.537674,57.537674,56.525528,56.525528,142128.78,8099468.0,61.99,0.0,0,0,0
2011-11-01,54.419155,55.45866,54.191193,54.802128,156824.2,8597045.0,60.1,0.0,0,0,0
2011-11-02,55.750454,56.096954,55.157753,55.805164,117453.65,6538476.0,61.2,0.0,0,0,0
2011-11-03,56.406986,57.118225,55.394833,57.027042,81482.78,4617269.0,62.54,0.0,0,0,0
2011-11-04,56.452576,57.255005,56.060482,57.099987,72599.734,4125497.0,62.62,0.0,0,0,0
2011-11-07,57.03616,57.273243,56.033127,56.963215,64265.02,3643958.0,62.47,0.0,0,0,0
2011-11-08,57.227646,57.482967,56.42522,57.419136,70077.38,4002133.0,62.97,0.0,0,0,0
2011-11-09,56.01489,56.12431,54.847725,54.938908,138290.42,7695719.0,60.25,0.0,0,0,0
2011-11-10,55.75957,55.75957,54.56505,55.175987,69200.05,3819140.0,60.51,0.0,0,0,0
2011-11-11,55.859875,56.607594,55.859875,56.42522,63826.35,3600618.0,61.88,0.0,0,0,0
2011-11-14,56.10607,56.44346,55.713978,55.932823,55052.97,3083243.0,61.34,0.0,0,0,0
2011-11-15,55.695744,56.698776,55.5772,56.461693,70516.055,3968113.0,61.92,0.0,0,0,0
2011-11-16,55.83252,56.689655,55.53161,55.558964,43647.574,2452376.0,60.93,0.0,0,0,0
2011-11-17,55.504253,55.504253,54.027058,54.12736,109447.94,5953988.0,59.36,0.0,0,0,0
2011-11-18,54.583286,54.583286,53.82645,54.01794,255853.75,13850554.0,59.24,0.0,0,0,0
2011-11-21,53.060497,53.434357,52.522507,53.22463,97603.87,5168274.0,58.37,0.0,0,0,0
2011-11-22,53.04226,53.443474,52.586334,53.005787,56149.64,2978734.0,58.13,0.0,0,0,0
2011-11-23,52.431324,52.440437,51.647133,51.674484,83018.125,4311077.0,56.67,0.0,0,0,0
2011-11-25,51.30975,52.02099,51.30063,51.44652,71612.73,3696855.0,56.42,0.0,0,0,0
2011-11-28,53.078735,53.571133,52.887245,53.28846,76547.76,4082706.0,58.44,0.0,0,0,0
2011-11-29,53.370525,53.744385,53.087856,53.27022,64484.355,3445415.0,58.42,0.0,0,0,0
2011-11-30,55.157753,55.641033,54.993618,55.631912,219773.2,12151314.0,61.01,0.0,0,0,0
2011-12-01,55.56808,56.297565,55.34012,55.686623,134781.08,7517657.0,61.07,0.0,0,0,0
2011-12-02,56.23373,56.61671,55.668385,55.750454,95520.195,5362929.0,61.14,0.0,0,0,0
2011-12-05,56.735252,56.917618,56.07872,56.352272,106596.586,6032504.0,61.8,0.0,0,0,0
2011-12-06,56.324917,56.47993,55.84164,56.13343,74025.41,4162569.0,61.56,0.0,0,0,0
2011-12-07,55.786926,55.95106,55.130394,55.75957,126007.695,7005177.0,61.15,0.0,0,0,0
2011-12-08,55.449543,55.604557,54.38268,54.455627,163075.23,8952929.0,59.72,0.0,0,0,0
2011-12-09,54.601524,55.659267,54.601524,55.53161,63058.68,3487265.0,60.9,0.0,0,0,0
2011-12-12,54.938908,54.938908,54.191193,54.65623,63497.35,3455095.0,59.94,0.0,0,0,0
2011-12-13,55.16687,55.248936,53.251987,53.625847,114382.96,6203816.0,58.81,0.0,0,0,0
2011-12-14,53.17904,53.22463,52.27631,52.55898,283489.9,14939671.0,57.64,0.0,0,0,0
2011-12-15,53.10609,53.124325,52.486034,52.723114,76986.42,4064846.0,57.82,0.0,0,0,0
2011-12-16,53.18816,53.726147,52.905483,53.206394,71393.39,3796957.0,58.35,0.0,0,0,0
2011-12-19,53.47083,53.625847,52.38573,52.51339,120304.99,6340319.0,57.59,0.0,0,0,0
2011-12-20,53.42524,54.300613,53.42524,54.227665,137742.1,7448821.0,59.47,0.0,0,0,0
2011-12-21,54.1456,54.1456,53.370525,54.01794,58891.324,3168144.0,59.24,0.0,0,0,0
2011-12-22,54.264137,54.765656,54.172955,54.67447,77754.09,4241393.0,59.96,0.0,0,0,0
2011-12-23,54.943962,55.06313,54.549805,55.06313,64364.848,3533681.0,60.07,0.0,0,0,0
2011-12-27,54.998962,55.438957,54.898132,55.21896,73637.75,4065275.0,60.24,0.0,0,0,0
2011-12-28,55.19146,55.19146,54.27481,54.311478,70692.24,3858405.0,59.25,0.0,0,0,0
2011-12-29,54.448975,54.92563,54.40314,54.8523,52364.62,2865513.0,59.84,0.0,0,0,0
2011-12-30,54.888966,54.962296,54.577305,54.577305,110729.36,6071750.0,59.54,0.0,0,0,0
2012-01-03,55.732285,55.93395,55.173126,55.31979,97638.2,5428255.0,60.35,0.0,0,0,0
2012-01-04,55.090626,55.45729,54.898132,55.365623,50619.137,2798569.0,60.4,0.0,0,0,0
2012-01-05,55.136463,55.90645,54.81563,55.833115,53891.926,2989707.0,60.91,0.0,0,0,0
2012-01-06,55.860615,56.053112,55.594788,55.81478,90001.695,5027566.0,60.89,0.0,0,0,0
2012-01-09,56.00728,56.135612,55.658955,56.07144,70583.15,3952354.0,61.17,0.0,0,0,0
2012-01-10,56.6031,56.832264,56.5481,56.795597,42437.164,2407186.0,61.96,0.0,0,0,0
2012-01-11,56.575603,56.832264,56.55727,56.749763,336115.4,19057494.0,61.91,0.0,0,0,0
2012-01-12,56.887264,57.16226,56.575603,57.116425,59019.293,3364062.0,62.31,0.0,0,0,0
2012-01-13,56.703934,56.887264,56.392273,56.73143,83892.49,4756057.0,61.89,0.0,0,0,0
2012-01-17,57.373085,57.48308,56.887264,57.006424,169857.75,9722779.0,62.19,0.0,0,0,0
2012-01-18,57.024757,57.950577,56.905598,57.950577,113129.41,6525758.0,63.22,0.0,0,0,0
2012-01-19,58.207237,58.619728,58.133904,58.427235,148257.34,8666805.0,63.74,0.0,0,0,0
2012-01-20,58.372234,58.372234,57.932243,58.09724,179567.02,10435919.0,63.38,0.0,0,0,0
2012-01-23,58.106403,58.66556,57.91391,58.335567,169748.66,9901310.0,63.64,0.0,0,0,0
2012-01-24,57.978073,58.61056,57.932243,58.5739,115093.08,6716815.0,63.9,0.0,0,0,0
2012-01-25,58.592228,59.683044,58.500565,59.56388,151311.94,8942238.0,64.98,0.0,0,0,0
2012-01-26,60.00387,60.00387,58.72056,58.96806,515355.16,30496160.0,64.33,0.0,0,0,0
2012-01-27,58.757225,59.389717,58.74806,59.233887,75055.96,4440317.0,64.62,0.0,0,0,0
2012-01-30,58.84889,59.09639,58.381397,58.94056,94910.875,5581432.0,64.3,0.0,0,0,0
2012-01-31,59.37138,59.518047,58.67473,59.004723,108329.31,6396250.0,64.37,0.0,0,0,0
2012-02-01,59.536377,60.040535,59.398884,59.811375,581356.4,34788670.0,65.25,0.0,0,0,0
2012-02-02,59.903038,60.26053,59.765537,59.958042,111929.38,6714092.0,65.41,0.0,0,0,0
2012-02-03,60.746353,60.920517,60.553856,60.902187,161675.77,9826934.0,66.44,0.0,0,0,0
2012-02-06,60.618023,61.067184,60.49886,61.067184,60764.78,3697360.0,66.62,0.0,0,0,0
2012-02-07,60.957184,61.25968,60.63636,61.177177,70037.68,4279443.0,66.74,0.0,0,0,0
2012-02-08,61.305508,61.589676,61.01218,61.37884,86510.72,5303052.0,66.96,0.0,0,0,0
2012-02-09,61.589676,61.708836,61.085514,61.67217,60328.41,3711171.0,67.28,0.0,0,0,0
2012-02-10,60.948017,61.204678,60.76469,61.085514,92074.46,5616338.0,66.64,0.0,0,0,0
2012-02-13,61.708836,61.754673,61.14051,61.589676,57055.62,3509643.0,67.19,0.0,0,0,0
2012-02-14,61.39718,61.79134,61.39718,61.773003,92401.74,5688053.0,67.39,0.0,0,0,0
2012-02-15,62.09383,62.112164,61.388012,61.50717,105601.99,6522219.0,67.1,0.0,0,0,0
2012-02-16,61.55301,62.32299,61.50717,62.240498,99929.16,6205359.0,67.9,0.0,0,0,0
2012-02-17,62.58882,62.58882,62.09383,62.22216,56619.25,3526132.0,67.88,0.0,0,0,0
2012-02-21,62.414654,62.487988,61.773003,61.983833,106583.83,6629570.0,67.62,0.0,0,0,0
2012-02-22,61.864666,62.167164,61.72717,61.864666,343751.94,21274292.0,67.49,0.0,0,0,0
2012-02-23,61.864666,62.405495,61.644672,62.405495,157093.88,9768326.0,68.08,0.0,0,0,0
2012-02-24,62.552155,62.762985,62.405495,62.497158,105056.52,6574179.0,68.18,0.0,0,0,0
2012-02-27,62.084667,62.762985,61.855503,62.58882,98838.23,6176066.0,68.28,0.0,0,0,0
2012-02-28,62.67132,62.772156,62.167164,62.469658,116511.29,7280096.0,68.15,0.0,0,0,0
2012-02-29,62.506325,62.680485,61.947166,62.011333,109747.52,6839472.0,67.65,0.0,0,0,0
2012-03-01,62.258827,62.75382,62.130497,62.698822,74946.87,4682392.0,68.4,0.0,0,0,0
2012-03-02,62.652985,62.75382,62.048,62.313828,54873.76,3425867.0,67.98,0.0,0,0,0
2012-03-05,62.240498,62.240498,61.57134,61.78217,166148.58,10273579.0,67.4,0.0,0,0,0
2012-03-06,61.00302,61.048847,60.38886,60.618023,213713.11,12971773.0,66.13,0.0,0,0,0
2012-03-07,60.773857,61.333015,60.773857,61.23218,90001.695,5498245.0,66.8,0.0,0,0,0
2012-03-08,61.69967,62.17633,61.41551,62.038834,126438.74,7826402.0,67.68,0.0,0,0,0
2012-03-09,62.112164,62.60716,62.0205,62.387157,83892.49,5236328.0,68.06,0.0,0,0,0
2012-03-12,62.45132,62.487988,61.974667,62.112164,74619.586,4635132.0,67.76,0.0,0,0,0
2012-03-13,62.533825,63.22131,62.267994,63.212143,1180931.4,74040080.0,68.96,0.0,0,0,0
2012-03-14,63.193813,63.303806,62.652985,62.81798,130147.91,8188417.0,68.53,0.0,0,0,0
2012-03-15,62.86382,63.285477,62.67132,63.276306,80401.516,5074989.0,69.03,0.0,0,0,0
2012-03-16,63.285477,63.4963,63.22131,63.386307,106802.01,6771351.0,69.15,0.0,0,0,0
2012-03-19,63.276306,63.835464,63.184643,63.6063,112038.48,7119410.0,69.39,0.0,0,0,0
2012-03-20,63.12048,63.22131,62.88215,63.12048,102547.38,6470151.0,68.86,0.0,0,0,0
2012-03-21,63.26714,63.560467,63.074642,63.34964,111711.195,7081615.0,69.11,0.0,0,0,0
2012-03-22,62.706078,62.926098,62.42188,62.75191,97735.984,6129984.0,68.45,0.0,0,0,0
2012-03-23,62.816082,63.07278,62.28437,62.99944,85191.74,5350795.0,68.72,0.0,0,0,0
2012-03-26,63.668667,63.934525,63.466988,63.934525,125878.71,8019746.0,69.74,0.0,0,0,0
2012-03-27,63.989536,63.9987,63.604492,63.641167,300080.0,19153232.0,69.42,0.0,0,0,0
2012-03-28,63.586163,63.650333,62.53189,62.96277,142458.92,8973930.0,68.68,0.0,0,0,0
2012-03-29,62.54106,63.10028,62.293533,62.99027,81919.336,5129562.0,68.71,0.0,0,0,0
2012-03-30,63.384476,63.50365,62.871094,63.18279,167220.16,10591389.0,68.92,0.0,0,0,0
2012-04-02,63.146114,64.0262,63.07278,63.77868,169292.69,10776048.0,69.57,0.0,0,0,0
2012-04-03,63.641167,63.952866,63.347805,63.76951,157512.02,10034904.0,69.56,0.0,0,0,0
2012-04-04,63.06361,63.228626,62.54106,62.816082,172783.25,10846851.0,68.52,0.0,0,0,0
2012-04-05,62.596066,63.109444,62.596066,62.852757,101008.39,6350554.0,68.56,0.0,0,0,0
2012-04-09,61.853493,62.156025,61.67014,62.00017,101881.04,6309011.0,67.63,0.0,0,0,0
2012-04-10,61.908497,62.036842,60.496693,60.615875,183473.12,11193255.0,66.12,0.0,0,0,0
2012-04-11,61.23927,61.505123,61.1751,61.266773,80392.21,4928554.0,66.83,0.0,0,0,0
2012-04-12,61.340115,62.39438,61.285103,62.302704,66429.93,4127308.0,67.96,0.0,0,0,0
2012-04-13,62.064342,62.2202,61.587635,61.67014,94354.49,5837746.0,67.27,0.0,0,0,0
2012-04-16,62.009342,62.091854,61.120087,61.358444,87700.59,5386984.0,66.93,0.0,0,0,0
2012-04-17,61.807655,62.632736,61.807655,62.449387,84864.5,5287373.0,68.12,0.0,0,0,0
2012-04-18,62.00017,62.50439,61.97267,62.31187,62175.793,3872283.0,67.97,0.0,0,0,0
2012-04-19,62.385216,62.935265,61.75265,62.119354,85191.74,5309245.0,67.76,0.0,0,0,0
2012-04-20,62.357704,62.42188,61.99101,61.99101,97517.82,6068713.0,67.62,0.0,0,0,0
2012-04-23,61.110924,61.42262,60.689213,61.38595,91518.41,5588620.0,66.96,0.0,0,0,0
2012-04-24,61.404285,61.404285,60.74422,60.982574,110716.55,6763320.0,66.52,0.0,0,0,0
2012-04-25,61.78932,62.192688,61.688477,62.192688,66320.84,4107155.0,67.84,0.0,0,0,0
2012-04-26,62.046013,62.898594,62.046013,62.816082,67847.97,4247295.0,68.52,0.0,0,0,0
2012-04-27,63.155285,63.338634,62.56856,63.155285,104062.64,6560285.0,68.89,0.0,0,0,0
2012-04-30,63.091114,63.18279,62.660236,62.852757,155221.33,9764782.0,68.56,0.0,0,0,0
2012-05-01,62.852757,63.732838,62.56856,63.21946,172346.94,10945702.0,68.96,0.0,0,0,0
2012-05-02,62.76108,63.411976,62.72441,63.347805,74938.195,4731039.0,69.1,0.0,0,0,0
2012-05-03,63.2928,63.2928,62.21103,62.376045,143986.05,9019890.0,68.04,0.0,0,0,0
2012-05-04,61.862663,61.98184,61.02841,61.1751,225469.06,13822049.0,66.73,0.0,0,0,0
2012-05-07,60.945908,61.404285,60.900066,61.2026,82028.414,5019314.0,66.76,0.0,0,0,0
2012-05-08,60.689213,60.835896,59.45159,60.753384,356038.22,21406258.0,66.27,0.0,0,0,0
2012-05-09,60.001644,60.826725,59.66245,60.496693,195471.97,11812774.0,65.99,0.0,0,0,0
2012-05-10,61.074253,61.18426,60.505863,60.560867,97408.74,5924894.0,66.06,0.0,0,0,0
2012-05-11,60.185,61.21176,60.047485,60.652546,74174.63,4514656.0,66.16,0.0,0,0,0
2012-05-14,60.019985,60.322514,59.689953,59.827465,107880.45,6463599.0,65.26,0.0,0,0,0
2012-05-15,59.900803,60.17583,59.35075,59.515766,99044.945,5921213.0,64.92,0.0,0,0,0
2012-05-16,59.64411,60.12999,59.17657,59.1949,134277.89,8012480.0,64.57,0.0,0,0,0
2012-05-17,59.185734,59.24074,57.56308,57.56308,200053.34,11655125.0,62.79,0.0,0,0,0
2012-05-18,57.73726,57.920612,56.793003,56.857178,274337.06,15749961.0,62.02,0.0,0,0,0
2012-05-21,56.95802,58.507336,56.829674,58.4615,425631.47,24661108.0,63.77,0.0,0,0,0
2012-05-22,58.64485,59.1949,58.287315,58.654015,185654.73,10939826.0,63.98,0.0,0,0,0
2012-05-23,58.03979,59.13073,57.636417,59.075726,133187.1,7746744.0,64.44,0.0,0,0,0
2012-05-24,59.1949,59.20407,58.397327,58.919872,64248.32,3773628.0,64.27,0.0,0,0,0
2012-05-25,58.90154,59.12156,58.764027,58.91071,70684.06,4167864.0,64.26,0.0,0,0,0
2012-05-29,59.43326,59.864136,59.1674,59.680782,70793.14,4209822.0,65.1,0.0,0,0,0
2012-05-30,59.002384,59.09406,58.323982,58.516506,77010.72,4510845.0,63.83,0.0,0,0,0
2012-05-31,58.452328,58.452328,57.37056,58.1223,181182.44,10481541.0,63.4,0.0,0,0,0
2012-06-01,56.728832,57.077194,56.02293,56.096268,310006.3,17472416.0,61.19,0.0,0,0,0
2012-06-04,56.187946,56.472137,55.29869,56.02293,278373.03,15510137.0,61.11,0.0,0,0,0
2012-06-05,55.71123,56.903015,55.71123,56.77467,85518.984,4821168.0,61.93,0.0,0,0,0
2012-06-06,57.29722,58.168137,57.29722,58.103966,150639.95,8719592.0,63.38,0.0,0,0,0
2012-06-07,58.929043,59.011555,57.70059,57.792267,98499.55,5744398.0,63.04,0.0,0,0,0
2012-06-08,57.608917,58.296482,57.18721,58.25981,41559.61,2405653.0,63.55,0.0,0,0,0
2012-06-11,58.965714,58.965714,57.09553,57.113865,78646.92,4555378.0,62.3,0.0,0,0,0
2012-06-12,57.315556,57.865604,56.930515,57.85644,71883.945,4131897.0,63.11,0.0,0,0,0
2012-06-13,57.61808,57.88394,56.783833,56.967186,61521.312,3532016.0,62.14,0.0,0,0,0
2012-06-14,57.031357,57.636417,56.86634,57.425564,80174.05,4597300.0,62.64,0.0,0,0,0
2012-06-15,57.59975,58.31482,57.50807,58.241474,117588.6,6823211.0,63.53,0.0,0,0,0
2012-06-18,58.03062,58.94738,57.783096,58.84654,113879.875,6672746.0,64.19,0.0,0,0,0
2012-06-19,59.1399,59.790794,59.08489,59.561607,175510.27,10439401.0,64.97,0.0,0,0,0
2012-06-20,59.561607,59.73579,59.002384,59.35075,104826.2,6227645.0,64.74,0.0,0,0,0
2012-06-21,59.24074,59.332417,57.498905,57.572243,124896.984,7272421.0,62.8,0.0,0,0,0
2012-06-22,57.874775,58.186474,57.498905,58.021458,63375.676,3667980.0,63.29,0.0,0,0,0
2012-06-25,57.29722,57.388893,56.637154,56.95802,61848.55,3524466.0,62.13,0.0,0,0,0
2012-06-26,57.049694,57.489735,56.7655,57.32472,142022.6,8117904.0,62.53,0.0,0,0,0
2012-06-27,57.48057,57.718925,57.278885,57.581413,78756.01,4527914.0,62.81,0.0,0,0,0
2012-06-28,57.077194,57.33389,56.444637,57.196377,102208.27,5812173.0,62.39,0.0,0,0,0
2012-06-29,58.41566,59.020718,58.31482,59.011555,89009.555,5228813.0,64.37,0.0,0,0,0
2012-07-02,59.20407,59.277412,58.654015,59.149063,106244.25,6269219.0,64.52,0.0,0,0,0
2012-07-03,59.1674,59.96498,59.1674,59.8733,113116.31,6743403.0,65.31,0.0,0,0,0
2012-07-05,59.809128,60.230835,59.506603,59.99248,69156.94,4151590.0,65.44,0.0,0,0,0
2012-07-06,59.369087,59.369087,58.59901,58.984047,93918.17,5535136.0,64.34,0.0,0,0,0
2012-07-09,58.828197,58.956543,58.31482,58.580677,64030.16,3748511.0,63.9,0.0,0,0,0
2012-07-10,58.90154,59.048225,57.52641,57.81977,109734.82,6377406.0,63.07,0.0,0,0,0
2012-07-11,57.74643,57.97562,57.196377,57.544743,60321.426,3471634.0,62.77,0.0,0,0,0
2012-07-12,56.985523,57.682255,56.609653,57.425564,189690.7,10866471.0,62.64,0.0,0,0,0
2012-07-13,57.572243,58.35149,57.572243,58.250645,66648.086,3871558.0,63.54,0.0,0,0,0
2012-07-16,58.094795,58.177303,57.61808,57.97562,48213.508,2795729.0,63.24,0.0,0,0,0
2012-07-17,58.23231,58.4615,57.55391,58.424828,62830.273,3654086.0,63.73,0.0,0,0,0
2012-07-18,58.25981,59.268246,58.25981,58.993214,856389.75,50464028.0,64.35,0.0,0,0,0
2012-07-19,59.249905,59.67161,58.956543,59.41492,53013.043,3147199.0,64.81,0.0,0,0,0
2012-07-20,58.993214,58.993214,58.470665,58.507336,69047.85,4046009.0,63.82,0.0,0,0,0
2012-07-23,57.56308,57.874775,56.930515,57.755596,90645.76,5223408.0,63.0,0.0,0,0,0
2012-07-24,57.773933,57.810604,56.4263,56.829674,115079.76,6547741.0,61.99,0.0,0,0,0
2012-07-25,57.022194,57.343056,56.627987,56.976357,93372.77,5317959.0,62.15,0.0,0,0,0
2012-07-26,57.801434,58.25981,57.544743,58.1223,59230.625,3431151.0,63.4,0.0,0,0,0
2012-07-27,58.49817,59.616608,58.470665,59.405758,97517.82,5772262.0,64.8,0.0,0,0,0
2012-07-30,59.332417,59.63495,58.91071,59.10323,103844.484,6140085.0,64.47,0.0,0,0,0
2012-07-31,58.984047,59.13073,58.580677,58.580677,30978.816,1821419.0,63.9,0.0,0,0,0
2012-08-01,58.828197,58.828197,58.08563,58.186474,77992.445,4554213.0,63.47,0.0,0,0,0
2012-08-02,57.874775,58.296482,57.278885,57.73726,246630.64,14215042.0,62.98,0.0,0,0,0
2012-08-03,58.819035,59.268246,58.690685,59.10323,47559.027,2811450.0,64.47,0.0,0,0,0
2012-08-06,59.277412,59.62578,59.277412,59.41492,377090.72,22438868.0,64.81,0.0,0,0,0
2012-08-07,59.799965,60.597538,59.799965,60.350018,118461.25,7153775.0,65.83,0.0,0,0,0
2012-08-08,60.06582,60.48753,60.019985,60.331676,304334.16,18360348.0,65.81,0.0,0,0,0
2012-08-09,60.304176,60.597538,60.194168,60.39585,69920.5,4225882.0,65.88,0.0,0,0,0
2012-08-10,60.038315,60.38669,59.96498,60.38669,54322.008,3265062.0,65.87,0.0,0,0,0
2012-08-13,60.17583,60.350018,59.799965,60.2125,183582.2,11001737.0,65.68,0.0,0,0,0
2012-08-14,60.505863,60.597538,60.010815,60.194168,71883.945,4335837.0,65.66,0.0,0,0,0
2012-08-15,60.093327,60.615875,60.093327,60.560867,56067.293,3392101.0,66.06,0.0,0,0,0
2012-08-16,60.588367,61.358444,60.560867,61.220932,100026.67,6105560.0,66.78,0.0,0,0,0
2012-08-17,61.340115,61.46846,61.2301,61.45929,43959.375,2698923.0,67.04,0.0,0,0,0
2012-08-20,61.367615,61.367615,60.835896,61.065083,48649.832,2970609.0,66.61,0.0,0,0,0
2012-08-21,61.257603,61.624306,60.85423,61.046745,86173.47,5280786.0,66.59,0.0,0,0,0
2012-08-22,60.900066,61.220932,60.70755,61.037582,61739.473,3763090.0,66.58,0.0,0,0,0
2012-08-23,60.817554,60.9184,60.469193,60.63421,57158.098,3469540.0,66.14,0.0,0,0,0
2012-08-24,60.44169,60.97341,60.331676,60.808395,71011.3,4305700.0,66.33,0.0,0,0,0
2012-08-27,61.083416,61.220932,60.71672,60.77172,41014.207,2497576.0,66.29,0.0,0,0,0
2012-08-28,60.71672,61.00091,60.560867,60.85423,49631.555,3020904.0,66.38,0.0,0,0,0
2012-08-29,60.9184,61.129257,60.66171,60.99174,46795.465,2852330.0,66.53,0.0,0,0,0
2012-08-30,60.62504,60.63421,60.249172,60.405018,156203.05,9450856.0,65.89,0.0,0,0,0
2012-08-31,60.85423,60.945908,60.2125,60.77172,45813.742,2782168.0,66.29,0.0,0,0,0
2012-09-04,60.799225,61.120087,60.24,60.909237,135805.02,8261097.0,66.44,0.0,0,0,0
2012-09-05,60.900066,61.010082,60.615875,60.78089,65120.96,3960396.0,66.3,0.0,0,0,0
2012-09-06,61.110924,62.2752,61.110924,62.128517,114970.68,7131764.0,67.77,0.0,0,0,0
2012-09-07,62.20186,62.660236,62.20186,62.586895,91300.24,5706431.0,68.27,0.0,0,0,0
2012-09-10,62.39438,62.687737,62.20186,62.229362,63811.996,3987020.0,67.88,0.0,0,0,0
2012-09-11,62.2477,62.50439,62.192688,62.339375,66211.766,4129930.0,68.0,0.0,0,0,0
2012-09-12,62.56856,62.72441,62.385216,62.651066,128823.88,8065651.0,68.34,0.0,0,0,0
2012-09-13,62.76108,63.622833,62.39438,63.347805,83337.375,5259887.0,69.1,0.0,0,0,0
2012-09-14,63.632004,64.38374,63.632004,64.05371,70793.14,4534407.0,69.87,0.0,0,0,0
2012-09-17,63.76951,63.907024,63.439476,63.576992,94463.57,6012724.0,69.35,0.0,0,0,0
2012-09-18,63.421146,63.457817,63.045273,63.21029,78428.766,4958849.0,68.95,0.0,0,0,0
2012-09-19,63.366142,63.595333,63.109444,63.466988,359856.03,22781344.0,69.23,0.0,0,0,0
2012-09-20,63.00861,63.136955,62.669407,63.118614,65230.043,4106992.0,68.85,0.0,0,0,0
2012-09-21,63.576992,63.668667,63.155285,63.155285,73956.47,4683617.0,68.89,0.0,0,0,0
2012-09-24,62.733578,62.907764,62.614403,62.706078,94354.49,5923658.0,68.4,0.0,0,0,0
2012-09-25,63.02694,63.02694,61.825993,61.844326,72102.1,4505276.0,67.46,0.0,0,0,0
2012-09-26,61.825993,61.825993,60.97341,61.321774,192308.64,11810760.0,66.89,0.0,0,0,0
2012-09-27,61.624306,62.293533,61.505123,62.18353,55521.89,3439740.0,67.83,0.0,0,0,0
2012-09-28,61.899326,62.2202,61.633476,62.110184,88245.99,5468597.0,67.75,0.0,0,0,0
2012-10-01,62.385216,62.660236,61.899326,62.064342,54212.93,3370788.0,67.7,0.0,0,0,0
2012-10-02,62.412716,62.412716,61.880997,62.18353,82901.055,5148179.0,67.83,0.0,0,0,0
2012-10-03,62.339375,62.440216,61.97267,62.28437,63375.676,3946727.0,67.94,0.0,0,0,0
2012-10-04,62.550232,62.77025,62.28437,62.77025,64248.32,4019895.0,68.47,0.0,0,0,0
2012-10-05,63.109444,63.338634,62.559395,62.696907,44941.098,2828581.0,68.39,0.0,0,0,0
2012-10-08,62.43105,62.78858,62.385216,62.56856,28797.209,1800714.0,68.25,0.0,0,0,0
2012-10-09,62.366875,62.476887,61.660976,61.660976,58685.223,3633894.0,67.26,0.0,0,0,0
2012-10-10,61.651806,61.67931,61.14759,61.220932,54758.33,3356643.0,66.78,0.0,0,0,0
2012-10-11,61.72515,62.101017,61.505123,61.587635,36432.832,2247719.0,67.18,0.0,0,0,0
2012-10-12,61.688477,61.73431,61.156757,61.303444,41777.77,2560971.0,66.87,0.0,0,0,0
2012-10-15,61.45012,61.74348,61.129257,61.70681,130023.766,7982180.0,67.31,0.0,0,0,0
2012-10-16,62.02768,62.440216,61.899326,62.412716,46359.145,2885495.0,68.08,0.0,0,0,0
2012-10-17,62.330204,62.632736,62.293533,62.52272,49958.797,3121489.0,68.2,0.0,0,0,0
2012-10-18,62.348545,62.623566,62.165188,62.403545,25197.559,1570368.0,68.07,0.0,0,0,0
2012-10-19,62.119354,62.192688,61.18426,61.349277,64902.8,3989588.0,66.92,0.0,0,0,0
2012-10-22,61.156757,61.42262,60.73505,61.156757,51049.598,3114923.0,66.71,0.0,0,0,0
2012-10-23,60.505863,60.845066,59.99248,60.62504,60975.91,3684933.0,66.13,0.0,0,0,0
2012-10-24,60.872566,60.872566,60.304176,60.38669,51267.758,3101529.0,65.87,0.0,0,0,0
2012-10-25,60.835896,60.95507,60.194168,60.515034,45486.5,2751845.0,66.01,0.0,0,0,0
2012-10-26,60.560867,60.835896,60.093327,60.551704,38396.277,2321475.0,66.05,0.0,0,0,0
2012-10-31,60.63421,60.863396,60.331676,60.597538,190236.11,11506196.0,66.1,0.0,0,0,0
2012-11-01,60.64338,61.825993,60.64338,61.816822,59557.863,3663354.0,67.43,0.0,0,0,0
2012-11-02,62.046013,62.110184,61.055916,61.065083,65339.12,4011077.0,66.61,0.0,0,0,0
2012-11-05,61.02841,61.550964,60.900066,61.45929,102426.44,6277412.0,67.04,0.0,0,0,0
2012-11-06,61.70681,62.101017,61.53263,61.908497,76138.08,4715206.0,67.53,0.0,0,0,0
2012-11-07,61.14759,61.303444,60.43252,60.762554,131441.81,8003947.0,66.28,0.0,0,0,0
2012-11-08,60.725883,60.845066,59.864136,59.8733,88027.836,5305056.0,65.31,0.0,0,0,0
2012-11-09,59.64411,60.588367,59.589108,60.010815,138532.03,8333320.0,65.46,0.0,0,0,0
2012-11-12,60.258343,60.258343,59.85497,59.94664,53994.766,3241121.0,65.39,0.0,0,0,0
2012-11-13,59.589108,60.469193,59.24074,59.94664,81483.016,4895501.0,65.39,0.0,0,0,0
2012-11-14,60.185,60.194168,58.94738,59.020718,132205.38,7856159.0,64.38,0.0,0,0,0
2012-11-15,58.929043,59.213234,58.534836,58.956543,153148.8,9011307.0,64.31,0.0,0,0,0
2012-11-16,59.05739,59.469933,58.690685,59.323246,135150.55,7986693.0,64.71,0.0,0,0,0
2012-11-19,60.056656,60.524197,60.038315,60.524197,92500.125,5578822.0,66.02,0.0,0,0,0
2012-11-20,60.44169,60.725883,60.258343,60.579205,65666.37,3972122.0,66.08,0.0,0,0,0
2012-11-21,60.74422,60.872566,60.588367,60.790054,72429.34,4402094.0,66.31,0.0,0,0,0
2012-11-23,61.2026,61.477623,61.037582,61.477623,25961.121,1592086.0,67.06,0.0,0,0,0
2012-11-26,61.312607,61.477623,61.037582,61.321774,126860.44,7769200.0,66.89,0.0,0,0,0
2012-11-27,61.321774,61.46846,61.037582,61.074253,84755.42,5192512.0,66.62,0.0,0,0,0
2012-11-28,60.808395,61.550964,60.505863,61.52346,134168.81,8217297.0,67.11,0.0,0,0,0
2012-11-29,61.75265,61.908497,61.477623,61.816822,99590.35,6152159.0,67.43,0.0,0,0,0
2012-11-30,61.890167,62.073513,61.633476,61.844326,81046.695,5007968.0,67.46,0.0,0,0,0
2012-12-03,62.21103,62.28437,61.395115,61.42262,82791.98,5107804.0,67.0,0.0,0,0,0
2012-12-04,61.53263,61.60597,61.138428,61.505123,102644.6,6291629.0,67.09,0.0,0,0,0
2012-12-05,61.64264,61.688477,61.010082,61.52346,80392.21,4938659.0,67.11,0.0,0,0,0
2012-12-06,61.45929,61.844326,61.193428,61.835155,113879.875,7020336.0,67.45,0.0,0,0,0
2012-12-07,61.97267,62.119354,61.72515,61.97267,123806.19,7661136.0,67.6,0.0,0,0,0
2012-12-10,61.890167,62.25687,61.890167,62.18353,76683.48,4764962.0,67.83,0.0,0,0,0
2012-12-11,62.403545,62.797752,62.366875,62.651066,103844.484,6507986.0,68.34,0.0,0,0,0
2012-12-12,62.843594,63.109444,62.660236,62.76108,100572.07,6322467.0,68.46,0.0,0,0,0
2012-12-13,62.660236,62.96277,62.23853,62.366875,47340.867,2957267.0,68.03,0.0,0,0,0
2012-12-14,62.229362,62.46772,62.137688,62.2477,92281.97,5750989.0,67.9,0.0,0,0,0
2012-12-17,62.449387,62.871094,62.43105,62.871094,133296.17,8349192.0,68.58,0.0,0,0,0
2012-12-18,63.017773,63.77868,62.99944,63.732838,179437.16,11410081.0,69.52,0.0,0,0,0
2012-12-19,63.842854,63.925365,63.54949,63.54949,186091.06,11861681.0,69.32,0.0,0,0,0
2012-12-20,63.75118,63.888695,63.430317,63.888695,78646.92,5007792.0,69.69,0.0,0,0,0
2012-12-21,62.889427,63.430317,62.797752,63.32947,130460.086,8244398.0,69.08,0.0,0,0,0
2012-12-24,63.158722,63.527912,62.992588,63.18641,38137.82,2407324.0,68.46,0.0,0,0,0
2012-12-26,63.315624,63.315624,62.66032,62.715694,83534.83,5250502.0,67.95,0.0,0,0,0
2012-12-27,62.780304,62.89106,62.023468,62.789536,128715.14,8031818.0,68.03,0.0,0,0,0
2012-12-28,62.309593,62.678783,62.198833,62.198833,114521.805,7156851.0,67.39,0.0,0,0,0
2012-12-31,62.161915,63.398697,62.060387,63.29717,302177.22,18950528.0,68.58,0.0,0,0,0
2013-01-02,64.76469,64.85698,64.33089,64.838524,190472.4,12294731.0,70.25,0.0,0,0,0
2013-01-03,64.85698,65.31847,64.63547,64.91236,116255.34,7566280.0,70.33,0.0,0,0,0
2013-01-04,65.16156,65.45691,64.90313,65.3923,108454.42,7078721.0,70.85,0.0,0,0,0
2013-01-07,65.060036,65.30001,65.00466,65.21694,137274.48,8941814.0,70.66,0.0,0,0,0
2013-01-08,65.18925,65.29078,64.801605,65.12464,62407.344,4058069.0,70.56,0.0,0,0,0
2013-01-09,65.41999,65.530754,65.26309,65.41077,168478.16,11020440.0,70.87,0.0,0,0,0
2013-01-10,65.77995,65.80765,65.18925,65.539986,70208.26,4593821.0,71.01,0.0,0,0,0
2013-01-11,65.539986,65.659966,65.33693,65.60459,109754.58,7188572.0,71.08,0.0,0,0,0
2013-01-14,65.613815,65.80765,65.41077,65.613815,178337.64,11693299.0,71.09,0.0,0,0,0
2013-01-15,65.30001,65.92763,65.25386,65.92763,105745.77,6937652.0,71.43,0.0,0,0,0
2013-01-16,65.789185,65.89994,65.58613,65.77995,72916.914,4794781.0,71.27,0.0,0,0,0
2013-01-17,66.17683,66.42603,66.03838,66.28758,117663.84,7793961.0,71.82,0.0,0,0,0
2013-01-18,66.342964,66.45372,66.06608,66.44449,473905.75,31396222.0,71.99,0.0,0,0,0
2013-01-22,66.45372,66.72138,66.25066,66.71215,131640.48,8755800.0,72.28,0.0,0,0,0
2013-01-23,66.767525,66.80444,66.564476,66.73061,60998.844,4069386.0,72.3,0.0,0,0,0
2013-01-24,66.79522,67.53359,66.79522,67.26593,104012.234,6993139.0,72.88,0.0,0,0,0
2013-01-25,67.57974,68.059685,67.54282,68.04123,140633.22,9534433.0,73.72,0.0,0,0,0
2013-01-28,68.23505,68.29043,67.64435,67.75511,311820.03,21144406.0,73.41,0.0,0,0,0
2013-01-29,67.69972,67.74588,67.32131,67.708954,137057.8,9268111.0,73.36,0.0,0,0,0
2013-01-30,67.74588,67.921234,67.35823,67.39514,119397.38,8073174.0,73.02,0.0,0,0,0
2013-01-31,67.376686,67.6628,67.201324,67.48745,97619.82,6589391.0,73.12,0.0,0,0,0
2013-02-01,67.967384,68.23505,67.7828,68.0966,90035.59,6126356.0,73.78,0.0,0,0,0
2013-02-04,67.74588,67.98585,67.349,67.35823,119072.34,8048559.0,72.98,0.0,0,0,0
2013-02-05,67.74588,68.0966,67.61666,67.98585,78117.52,5306430.0,73.66,0.0,0,0,0
2013-02-06,67.7828,68.355034,67.7828,68.355034,120155.805,8191207.0,74.06,0.0,0,0,0
2013-02-07,68.29043,68.32735,67.60743,68.0966,128281.76,8724611.0,73.78,0.0,0,0,0
2013-02-08,68.16121,68.530396,68.16121,68.521164,94369.44,6458395.0,74.24,0.0,0,0,0
2013-02-11,68.46579,68.51194,68.20736,68.39195,143341.86,9797423.0,74.1,0.0,0,0,0
2013-02-12,68.41964,68.567314,68.33658,68.4381,98378.24,6733001.0,74.15,0.0,0,0,0
2013-02-13,68.51194,68.705765,68.33658,68.530396,59265.305,4057367.0,74.25,0.0,0,0,0
2013-02-14,68.401184,68.779594,68.29966,68.75191,39546.32,2714913.0,74.49,0.0,0,0,0
2013-02-15,68.79806,68.97343,68.57655,68.72422,50814.312,3495747.0,74.46,0.0,0,0,0
2013-02-19,68.779594,69.084175,68.779594,69.07494,60998.844,4206882.0,74.84,0.0,0,0,0
2013-02-20,69.07494,69.07494,67.90278,67.921234,89818.9,6141828.0,73.59,0.0,0,0,0
2013-02-21,67.708954,67.87509,66.83214,67.14594,73025.26,4908101.0,72.75,0.0,0,0,0
2013-02-22,67.49667,67.99507,67.49667,67.99507,80609.484,5466086.0,73.67,0.0,0,0,0
2013-02-25,68.45656,68.47502,66.767525,66.767525,103145.47,6994867.0,72.34,0.0,0,0,0
2013-02-26,67.06288,67.293625,66.49064,67.210556,73675.336,4928028.0,72.82,0.0,0,0,0
2013-02-27,67.293625,68.55808,67.293625,68.355034,58615.23,3998368.0,74.06,0.0,0,0,0
2013-02-28,68.355034,68.83498,68.30889,68.30889,86243.48,5914144.0,74.01,0.0,0,0,0
2013-03-01,68.022766,68.54885,67.625885,68.484245,66741.19,4555843.0,74.2,0.0,0,0,0
2013-03-04,68.24428,68.80729,68.15198,68.80729,120697.53,8270480.0,74.55,0.0,0,0,0
2013-03-05,69.139565,69.6195,69.139565,69.49029,82451.37,5731585.0,75.29,0.0,0,0,0
2013-03-06,69.92408,70.01638,69.54566,69.62873,71941.8,5016725.0,75.44,0.0,0,0,0
2013-03-07,69.693344,69.942535,69.637955,69.89639,57206.73,3994314.0,75.73,0.0,0,0,0
2013-03-08,70.28404,70.496315,69.859474,70.46863,224709.77,15759869.0,76.35,0.0,0,0,0
2013-03-11,70.293274,70.54247,70.18251,70.50555,82234.67,5792839.0,76.39,0.0,0,0,0
2013-03-12,70.39479,70.44094,70.06253,70.26558,50055.89,3516120.0,76.13,0.0,0,0,0
2013-03-13,70.35788,70.69937,70.200966,70.61631,131098.75,9252991.0,76.51,0.0,0,0,0
2013-03-14,70.78244,71.059326,70.76398,71.0501,98811.625,7009513.0,76.98,0.0,0,0,0
2013-03-15,70.88397,71.059326,70.54247,70.634766,54389.73,3848588.0,76.53,0.0,0,0,0
2013-03-18,70.02561,70.59785,69.72103,70.32096,87326.94,6139608.0,76.19,0.0,0,0,0
2013-03-19,70.551704,70.634766,69.517975,70.0533,47672.273,3340519.0,75.9,0.0,0,0,0
2013-03-20,70.646866,70.90534,70.44378,70.78534,87311.984,6173371.0,76.68,0.0,0,0,0
2013-03-21,70.39763,70.646866,70.01914,70.12068,90670.13,6371143.0,75.96,0.0,0,0,0
2013-03-22,70.37916,70.480705,70.20377,70.3607,35531.426,2499196.0,76.22,0.0,0,0,0
2013-03-25,70.56379,70.72995,69.7699,70.083755,58171.88,4088175.0,75.92,0.0,0,0,0
2013-03-26,70.45301,70.637634,70.23146,70.637634,33689.86,2374083.0,76.52,0.0,0,0,0
2013-03-27,70.24992,70.78534,69.95452,70.73918,101719.54,7163001.0,76.63,0.0,0,0,0
2013-03-28,70.61917,71.20998,70.61917,71.10843,149058.67,10576238.0,77.03,0.0,0,0,0
2013-04-01,71.0992,71.200745,70.15761,70.28685,185890.03,13094418.0,76.14,0.0,0,0,0
2013-04-02,70.600716,70.73918,69.982216,70.13915,202355.81,14258257.0,75.98,0.0,0,0,0
2013-04-03,70.29608,70.29608,68.82831,69.02216,102369.51,7086762.0,74.77,0.0,0,0,0
2013-04-04,69.04063,69.33603,68.89292,69.24372,66946.41,4627132.0,75.01,0.0,0,0,0
2013-04-05,68.32982,69.13294,67.9975,69.096016,116127.1,7966600.0,74.85,0.0,0,0,0
2013-04-08,69.23448,69.760666,69.0037,69.760666,42572.715,2954291.0,75.57,0.0,0,0,0
2013-04-09,69.89914,70.083755,69.40988,69.816055,62938.29,4397443.0,75.63,0.0,0,0,0
2013-04-10,69.99145,70.88688,69.99145,70.85919,70412.89,4972669.0,76.76,0.0,0,0,0
2013-04-11,70.76688,71.51461,70.76688,71.23767,68029.68,4847444.0,77.17,0.0,0,0,0
2013-04-12,70.89612,71.080734,70.51763,70.9515,57413.586,4067140.0,76.86,0.0,0,0,0
2013-04-15,70.57301,70.57301,68.57906,68.60676,74529.336,5163880.0,74.32,0.0,0,0,0
2013-04-16,69.33603,70.00068,69.151405,69.97299,66079.79,4594629.0,75.8,0.0,0,0,0
2013-04-17,69.45603,69.45603,68.4129,68.8837,80162.37,5509707.0,74.62,0.0,0,0,0
2013-04-18,69.086784,69.24372,68.10827,68.37598,111360.69,7628973.0,74.07,0.0,0,0,0
2013-04-19,68.83754,69.46526,68.652916,69.40988,37481.32,2594809.0,75.19,0.0,0,0,0
2013-04-22,69.529884,69.7699,68.84677,69.65912,34448.152,2391662.0,75.46,0.0,0,0,0
2013-04-23,70.24069,70.76688,70.02837,70.702255,84278.81,5946005.0,76.59,0.0,0,0,0
2013-04-24,70.646866,70.868416,70.49917,70.71149,56763.62,4013892.0,76.6,0.0,0,0,0
2013-04-25,71.0715,71.653076,71.0715,71.256134,57738.566,4124902.0,77.19,0.0,0,0,0
2013-04-26,71.19151,71.32998,70.72995,70.923805,41814.42,2964997.0,76.83,0.0,0,0,0
2013-04-29,71.1269,71.49614,71.03458,71.35768,40839.477,2913097.0,77.3,0.0,0,0,0
2013-04-30,71.366905,71.61615,70.98843,71.61615,104536.055,7456468.0,77.58,0.0,0,0,0
2013-05-01,71.51461,71.51461,70.81303,70.88688,51997.21,3699950.0,76.79,0.0,0,0,0
2013-05-02,71.18228,71.62538,71.080734,71.52384,44522.61,3182537.0,77.48,0.0,0,0,0
2013-05-03,72.24388,72.55774,71.88386,72.29926,76804.21,5556837.0,78.32,0.0,0,0,0
2013-05-06,72.24388,72.696205,72.24388,72.585434,104102.75,7552076.0,78.63,0.0,0,0,0
2013-05-07,72.696205,73.037766,72.49312,73.037766,70087.91,5109863.0,79.12,0.0,0,0,0
2013-05-08,73.00084,73.50856,72.96391,73.4901,79620.73,5832452.0,79.61,0.0,0,0,0
2013-05-09,73.32394,73.6101,73.12085,73.32394,46364.18,3402124.0,79.43,0.0,0,0,0
2013-05-10,73.40701,74.043976,73.40701,74.03474,41164.457,3035713.0,80.2,0.0,0,0,0
2013-05-13,73.84088,74.03474,73.647026,73.85011,113743.9,8403979.0,80.0,0.0,0,0,0
2013-05-14,73.97012,74.819405,73.97012,74.800934,79404.07,5923409.0,81.03,0.0,0,0,0
2013-05-15,74.644005,75.29019,74.644005,75.12403,94678.25,7101276.0,81.38,0.0,0,0,0
2013-05-16,75.031715,75.23481,74.45015,74.579384,80487.34,6034177.0,80.79,0.0,0,0,0
2013-05-17,74.800934,75.2625,74.708626,75.24404,81462.3,6106901.0,81.51,0.0,0,0,0
2013-05-20,75.07787,75.38251,74.97633,75.07787,61096.723,4593001.0,81.33,0.0,0,0,0
2013-05-21,75.151726,75.585594,75.06864,75.31789,108435.84,8169891.0,81.59,0.0,0,0,0
2013-05-22,75.428665,75.88099,73.74857,74.09013,158808.14,11915310.0,80.26,0.0,0,0,0
2013-05-23,73.21316,74.10859,72.92699,73.923965,89586.86,6591553.0,80.08,0.0,0,0,0
2013-05-24,73.6101,73.77627,73.07469,73.757805,69871.25,5136083.0,79.9,0.0,0,0,0
2013-05-28,74.61631,74.810165,73.7855,74.0809,63263.273,4713738.0,80.25,0.0,0,0,0
2013-05-29,73.54549,73.6655,72.96391,73.480865,49614.004,3641892.0,79.6,0.0,0,0,0
2013-05-30,73.55472,74.03474,73.50856,73.83166,41922.75,3094680.0,79.98,0.0,0,0,0
2013-05-31,73.37932,74.136284,72.95468,72.95468,62938.29,4636345.0,79.03,0.0,0,0,0
2013-06-03,73.12085,73.12085,72.050026,72.84391,64563.203,4678069.0,78.91,0.0,0,0,0
2013-06-04,72.90853,73.18546,72.050026,72.35465,62179.996,4514607.0,78.38,0.0,0,0,0
2013-06-05,72.12387,72.41004,71.40383,71.46845,87095.33,6243574.0,77.42,0.0,0,0,0
2013-06-06,71.46845,72.27157,71.20998,72.27157,75504.28,5412476.0,78.29,0.0,0,0,0
2013-06-07,72.77006,73.34239,72.44697,73.28701,113093.93,8254949.0,79.39,0.0,0,0,0
2013-06-10,73.49933,73.58241,72.8993,73.08392,96303.164,7037208.0,79.17,0.0,0,0,0
2013-06-11,72.77006,72.88083,71.94848,72.24388,94786.58,6875820.0,78.26,0.0,0,0,0
2013-06-12,72.816216,72.83468,71.34844,71.431526,88070.27,6330513.0,77.38,0.0,0,0,0
2013-06-13,71.40383,72.94545,71.311516,72.84391,63696.582,4600388.0,78.91,0.0,0,0,0
2013-06-14,72.77006,73.13008,72.428505,72.5762,49505.676,3606378.0,78.62,0.0,0,0,0
2013-06-17,73.07469,73.4624,72.83468,73.18546,82762.23,6063096.0,79.28,0.0,0,0,0
2013-06-18,73.27778,73.923965,73.27778,73.803955,79404.07,5851912.0,79.95,0.0,0,0,0
2013-06-19,73.79473,73.923965,72.83468,72.86237,47122.473,3458023.0,78.93,0.0,0,0,0
2013-06-20,72.11464,72.11464,70.54532,70.69302,186106.67,13259042.0,76.58,0.0,0,0,0
2013-06-21,71.0992,71.38537,69.99145,70.822266,123601.7,8726253.0,76.72,0.0,0,0,0
2013-06-24,70.092995,70.76688,69.317566,70.17607,160866.38,11218224.0,76.02,0.0,0,0,0
2013-06-25,70.868416,71.18228,70.37916,70.96996,173540.69,12284007.0,76.88,0.0,0,0,0
2013-06-26,71.37614,71.874626,71.366905,71.68077,81678.95,5857019.0,77.65,0.0,0,0,0
2013-06-27,72.17003,72.64082,72.1608,72.47466,78429.125,5681025.0,78.51,0.0,0,0,0
2013-06-28,72.253105,72.65005,71.91155,72.12387,91753.41,6644791.0,78.13,0.0,0,0,0
2013-07-01,72.74237,73.28701,72.71467,72.78852,60013.445,4381635.0,78.85,0.0,0,0,0
2013-07-02,72.871605,73.20393,72.308495,72.56697,87961.945,6398154.0,78.61,0.0,0,0,0
2013-07-03,72.29926,72.92699,72.29003,72.705444,28706.793,2084240.0,78.76,0.0,0,0,0
2013-07-05,73.11161,73.51779,72.65005,73.51779,70954.52,5193573.0,79.64,0.0,0,0,0
2013-07-08,73.9055,74.07166,73.56395,73.6655,73337.734,5408234.0,79.8,0.0,0,0,0
2013-07-09,74.09013,74.29322,73.9055,74.21014,95219.89,7062756.0,80.39,0.0,0,0,0
2013-07-10,74.200905,74.38553,73.923965,74.3486,61530.03,4561835.0,80.54,0.0,0,0,0
2013-07-11,75.207115,75.594826,75.07787,75.5579,87745.29,6610223.0,81.85,0.0,0,0,0
2013-07-12,75.62252,75.88099,75.51175,75.76099,69979.58,5296256.0,82.07,0.0,0,0,0
2013-07-15,76.028694,76.13947,75.66868,75.871765,87203.66,6616246.0,82.19,0.0,0,0,0
2013-07-16,75.99177,76.028694,75.207115,75.35481,70737.87,5339039.0,81.63,0.0,0,0,0
2013-07-17,75.705605,75.816376,75.53944,75.65945,55572.02,4205338.0,81.96,0.0,0,0,0
2013-07-18,75.7333,76.24101,75.7333,76.093315,68571.32,5216426.0,82.43,0.0,0,0,0
2013-07-19,76.01023,76.33333,75.95484,76.33333,66621.42,5074820.0,82.69,0.0,0,0,0
2013-07-22,76.54565,76.54565,76.26871,76.37948,99336.336,7592365.0,82.74,0.0,0,0,0
2013-07-23,76.601036,76.6195,76.04716,76.11177,35098.117,2674483.0,82.45,0.0,0,0,0
2013-07-24,76.46256,76.61026,75.52097,75.69637,57196.93,4335872.0,82.0,0.0,0,0,0
2013-07-25,75.63175,76.23178,75.63175,76.23178,48205.746,3664414.0,82.58,0.0,0,0,0
2013-07-26,75.594826,76.10255,75.53944,76.07485,82870.555,6287152.0,82.41,0.0,0,0,0
2013-07-29,75.79791,76.04716,75.52097,75.68713,62396.652,4724807.0,81.99,0.0,0,0,0
2013-07-30,76.11177,76.26871,75.83484,76.12101,71821.15,5460547.0,82.46,0.0,0,0,0
2013-07-31,76.39795,76.90566,76.30563,76.35179,73662.71,5637703.0,82.71,0.0,0,0,0
2013-08-01,77.01644,77.93957,77.01644,77.85648,92836.69,7208381.0,84.34,0.0,0,0,0
2013-08-02,77.73648,77.95802,77.59801,77.91187,56330.31,4383293.0,84.4,0.0,0,0,0
2013-08-05,77.79186,77.91187,77.68109,77.89341,63588.254,4948310.0,84.38,0.0,0,0,0
2013-08-06,77.89341,77.930336,77.2103,77.40415,62288.324,4826682.0,83.85,0.0,0,0,0
2013-08-07,77.00721,77.0349,76.481026,76.693344,80920.66,6209736.0,83.08,0.0,0,0,0
2013-08-08,77.201065,77.3303,76.74873,77.201065,70087.91,5404565.0,83.63,0.0,0,0,0
2013-08-09,77.05337,77.49646,77.01644,77.24722,37914.633,2930592.0,83.68,0.0,0,0,0
2013-08-12,76.71181,77.3303,76.71181,77.201065,61638.36,4756202.0,83.63,0.0,0,0,0
2013-08-13,77.3857,77.3857,76.6195,77.24722,71929.48,5551053.0,83.68,0.0,0,0,0
2013-08-14,77.0349,77.12722,76.57333,76.57333,44630.938,3424943.0,82.95,0.0,0,0,0
2013-08-15,75.927155,75.927155,75.050186,75.21635,93594.98,7050214.0,81.48,0.0,0,0,0
2013-08-16,74.9671,75.39174,74.91171,74.99479,50480.625,3789870.0,81.24,0.0,0,0,0
2013-08-19,74.85632,75.151726,74.477844,74.477844,71496.164,5345458.0,80.68,0.0,0,0,0
2013-08-20,74.579384,75.61329,74.579384,75.419426,63804.91,4803783.0,81.7,0.0,0,0,0
2013-08-21,75.00403,75.64098,74.865555,74.97633,95003.234,7139762.0,81.22,0.0,0,0,0
2013-08-22,75.142494,76.250244,75.07787,75.89023,30440.033,2304368.0,82.21,0.0,0,0,0
2013-08-23,76.22255,76.22255,75.67791,76.13947,40947.8,3111469.0,82.48,0.0,0,0,0
2013-08-26,76.26871,76.56411,75.89023,76.11177,52213.863,3987055.0,82.45,0.0,0,0,0
2013-08-27,75.31789,75.4379,74.58862,74.66247,61638.36,4618783.0,80.88,0.0,0,0,0
2013-08-28,74.66247,75.17019,74.56092,74.84709,72037.805,5399108.0,81.08,0.0,0,0,0
2013-08-29,74.6717,75.585594,74.6717,75.34558,38889.58,2931367.0,81.62,0.0,0,0,0
2013-08-30,75.32712,75.32712,74.66247,74.76401,56655.293,4247690.0,80.99,0.0,0,0,0
2013-09-03,75.74253,75.936386,74.72708,75.188644,71387.836,5360740.0,81.45,0.0,0,0,0
2013-09-04,75.29019,76.06562,75.151726,75.99177,52105.54,3953444.0,82.32,0.0,0,0,0
2013-09-05,76.07485,76.38872,76.06562,76.157936,81570.625,6216617.0,82.5,0.0,0,0,0
2013-09-06,76.46256,76.64719,75.67791,76.17639,48530.73,3710026.0,82.52,0.0,0,0,0
2013-09-09,76.37948,77.27492,76.37948,77.17337,52538.848,4048973.0,83.6,0.0,0,0,0
2013-09-10,77.644165,77.99495,77.49646,77.99495,60555.082,4709949.0,84.49,0.0,0,0,0
2013-09-11,77.87495,78.28113,77.754944,78.28113,43547.664,3400284.0,84.8,0.0,0,0,0
2013-09-12,78.41036,78.41036,77.90264,77.985725,39106.234,3054883.0,84.48,0.0,0,0,0
2013-09-13,78.22573,78.364204,77.73648,78.142654,71062.85,5545810.0,84.65,0.0,0,0,0
2013-09-16,79.33349,79.33349,78.54883,78.61345,66838.08,5269426.0,85.16,0.0,0,0,0
2013-09-17,78.751915,79.08424,78.74269,79.04732,55247.035,4362239.0,85.63,0.0,0,0,0
2013-09-18,78.94577,80.035065,78.65961,79.95198,45389.23,3596486.0,86.61,0.0,0,0,0
2013-09-19,80.27508,80.33969,79.88737,79.96122,55572.02,4450018.0,86.62,0.0,0,0,0
2013-09-20,80.145836,80.145836,79.259636,79.35195,55247.035,4402585.0,85.96,0.0,0,0,0
2013-09-23,79.16733,79.16733,78.364204,78.73346,52322.19,4118594.0,85.29,0.0,0,0,0
2013-09-24,78.751915,79.204254,78.41036,78.78884,188814.88,14898536.0,85.35,0.0,0,0,0
2013-09-25,78.90885,78.9827,78.43806,78.55806,46797.49,3680933.0,85.1,0.0,0,0,0
2013-09-26,78.585754,79.18578,78.54883,79.10271,66079.79,5216097.0,85.69,0.0,0,0,0
2013-09-27,78.585754,78.94577,78.585754,78.82577,71929.48,5664995.0,85.39,0.0,0,0,0
2013-09-30,78.031876,78.79807,77.90264,78.65961,37697.977,2958807.0,85.21,0.0,0,0,0
2013-10-01,78.61345,79.61042,78.61345,79.58273,158266.5,12565739.0,86.21,0.0,0,0,0
2013-10-02,78.9827,79.46273,78.835,79.44426,117643.69,9321952.0,86.06,0.0,0,0,0
2013-10-03,79.22271,79.56427,78.16112,78.73346,89911.84,7078281.0,85.29,0.0,0,0,0
2013-10-04,78.88116,79.61042,78.77961,79.51811,52647.176,4178895.0,86.14,0.0,0,0,0
2013-10-07,78.85346,79.1304,78.62268,78.62268,57955.223,4574710.0,85.17,0.0,0,0,0
2013-10-08,78.52113,78.64114,77.08106,77.08106,112552.3,8716586.0,83.5,0.0,0,0,0
2013-10-09,77.154915,77.27492,76.13024,76.822586,83953.83,6434135.0,83.22,0.0,0,0,0
2013-10-10,77.67186,78.48421,77.67186,78.44729,178307.1,13928649.0,84.98,0.0,0,0,0
2013-10-11,78.2719,78.9827,78.2442,78.89962,81462.3,6415537.0,85.47,0.0,0,0,0
2013-10-14,78.428825,79.30579,78.28113,79.2781,68354.664,5403202.0,85.88,0.0,0,0,0
2013-10-15,79.01962,79.093475,78.29958,78.49344,93486.65,7365454.0,85.03,0.0,0,0,0
2013-10-16,78.89039,79.62889,78.89039,79.61042,112877.27,8972391.0,86.24,0.0,0,0,0
2013-10-17,79.39811,80.145836,79.14886,80.090454,126093.234,10053002.0,86.76,0.0,0,0,0
2013-10-18,80.59817,80.819725,80.256615,80.755104,92403.375,7447193.0,87.48,0.0,0,0,0
2013-10-21,80.801254,81.0782,80.49663,80.764336,128584.766,10374201.0,87.49,0.0,0,0,0
2013-10-22,81.2259,81.57669,80.699715,81.087425,89586.86,7267775.0,87.84,0.0,0,0,0
2013-10-23,80.67202,80.70895,79.95198,80.478165,61638.36,4953281.0,87.18,0.0,0,0,0
2013-10-24,80.62586,80.92127,80.33969,80.884346,88503.586,7144975.0,87.62,0.0,0,0,0
2013-10-25,80.985886,81.041275,80.51509,80.95819,112443.97,9087337.0,87.7,0.0,0,0,0
2013-10-28,81.05973,81.05973,80.39508,80.69049,70521.22,5692083.0,87.41,0.0,0,0,0
2013-10-29,80.9305,81.207436,80.70895,81.207436,153283.44,12424237.0,87.97,0.0,0,0,0
2013-10-30,81.26282,81.26282,80.05353,80.37662,64346.547,5184129.0,87.07,0.0,0,0,0
2013-10-31,80.33046,80.82895,80.136604,80.33969,46797.49,3768746.0,87.03,0.0,0,0,0
2013-11-01,80.55202,80.74587,79.8966,80.38586,159783.1,12809976.0,87.08,0.0,0,0,0
2013-11-04,80.70895,80.94896,80.367386,80.9305,123276.72,9961596.0,87.67,0.0,0,0,0
2013-11-05,80.57971,80.74587,80.09968,80.52432,95111.56,7656370.0,87.23,0.0,0,0,0
2013-11-06,80.819725,80.9028,80.06276,80.29354,70196.234,5639453.0,86.98,0.0,0,0,0
2013-11-07,80.4874,80.542786,78.79807,78.85346,138009.27,10965190.0,85.42,0.0,0,0,0
2013-11-08,78.96424,79.8412,78.93655,79.813515,105511.01,8381766.0,86.46,0.0,0,0,0
2013-11-11,79.85044,80.08122,79.79505,80.0443,67704.7,5415625.0,86.71,0.0,0,0,0
2013-11-12,79.93352,80.06276,79.61966,79.95198,76370.9,6099258.0,86.61,0.0,0,0,0
2013-11-13,79.50888,80.755104,79.50888,80.755104,128801.42,10360862.0,87.48,0.0,0,0,0
2013-11-14,80.77357,81.022804,80.4874,80.95819,61096.723,4938615.0,87.7,0.0,0,0,0
2013-11-15,81.05051,81.43822,80.985886,81.43822,134759.44,10950135.0,88.22,0.0,0,0,0
2013-11-18,81.669,81.669,80.45971,80.61664,104427.73,8466156.0,87.33,0.0,0,0,0
2013-11-19,80.61664,80.73664,79.95198,80.11815,50697.28,4072765.0,86.79,0.0,0,0,0
2013-11-20,80.40431,80.68125,79.80428,80.035065,61855.016,4961870.0,86.7,0.0,0,0,0
2013-11-21,80.29354,81.087425,80.29354,81.05051,68896.305,5574400.0,87.8,0.0,0,0,0
2013-11-22,81.05051,81.2259,80.87511,81.198204,94028.29,7624746.0,87.96,0.0,0,0,0
2013-11-25,81.419754,81.419754,80.82895,81.00435,81895.6,6635555.0,87.75,0.0,0,0,0
2013-11-26,81.087425,81.47514,80.985886,81.24436,41056.13,3338497.0,88.01,0.0,0,0,0
2013-11-27,81.23513,81.43822,81.12435,81.43822,63913.24,5195911.0,88.22,0.0,0,0,0
2013-11-29,81.669,81.669,81.13358,81.24436,108110.87,8804994.0,88.01,0.0,0,0,0
2013-12-02,81.29051,81.51207,80.96742,81.09666,160541.39,13057190.0,87.85,0.0,0,0,0
2013-12-03,80.89357,81.16128,80.58894,80.884346,88395.26,7144847.0,87.62,0.0,0,0,0
2013-12-04,80.59817,81.041275,80.0166,80.67202,47772.438,3844651.0,87.39,0.0,0,0,0
2013-12-05,80.542786,80.884346,80.38586,80.73664,40189.51,3243782.0,87.46,0.0,0,0,0
2013-12-06,81.29974,81.4936,81.032036,81.28129,55788.67,4533436.0,88.05,0.0,0,0,0
2013-12-09,81.31821,81.65977,81.26282,81.39206,203872.39,16590714.0,88.17,0.0,0,0,0
2013-12-10,81.29974,81.76131,81.2259,81.27206,69871.25,5687751.0,88.04,0.0,0,0,0
2013-12-11,81.39206,81.39206,80.08122,80.22893,70196.234,5656644.0,86.91,0.0,0,0,0
2013-12-12,80.07198,80.33046,79.8966,80.035065,1172103.8,93928530.0,86.7,0.0,0,0,0
2013-12-13,80.312004,80.542786,80.10891,80.28431,91428.43,7341525.0,86.97,0.0,0,0,0
2013-12-16,80.77357,81.00435,80.63509,80.801254,84387.14,6817317.0,87.53,0.0,0,0,0
2013-12-17,80.74587,81.01358,80.478165,80.83818,79837.38,6452855.0,87.57,0.0,0,0,0
2013-12-18,80.976654,81.9644,80.312004,81.927475,117860.34,9562149.0,88.75,0.0,0,0,0
2013-12-19,81.862854,81.862854,81.45668,81.650536,65646.48,5359185.0,88.45,0.0,0,0,0
2013-12-20,81.68746,82.49058,81.68746,82.425964,67921.35,5588639.0,89.29,0.0,0,0,0
2013-12-23,82.79521,82.95214,82.69367,82.95214,101827.87,8433069.0,89.86,0.0,0,0,0
2013-12-24,83.018074,83.194534,82.97164,83.17596,55345.125,4600413.0,89.56,0.0,0,0,0
2013-12-26,83.55673,83.55673,83.28741,83.408134,57606.31,4804909.0,89.81,0.0,0,0,0
2013-12-27,83.62174,83.62174,83.15739,83.25026,64282.18,5354815.0,89.64,0.0,0,0,0
2013-12-30,83.30598,83.538155,83.18525,83.42671,114243.54,9530825.0,89.83,0.0,0,0,0
2013-12-31,83.6589,83.88178,83.55673,83.81677,147407.55,12342753.0,90.25,0.0,0,0,0
2014-01-02,83.57531,83.57531,82.739456,83.018074,311289.4,25842562.0,89.39,0.0,0,0,0
2014-01-03,83.20382,83.324554,82.869484,83.02737,112413.055,9343612.0,89.4,0.0,0,0,0
2014-01-06,83.29669,83.35242,82.479416,82.572296,134378.83,11120191.0,88.91,0.0,0,0,0
2014-01-07,82.98093,83.5103,82.90663,83.38028,84417.47,7038344.0,89.78,0.0,0,0,0
2014-01-08,83.538155,83.7982,83.3617,83.68675,105198.81,8797249.0,90.11,0.0,0,0,0
2014-01-09,83.81677,83.98395,83.25026,83.631035,108859.77,9091559.0,90.05,0.0,0,0,0
2014-01-10,83.68675,84.06753,83.538155,84.04896,119088.93,9988960.0,90.5,0.0,0,0,0
2014-01-13,83.80749,83.99323,82.572296,82.73018,123718.97,10319513.0,89.08,0.0,0,0,0
2014-01-14,83.05523,83.98395,82.8602,83.91894,104337.41,8723664.0,90.36,0.0,0,0,0
2014-01-15,83.96537,84.20683,83.93751,84.13254,167865.86,14114920.0,90.59,0.0,0,0,0
2014-01-16,84.00252,84.086105,83.779625,84.086105,66543.36,5589371.0,90.54,0.0,0,0,0
2014-01-17,84.13254,84.309,83.714615,83.80749,94538.95,7940307.0,90.24,0.0,0,0,0
2014-01-21,84.56903,84.57832,83.631035,84.11397,140731.67,11820913.0,90.57,0.0,0,0,0
2014-01-22,84.216125,84.522606,84.17898,84.46687,111659.33,9425054.0,90.95,0.0,0,0,0
2014-01-23,84.03038,84.11397,83.39886,83.81677,203721.75,17043836.0,90.25,0.0,0,0,0
2014-01-24,83.12024,83.12024,81.67144,81.680725,133517.42,10976715.0,87.95,0.0,0,0,0
2014-01-27,81.810745,81.95005,80.510544,81.16993,179817.83,14609928.0,87.4,0.0,0,0,0
2014-01-28,81.38353,82.135796,81.19779,82.09865,90231.94,7393481.0,88.4,0.0,0,0,0
2014-01-29,81.485695,82.005775,81.16993,81.31852,171311.47,13997920.0,87.56,0.0,0,0,0
2014-01-30,81.940765,82.51657,81.86647,82.3494,99815.04,8210856.0,88.67,0.0,0,0,0
2014-01-31,81.56928,82.525856,81.23494,82.04292,167219.81,13732790.0,88.34,0.0,0,0,0
2014-02-03,81.95005,82.08936,79.83257,80.00903,201460.56,16190829.0,86.15,0.0,0,0,0
2014-02-04,80.41766,81.16993,80.166916,81.08634,337562.2,27326854.0,87.31,0.0,0,0,0
2014-02-05,80.724144,80.947044,79.906876,80.74272,142885.17,11517285.0,86.94,0.0,0,0,0
2014-02-06,81.114204,82.08007,81.10492,82.02435,101645.52,8325607.0,88.32,0.0,0,0,0
2014-02-07,82.35869,83.194534,82.2751,83.194534,143208.2,11856896.0,89.58,0.0,0,0,0
2014-02-10,83.23169,83.37099,82.8602,83.3617,120488.71,10020040.0,89.76,0.0,0,0,0
2014-02-11,83.52888,84.33685,83.48244,84.151115,133409.75,11201006.0,90.61,0.0,0,0,0
2014-02-12,84.476166,84.74549,84.346146,84.476166,98953.64,8361797.0,90.96,0.0,0,0,0
2014-02-13,83.91894,85.209854,83.91894,85.098404,98307.586,8342647.0,91.63,0.0,0,0,0
2014-02-14,84.94052,85.43274,84.93124,85.36773,111013.28,9461466.0,91.92,0.0,0,0,0
2014-02-18,85.75779,86.185005,85.534904,86.07356,185739.97,15981107.0,92.68,0.0,0,0,0
2014-02-19,85.93425,86.53792,85.72065,85.74851,94431.27,8139340.0,92.33,0.0,0,0,0
2014-02-20,86.00855,86.63079,85.57205,86.575066,101753.195,8786033.0,93.22,0.0,0,0,0
2014-02-21,86.723656,86.76081,86.36146,86.52863,95938.73,8310953.0,93.17,0.0,0,0,0
2014-02-24,86.74224,87.62452,86.74224,87.15087,233440.14,20381388.0,93.84,0.0,0,0,0
2014-02-25,87.2066,87.4202,86.770096,87.095146,145469.39,12669975.0,93.78,0.0,0,0,0
2014-02-26,87.21589,87.80097,87.07658,87.308754,100891.8,8820805.0,94.01,0.0,0,0,0
2014-02-27,87.327324,87.66167,87.06728,87.652374,106813.94,9342090.0,94.38,0.0,0,0,0
2014-02-28,87.810265,87.97743,86.86297,87.46664,140085.62,12284913.0,94.18,0.0,0,0,0
2014-03-03,86.77939,87.16016,86.19429,86.918686,387415.88,33657170.0,93.59,0.0,0,0,0
2014-03-04,87.83813,88.51608,87.83813,88.42322,192308.16,16974858.0,95.21,0.0,0,0,0
2014-03-05,88.36749,88.460365,88.153885,88.218895,169804.02,14981752.0,94.99,0.0,0,0,0
2014-03-06,88.525375,88.590385,88.19103,88.31177,88616.805,7836103.0,95.09,0.0,0,0,0
2014-03-07,88.74826,88.74826,87.90314,88.17246,76341.82,6725042.0,94.94,0.0,0,0,0
2014-03-10,88.153885,88.20144,87.42029,87.90314,87007.06,7635862.0,94.65,0.0,0,0,0
2014-03-11,88.070305,88.35821,87.262314,87.503784,130287.164,11437198.0,94.22,0.0,0,0,0
2014-03-12,87.030136,87.61523,86.74224,87.61523,76234.14,6662180.0,94.34,0.0,0,0,0
2014-03-13,87.847404,87.86598,85.99926,86.28717,124472.695,10782578.0,92.91,0.0,0,0,0
2014-03-14,86.14786,86.76081,86.14786,86.39861,104552.76,9044292.0,93.03,0.0,0,0,0
2014-03-17,86.881546,87.30783,86.723656,86.97442,102925.78,8958047.0,93.65,0.0,0,0,0
2014-03-18,87.10444,87.875275,87.10444,87.79169,95408.97,8365366.0,94.53,0.0,0,0,0
2014-03-19,87.8567,87.95849,86.68661,87.1973,101435.555,8885303.0,93.89,0.0,0,0,0
2014-03-20,87.00228,87.53165,86.73295,87.457344,47702.332,4165894.0,94.17,0.0,0,0,0
2014-03-21,87.958855,87.958855,86.835106,86.93727,79481.63,6937892.0,93.61,0.0,0,0,0
2014-03-24,87.22517,87.31804,85.534904,85.95283,97318.055,8370627.0,92.55,0.0,0,0,0
2014-03-25,86.38102,86.70611,85.51535,85.879456,71572.98,6157258.0,92.46,0.0,0,0,0
2014-03-26,86.36245,86.52777,84.867035,84.87632,96756.32,8267716.0,91.38,0.0,0,0,0
2014-03-27,84.792725,85.10323,84.29116,84.78343,190703.73,16146518.0,91.28,0.0,0,0,0
2014-03-28,85.034225,85.679756,84.95062,85.08995,76860.29,6557885.0,91.61,0.0,0,0,0
2014-03-31,85.65653,86.09309,85.38718,86.018776,83595.66,7179522.0,92.61,0.0,0,0,0
2014-04-01,86.343864,87.05907,86.343864,87.05907,300078.1,25996698.0,93.73,0.0,0,0,0
2014-04-02,87.30985,87.41778,87.0468,87.2727,175078.67,15265244.0,93.96,0.0,0,0,0
2014-04-03,87.263405,87.43923,86.325294,86.64109,68167.61,5912708.0,93.28,0.0,0,0,0
2014-04-04,87.10551,87.20768,84.91347,85.11781,105359.64,9027638.0,91.64,0.0,0,0,0
2014-04-07,84.70913,84.95062,83.15799,83.67813,135930.42,11395248.0,90.09,0.0,0,0,0
2014-04-08,83.706,84.44906,83.30818,84.35618,82712.82,6959936.0,90.82,0.0,0,0,0
2014-04-09,84.59767,85.596344,84.45834,85.56365,99610.46,8479725.0,92.12,0.0,0,0,0
2014-04-10,85.498634,85.498634,82.94436,83.17657,214436.86,18037766.0,89.55,0.0,0,0,0
2014-04-11,82.66571,83.17657,81.84834,81.99695,144042.78,11884614.0,88.28,0.0,0,0,0
2014-04-14,82.57283,83.05117,81.807465,82.56354,1137807.9,93899800.0,88.89,0.0,0,0,0
2014-04-15,82.7493,83.2713,81.51396,83.03724,131781.1,10860179.0,89.4,0.0,0,0,0
2014-04-16,83.594536,83.993935,83.23137,83.97536,59735.484,4997843.0,90.41,0.0,0,0,0
2014-04-17,84.12397,84.6325,83.89733,84.300446,68855.58,5811584.0,90.76,0.0,0,0,0
2014-04-21,84.44906,84.625534,84.01808,84.56052,394787.75,33372348.0,91.04,0.0,0,0,0
2014-04-22,84.66269,85.34073,84.66269,85.07137,67025.31,5706094.0,91.59,0.0,0,0,0
2014-04-23,85.127106,85.21775,84.699844,84.699844,72751.88,6174392.0,91.19,0.0,0,0,0
2014-04-24,85.17354,85.17354,84.11468,84.634735,90081.25,7626864.0,91.1199,0.0,0,0,0
2014-04-25,84.24471,84.24471,83.120834,83.25876,108780.08,9081780.0,89.6385,0.0,0,0,0
2014-04-28,83.58524,83.91024,81.99695,83.05953,227005.39,18751264.0,89.424,0.0,0,0,0
2014-04-29,83.334465,83.80817,83.13012,83.67813,59631.05,4986292.0,90.09,0.0,0,0,0
2014-04-30,83.49236,84.18899,83.32239,84.15183,88521.22,7427788.0,90.6,0.0,0,0,0
2014-05-01,84.12397,84.926476,84.03109,84.45834,79291.305,6696761.0,90.93,0.0,0,0,0
2014-05-02,84.76858,85.13629,84.52336,84.66269,199177.84,16865632.0,91.15,0.0,0,0,0
2014-05-05,84.15183,84.84836,83.7803,84.82988,63664.09,5381109.0,91.33,0.0,0,0,0
2014-05-06,84.76486,84.792725,84.059044,84.09611,70445.75,5937660.0,90.54,0.0,0,0,0
2014-05-07,84.21685,84.27258,83.13012,83.993935,67918.914,5684917.0,90.43,0.0,0,0,0
2014-05-08,84.03109,84.95062,83.594536,83.873184,60990.83,5145780.0,90.3,0.0,0,0,0
2014-05-09,83.6224,84.21685,83.44193,84.21685,65810.88,5521474.0,90.67,0.0,0,0,0
2014-05-12,84.52336,85.48935,84.52336,85.452194,79902.83,6808880.0,92.0,0.0,0,0,0
2014-05-13,85.55437,85.77728,85.13639,85.17354,55827.332,4767918.0,91.7,0.0,0,0,0
2014-05-14,84.98778,85.227974,84.56981,84.718414,36093.867,3066136.0,91.21,0.0,0,0,0
2014-05-15,84.393326,84.393326,83.22301,84.0218,104127.98,8711000.0,90.46,0.0,0,0,0
2014-05-16,84.07752,84.56981,83.79888,84.56061,61516.223,5182742.0,91.0401,0.0,0,0,0
2014-05-19,84.56981,85.13081,84.30973,85.08995,111601.914,9489256.0,91.61,0.0,0,0,0
2014-05-20,84.82059,84.85774,83.96607,84.18899,248770.45,20955748.0,90.64,0.0,0,0,0
2014-05-21,84.54194,84.84753,84.300446,84.718414,55732.59,4716074.0,91.21,0.0,0,0,0
2014-05-22,84.792725,85.50792,84.748604,85.20141,53045.332,4524114.0,91.73,0.0,0,0,0
2014-05-23,85.34073,85.786476,85.17354,85.712265,60644.156,5190208.0,92.28,0.0,0,0,0
2014-05-27,86.02807,86.3996,86.02807,86.39031,70021.56,6040729.0,93.01,0.0,0,0,0
2014-05-28,86.511055,86.511055,85.95376,86.16739,59722.562,5151490.0,92.77,0.0,0,0,0
2014-05-29,86.39031,86.59466,86.018776,86.557594,56172.93,4852943.0,93.1901,0.0,0,0,0
2014-05-30,86.53892,86.659676,86.19526,86.603935,46885.96,4053062.0,93.24,0.0,0,0,0
2014-06-02,86.72469,86.845436,86.2064,86.81757,57219.41,4959476.0,93.47,0.0,0,0,0
2014-06-03,86.6318,86.99405,86.57607,86.99405,43431.066,3772516.0,93.66,0.0,0,0,0
2014-06-04,86.89188,87.36558,86.59316,87.347,53119.62,4633791.0,94.04,0.0,0,0,0
2014-06-05,87.551346,88.043625,87.077644,87.96003,68189.15,5973738.0,94.7,0.0,0,0,0
2014-06-06,88.25725,88.535904,88.12721,88.535904,53857.11,4759553.0,95.32,0.0,0,0,0
2014-06-09,88.50804,89.07462,88.45231,88.64736,75167.83,6668408.0,95.44,0.0,0,0,0
2014-06-10,88.63808,88.63808,88.0726,88.303696,50353.77,4444062.0,95.07,0.0,0,0,0
2014-06-11,88.07149,88.31299,87.92288,88.2201,39000.754,3438118.0,94.98,0.0,0,0,0
2014-06-12,88.15508,88.15508,87.36558,87.61636,118884.2,10418399.0,94.33,0.0,0,0,0
2014-06-13,87.86714,87.88573,87.30056,87.852005,37732.49,3309152.0,94.5837,0.0,0,0,0
2014-06-16,87.7464,88.12721,87.54205,87.96003,47604.066,4182882.0,94.7,0.0,0,0,0
2014-06-17,87.96003,88.47089,87.74649,88.31299,75906.4,6700996.0,95.08,0.0,0,0,0
2014-06-18,88.31299,88.86099,88.028854,88.82384,104842.86,9271752.0,95.63,0.0,0,0,0
2014-06-19,89.01889,89.03004,88.42454,88.76811,50704.75,4494635.0,95.57,0.0,0,0,0
2014-06-20,89.13964,89.223236,88.888855,89.22314,45562.785,4056262.0,96.0599,0.0,0,0,0
2014-06-23,89.334694,89.35327,89.09682,89.18608,78434.31,6994236.0,96.02,0.0,0,0,0
2014-06-24,89.46473,89.79902,88.63808,88.721664,83990.77,7498235.0,95.52,0.0,0,0,0
2014-06-25,88.703094,89.0932,88.61021,89.06533,51021.277,4536327.0,95.89,0.0,0,0,0
2014-06-26,88.963165,88.963165,88.31299,88.888855,51349.65,4554453.0,95.7,0.0,0,0,0
2014-06-27,88.85171,89.24181,88.80526,89.24181,52594.227,4683409.0,96.08,0.0,0,0,0
2014-06-30,89.176796,89.51118,89.056046,89.51118,39985.867,3572359.0,96.37,0.0,0,0,0
2014-07-01,89.74338,90.41213,89.7248,90.18922,68117.01,6140516.0,97.1,0.0,0,0,0
2014-07-02,90.133484,90.2821,89.98487,90.09634,56879.195,5123085.0,97.0,0.0,0,0,0
2014-07-03,90.421425,90.67221,90.23195,90.64992,61112.49,5531401.0,97.596,0.0,0,0,0
2014-07-07,90.44,90.44,89.78982,89.854836,103578.9,9320755.0,96.74,0.0,0,0,0
2014-07-08,89.71551,89.71551,88.66594,89.12106,145302.44,12936444.0,95.95,0.0,0,0,0
2014-07-09,89.24181,89.75257,89.12338,89.7248,53720.38,4808978.0,96.6,0.0,0,0,0
2014-07-10,88.378006,89.362465,88.378006,89.01889,59035.676,5255839.0,95.84,0.0,0,0,0
2014-07-11,88.98174,89.01889,88.66594,88.95387,45907.305,4078205.0,95.77,0.0,0,0,0
2014-07-14,89.46473,89.5577,89.2511,89.39971,49438.637,4420135.0,96.25,0.0,0,0,0
2014-07-15,89.34399,89.55752,88.55105,88.90743,65041.094,5784219.0,95.72,0.0,0,0,0
2014-07-16,89.334694,89.334694,88.73105,89.009605,55385.918,4925532.0,95.83,0.0,0,0,0
2014-07-17,88.6938,89.04676,87.79284,87.91359,92810.49,8201302.0,94.65,0.0,0,0,0
2014-07-18,88.25725,89.1675,88.043625,89.1675,100389.94,8922185.0,96.0,0.0,0,0,0
2014-07-21,88.703094,88.963165,88.51733,88.79607,45106.297,4005836.0,95.6001,0.0,0,0,0
2014-07-22,89.3254,89.66898,89.29754,89.520454,52135.586,4667705.0,96.38,0.0,0,0,0
2014-07-23,89.58547,89.58547,89.205315,89.48331,43862.797,3921370.0,96.34,0.0,0,0,0
2014-07-24,89.60406,89.89199,89.58547,89.74338,56015.742,5027084.0,96.62,0.0,0,0,0
2014-07-25,89.28825,89.548325,89.056046,89.223236,80575.72,7196104.0,96.06,0.0,0,0,0
2014-07-28,89.35327,89.35327,88.56377,89.02818,66637.73,5931379.0,95.85,0.0,0,0,0
2014-07-29,89.24181,89.45582,88.81455,88.86099,56462.543,5028509.0,95.67,0.0,0,0,0
2014-07-30,89.30683,89.33414,88.703094,89.056046,38122.227,3391899.0,95.88,0.0,0,0,0
2014-07-31,88.40587,88.535904,87.17982,87.26331,140661.11,12313736.0,93.9499,0.0,0,0,0
2014-08-01,87.10551,87.5885,86.39031,87.02191,83653.79,7269534.0,93.69,0.0,0,0,0
2014-08-04,87.244835,87.94052,86.79899,87.783554,117019.49,10224986.0,94.51,0.0,0,0,0
2014-08-05,87.337715,87.88573,86.85473,87.170525,88622.42,7737478.0,93.85,0.0,0,0,0
2014-08-06,86.70611,87.62193,86.70611,87.19839,76396.26,6666598.0,93.88,0.0,0,0,0
2014-08-07,87.57921,87.644226,86.46275,86.7154,48647.316,4229375.0,93.36,0.0,0,0,0
2014-08-08,86.80828,87.829994,86.79955,87.829994,52744.953,4609955.0,94.56,0.0,0,0,0
2014-08-11,88.20152,88.66594,88.07279,88.26654,81680.336,7216408.0,95.03,0.0,0,0,0
2014-08-12,88.19223,88.45231,87.68129,87.969315,41509.293,3652408.0,94.71,0.0,0,0,0
2014-08-13,88.2201,88.63529,88.01576,88.6195,71916.42,6364794.0,95.41,0.0,0,0,0
2014-08-14,88.78668,89.009605,88.70495,89.00031,62035.156,5515847.0,95.82,0.0,0,0,0
2014-08-15,89.64121,89.669075,88.42444,89.0932,79853.305,7117947.0,95.92,0.0,0,0,0
2014-08-18,89.7248,90.05918,89.53904,90.05918,72513.95,6517076.0,96.96,0.0,0,0,0
2014-08-19,90.22637,90.61648,90.22637,90.57004,52241.094,4726504.0,97.51,0.0,0,0,0
2014-08-20,90.36569,91.02516,90.36569,90.960144,75221.664,6829059.0,97.93,0.0,0,0,0
2014-08-21,91.02516,91.080795,90.77438,90.9973,80032.02,7278215.0,97.97,0.0,0,0,0
2014-08-22,90.98801,91.35936,90.74651,91.127335,48785.125,4445482.0,98.11,0.0,0,0,0
2014-08-25,91.64748,91.6772,91.37811,91.5453,60453.594,5533777.0,98.56,0.0,0,0,0
2014-08-26,91.68463,92.019005,91.67534,91.82395,50843.633,4670935.0,98.86,0.0,0,0,0
2014-08-27,91.96328,92.05616,91.61032,91.73107,56493.766,5185314.0,98.76,0.0,0,0,0
2014-08-28,91.49886,91.75884,91.18315,91.68463,48630.094,4453975.0,98.71,0.0,0,0,0
2014-08-29,91.96328,92.24192,91.74965,92.14904,58078.555,5347212.0,99.21,0.0,0,0,0
2014-09-02,92.48342,92.585594,92.046875,92.39983,87872.01,8114772.0,99.48,0.0,0,0,0
2014-09-03,92.80851,92.80851,92.279076,92.38125,130096.18,12025215.0,99.46,0.0,0,0,0
2014-09-04,92.632034,92.92926,92.10261,92.279076,95513.9,8836167.0,99.35,0.0,0,0,0
2014-09-05,92.46485,92.771355,91.966995,92.76207,51960.094,4804776.0,99.87,0.0,0,0,0
2014-09-08,92.69705,92.90139,92.25121,92.604164,65850.72,6095176.0,99.7,0.0,0,0,0
2014-09-09,92.5763,92.5763,91.69392,91.81467,66567.75,6129826.0,98.85,0.0,0,0,0
2014-09-10,91.91684,92.079475,91.387405,92.019005,57280.777,5257018.0,99.07,0.0,0,0,0
2014-09-11,91.65677,92.186195,91.65212,92.186195,37011.152,3405052.0,99.25,0.0,0,0,0
2014-09-12,92.14904,92.14904,91.18306,91.41527,48248.965,4416487.0,98.42,0.0,0,0,0
2014-09-15,91.461716,91.467285,90.57932,90.820816,71368.42,6483608.0,97.78,0.0,0,0,0
2014-09-16,90.542175,91.6289,90.542175,91.50815,48183.293,4396839.0,98.52,0.0,0,0,0
2014-09-17,91.59175,92.0283,91.21436,91.59175,62722.043,5750886.0,98.61,0.0,0,0,0
2014-09-18,91.9447,92.03758,91.72179,92.000435,77506.266,7126628.0,99.05,0.0,0,0,0
2014-09-19,92.4277,92.4277,91.39883,91.65677,55454.82,5091715.0,98.68,0.0,0,0,0
2014-09-22,91.433846,91.52673,90.30997,90.44929,95461.14,8645041.0,97.38,0.0,0,0,0
2014-09-23,90.133484,90.57923,89.836266,89.84555,89513.87,8074748.0,96.73,0.0,0,0,0
2014-09-24,89.84555,90.77809,89.72155,90.709366,54475.09,4923909.0,97.66,0.0,0,0,0
2014-09-25,90.44929,90.48644,89.316124,89.35327,96619.59,8659105.0,96.2,0.0,0,0,0
2014-09-26,89.594765,90.31925,89.46083,90.179924,69955.89,6287636.0,97.09,0.0,0,0,0
2014-09-29,89.23252,90.18021,89.18608,90.04989,58716.996,5272478.0,96.95,0.0,0,0,0
2014-09-30,90.11491,90.23566,89.29438,89.427574,62748.957,5625965.0,96.28,0.0,0,0,0
2014-10-01,89.316124,89.316124,87.65268,87.91359,129472.81,11430451.0,94.65,0.0,0,0,0
2014-10-02,87.82071,88.23868,86.81757,88.043625,134677.22,11820681.0,94.79,0.0,0,0,0
2014-10-03,88.66594,89.195366,88.33156,89.02818,141160.66,12559633.0,95.85,0.0,0,0,0
2014-10-06,89.34399,89.548325,88.443115,88.74024,119294.4,10606790.0,95.54,0.0,0,0,0
2014-10-07,88.24797,88.378006,87.13337,87.13337,100522.36,8827644.0,93.81,0.0,0,0,0
2014-10-08,87.19839,88.59163,86.4739,88.54519,111974.42,9779268.0,95.33,0.0,0,0,0
2014-10-09,88.229385,88.38822,86.57607,86.585365,112742.055,9836613.0,93.22,0.0,0,0,0
2014-10-10,86.343864,86.495636,84.739784,84.75557,140357.5,12015362.0,91.25,0.0,0,0,0
2014-10-13,84.75557,85.02484,83.000084,83.027954,423713.47,35664220.0,89.39,0.0,0,0,0
2014-10-14,83.687416,84.69055,83.27874,83.69671,147369.56,12360917.0,90.11,0.0,0,0,0
2014-10-15,82.66571,84.27258,81.662575,83.92892,257442.66,21299640.0,90.36,0.0,0,0,0
2014-10-16,82.52638,85.06209,82.47066,84.70913,155815.69,13150173.0,91.2,0.0,0,0,0
2014-10-17,85.81444,86.222,85.21069,85.665825,136575.31,11717629.0,92.23,0.0,0,0,0
2014-10-20,85.48006,86.62252,85.48006,86.62252,164209.06,14148459.0,93.26,0.0,0,0,0
2014-10-21,87.30056,88.842415,87.23852,88.82384,238815.97,21070204.0,95.63,0.0,0,0,0
2014-10-22,88.95387,88.99103,87.477036,87.52348,377658.66,33341064.0,94.23,0.0,0,0,0
2014-10-23,88.50804,89.520454,88.45231,89.009605,115127.86,10251875.0,95.83,0.0,0,0,0
2014-10-24,89.07462,89.836266,88.833595,89.836266,118413.72,10602459.0,96.72,0.0,0,0,0
2014-10-27,89.39971,89.71551,88.86099,89.67836,72689.44,6504641.0,96.55,0.0,0,0,0
2014-10-28,90.06847,91.1552,89.88735,91.1552,490121.88,44479944.0,98.14,0.0,0,0,0
2014-10-29,91.127335,91.23879,89.89515,90.66292,202053.52,18272208.0,97.61,0.0,0,0,0
2014-10-30,90.207794,91.40505,90.18838,91.21092,112512.734,10228761.0,98.2,0.0,0,0,0
2014-10-31,92.62275,92.62275,92.09359,92.46485,162271.12,14980922.0,99.55,0.0,0,0,0
2014-11-03,92.48342,92.938545,92.26979,92.446266,532734.7,49357080.0,99.53,0.0,0,0,0
2014-11-04,92.093315,92.1769,91.53592,92.019005,101451.484,9326140.0,99.07,0.0,0,0,0
2014-11-05,92.59489,92.71554,92.000435,92.38125,108560.445,10013713.0,99.46,0.0,0,0,0
2014-11-06,92.53915,93.399994,92.49364,93.384384,238526.36,22220196.0,100.54,0.0,0,0,0
2014-11-07,93.24506,93.41225,92.87353,93.30079,211112.25,19685724.0,100.45,0.0,0,0,0
2014-11-10,93.46798,93.65375,93.24506,93.505135,128723.484,12025228.0,100.67,0.0,0,0,0
2014-11-11,93.458694,93.62031,93.291504,93.51442,119782.11,11194272.0,100.68,0.0,0,0,0
2014-11-12,93.23577,93.86645,93.14289,93.75592,80872.87,7570881.0,100.94,0.0,0,0,0
2014-11-13,93.85809,93.98813,93.2497,93.598015,122897.87,11502339.0,100.77,0.0,0,0,0
2014-11-14,93.63517,93.94466,93.49585,93.85809,51124.633,4794716.0,101.05,0.0,0,0,0
2014-11-17,93.70019,93.82094,93.42145,93.551575,78509.68,7349017.0,100.72,0.0,0,0,0
2014-11-18,93.6909,94.36894,93.644455,94.22033,639773.9,60288496.0,101.44,0.0,0,0,0
2014-11-19,94.10887,94.29947,93.63517,94.090294,145101.11,13643998.0,101.3,0.0,0,0,0
2014-11-20,93.72806,94.638306,93.72806,94.57329,88973.4,8404459.0,101.82,0.0,0,0,0
2014-11-21,95.72503,95.8272,94.83707,95.06556,147245.75,14006277.0,102.35,0.0,0,0,0
2014-11-24,95.362785,95.55784,95.127235,95.55784,586914.8,55930236.0,102.88,0.0,0,0,0
2014-11-25,95.66001,95.9851,95.20489,95.362785,105129.24,10036869.0,102.67,0.0,0,0,0
2014-11-26,95.39994,95.60429,95.2792,95.59499,82404.91,7868739.0,102.92,0.0,0,0,0
2014-11-28,95.418526,95.78076,95.15845,95.344215,82510.414,7866891.0,102.65,0.0,0,0,0
2014-12-01,95.13058,95.13058,93.96769,94.05315,200282.47,18859328.0,101.26,0.0,0,0,0
2014-12-02,94.12744,94.50827,94.04385,94.424675,99909.76,9425126.0,101.66,0.0,0,0,0
2014-12-03,94.4804,95.29777,94.4804,95.21418,119887.62,11395246.0,102.51,0.0,0,0,0
2014-12-04,95.084145,95.39065,94.81469,95.177025,108650.88,10334370.0,102.47,0.0,0,0,0
2014-12-05,95.344215,95.44639,94.97268,95.21418,170572.98,16239169.0,102.51,0.0,0,0,0
2014-12-08,94.99126,95.30706,93.90824,94.2482,129682.76,12268969.0,101.47,0.0,0,0,0
2014-12-09,93.41225,94.57329,93.15887,94.517555,137922.17,12966210.0,101.76,0.0,0,0,0
2014-12-10,94.28535,94.28535,92.799225,92.919975,151305.7,14154732.0,100.04,0.0,0,0,0
2014-12-11,93.36581,94.41538,93.22649,93.40296,304250.03,28633052.0,100.56,0.0,0,0,0
2014-12-12,92.74349,93.1336,92.11189,92.11189,182436.33,16908886.0,99.17,0.0,0,0,0
2014-12-15,92.71563,92.86424,91.145905,91.601036,153817.47,14124957.0,98.62,0.0,0,0,0
2014-12-16,91.23879,92.65061,90.84868,90.86726,104271.17,9532045.0,97.83,0.0,0,0,0
2014-12-17,91.10875,93.12431,91.02052,93.012856,152285.44,13990367.0,100.14,0.0,0,0,0
2014-12-18,94.34108,94.87051,93.80235,94.87051,175501.78,16537450.0,102.14,0.0,0,0,0
2014-12-19,95.269905,95.59499,94.83336,95.3705,118313.59,11257846.0,102.6783,0.0,0,0,0
2014-12-22,95.44136,95.862595,95.29159,95.862595,201533.72,19263666.0,102.41,0.0,0,0,0
2014-12-23,96.031075,96.21829,95.87195,96.02172,143574.17,13788295.0,102.58,0.0,0,0,0
2014-12-24,96.115326,96.25574,95.984276,96.01236,64206.965,6175408.0,102.57,0.0,0,0,0
2014-12-26,96.237015,96.47103,96.20893,96.246376,141269.84,13608904.0,102.82,0.0,0,0,0
2014-12-29,96.16213,96.47103,96.13405,96.368065,215113.95,20722624.0,102.95,0.0,0,0,0
2014-12-30,96.22766,96.34934,95.7409,95.787704,130273.836,12502484.0,102.33,0.0,0,0,0
2014-12-31,96.02172,96.368065,95.04821,95.11374,146259.88,13997207.0,101.61,0.0,0,0,0
2015-01-02,95.54433,95.77834,94.49603,95.085655,290313.72,27567576.0,101.58,0.0,0,0,0
2015-01-05,94.69251,94.69251,93.19479,93.51306,257968.8,24181938.0,99.9,0.0,0,0,0
2015-01-06,93.51306,93.672104,91.68783,92.39914,276308.3,25528452.0,98.71,0.0,0,0,0
2015-01-07,93.16672,93.672195,92.86717,93.58795,158168.22,14768290.0,99.98,0.0,0,0,0
2015-01-08,94.39296,95.46008,94.39296,95.46008,207796.1,19771344.0,101.98,0.0,0,0,0
2015-01-09,95.56304,95.56304,94.41169,94.84228,211700.73,20097896.0,101.32,0.0,0,0,0
2015-01-12,94.84228,94.84228,93.728355,93.93429,136524.47,12836418.0,100.35,0.0,0,0,0
2015-01-13,94.61762,95.36647,92.99822,93.84068,164474.39,15487290.0,100.25,0.0,0,0,0
2015-01-14,92.81101,93.55051,92.38978,93.456894,164976.5,15352482.0,99.84,0.0,0,0,0
2015-01-15,93.87813,94.07002,92.25873,92.32426,187360.58,17372816.0,98.63,0.0,0,0,0
2015-01-16,92.04344,93.672195,92.04344,93.60667,104267.14,9687602.0,100.0,0.0,0,0,0
2015-01-20,93.859406,93.98858,92.80165,93.69091,142478.1,13314027.0,100.09,0.0,0,0,0
2015-01-21,93.52242,94.56136,93.29777,94.308716,108640.766,10229225.0,100.75,0.0,0,0,0
2015-01-22,94.58018,95.58177,93.662834,95.46008,146993.8,13942740.0,101.98,0.0,0,0,0
2015-01-23,95.28223,95.843864,95.263504,95.41356,116760.914,11167013.0,101.9303,0.0,0,0,0
2015-01-26,95.478806,96.190216,95.25415,96.180855,710901.25,68268150.0,102.75,0.0,0,0,0
2015-01-27,95.18862,95.96546,94.73921,95.42264,179514.98,17152360.0,101.94,0.0,0,0,0
2015-01-28,96.049805,96.171486,94.17767,94.22448,123403.6,11718179.0,100.66,0.0,0,0,0
2015-01-29,94.505295,95.1699,93.69101,95.05757,156793.31,14813336.0,101.55,0.0,0,0,0
2015-01-30,94.46785,94.77675,93.531784,93.662834,179308.81,16871124.0,100.06,0.0,0,0,0
2015-02-02,93.94366,94.505295,92.53955,94.505295,199327.67,18675156.0,100.96,0.0,0,0,0
2015-02-03,94.9078,95.862595,94.5989,95.862595,162412.58,15503157.0,102.41,0.0,0,0,0
2015-02-04,95.23542,95.777405,95.0014,95.19798,176850.64,16861534.0,101.7,0.0,0,0,0
2015-02-05,95.61922,96.3119,95.46907,96.28382,143676.73,13807801.0,102.86,0.0,0,0,0
2015-02-06,96.377426,96.51784,95.478806,95.80643,170961.11,16414524.0,102.35,0.0,0,0,0
2015-02-09,95.52561,95.754944,95.108116,95.23542,86004.555,8209342.0,101.74,0.0,0,0,0
2015-02-10,95.90003,96.51784,95.31967,96.46168,204383.94,19609610.0,103.05,0.0,0,0,0
2015-02-11,96.321266,96.796875,96.15745,96.574,105122.85,10142885.0,103.17,0.0,0,0,0
2015-02-12,97.17308,97.716,96.99242,97.641205,142880.84,13926169.0,104.3101,0.0,0,0,0
2015-02-13,97.82833,98.35252,97.74408,98.35252,116525.88,11421533.0,105.07,0.0,0,0,0
2015-02-17,98.296364,98.58654,97.978096,98.51166,138822.38,13657495.0,105.24,0.0,0,0,0
2015-02-18,98.287,98.84864,98.2402,98.829926,141247.42,13928664.0,105.58,0.0,0,0,0
2015-02-19,98.558464,99.10045,98.502304,98.84864,233787.83,23110768.0,105.6,0.0,0,0,0
2015-02-20,98.77375,99.719185,98.436775,99.719185,202056.11,20041120.0,106.53,0.0,0,0,0
2015-02-23,99.57877,99.75653,99.36161,99.70046,174582.64,17382652.0,106.51,0.0,0,0,0
2015-02-24,99.728546,99.839935,99.457085,99.784706,122511.57,12208015.0,106.6,0.0,0,0,0
2015-02-25,99.784706,100.552284,99.784706,100.365074,160987.47,16145447.0,107.22,0.0,0,0,0
2015-02-26,100.374435,100.486755,99.686424,100.00001,93283.95,9330290.0,106.83,0.0,0,0,0
2015-02-27,100.17786,100.299545,99.775345,99.850235,180853.56,18071968.0,106.67,0.0,0,0,0
2015-03-02,99.9064,100.83311,99.9064,100.83311,481931.47,48421508.0,107.72,0.0,0,0,0
2015-03-03,100.58036,100.58036,99.86896,100.32763,975943.3,97880910.0,107.18,0.0,0,0,0
2015-03-04,99.93448,99.93448,99.260605,99.68174,199956.9,19925800.0,106.49,0.0,0,0,0
2015-03-05,99.96256,100.42601,99.96256,100.2621,86924.36,8713291.0,107.11,0.0,0,0,0
2015-03-06,99.728546,99.87822,98.57718,98.73632,187778.28,18625980.0,105.48,0.0,0,0,0
2015-03-09,99.073296,99.29796,98.798096,99.15755,141590.34,14025171.0,105.93,0.0,0,0,0
2015-03-10,98.25892,98.46477,97.89385,97.912575,160008.9,15697918.0,104.6,0.0,0,0,0
2015-03-11,97.987465,98.4555,97.88449,98.25892,109326.61,10733790.0,104.97,0.0,0,0,0
2015-03-12,98.65207,99.55069,98.63335,99.466446,126027.34,12493176.0,106.26,0.0,0,0,0
2015-03-13,99.25115,99.47581,98.41805,99.09202,111516.625,11024061.0,105.86,0.0,0,0,0
2015-03-16,99.466446,100.45868,99.466446,100.45868,120686.914,12092461.0,107.32,0.0,0,0,0
2015-03-17,100.11233,100.43996,99.80344,100.31827,211441.12,21178176.0,107.17,0.0,0,0,0
2015-03-18,100.04681,101.656746,99.61612,101.2694,214910.97,21580900.0,108.1861,0.0,0,0,0
2015-03-19,101.0952,101.404106,100.98287,101.3105,149033.19,15088777.0,108.23,0.0,0,0,0
2015-03-20,101.965744,102.1436,101.618,102.031265,211267.0,21549492.0,109.0,0.0,0,0,0
2015-03-23,101.98446,102.161385,101.6194,101.65684,433021.5,44165440.0,108.6,0.0,0,0,0
2015-03-24,101.581955,101.85342,101.22625,101.24498,116725.66,11847999.0,108.16,0.0,0,0,0
2015-03-25,101.36386,101.44813,99.44463,99.453995,269902.03,26945524.0,106.23,0.0,0,0,0
2015-03-26,99.08887,99.80039,98.6217,99.39782,181366.69,18017062.0,106.17,0.0,0,0,0
2015-03-27,99.48208,100.362114,99.47272,100.22169,155318.16,15551052.0,107.05,0.0,0,0,0
2015-03-30,101.045555,101.597916,100.99874,101.56048,217344.6,22031478.0,108.48,0.0,0,0,0
2015-03-31,101.19534,102.39371,100.80083,101.129814,146499.66,14830515.0,108.02,0.0,0,0,0
2015-04-01,100.8115,100.8115,99.6974,100.18424,529702.75,52986980.0,107.01,0.0,0,0,0
2015-04-02,100.24041,101.05492,100.1891,100.858315,288287.78,29055464.0,107.73,0.0,0,0,0
2015-04-06,100.362114,101.729,100.32468,101.420044,480435.12,48760970.0,108.33,0.0,0,0,0
2015-04-07,101.48557,101.86006,101.06428,101.08301,225195.36,22845100.0,107.97,0.0,0,0,0
2015-04-08,101.317055,101.89751,101.16726,101.83197,170128.88,17298580.0,108.77,0.0,0,0,0
2015-04-09,101.86942,102.1971,101.39196,102.1222,441755.94,45015610.0,109.08,0.0,0,0,0
2015-04-10,102.34689,102.43115,102.066025,102.30008,159512.72,16313907.0,109.27,0.0,0,0,0
2015-04-13,102.34689,102.61839,101.8507,101.888145,191036.5,19534016.0,108.83,0.0,0,0,0
2015-04-14,101.93495,102.04721,101.27024,101.785164,155725.11,15843100.0,108.72,0.0,0,0,0
2015-04-15,102.15965,102.47796,102.05667,102.25327,227992.8,23323852.0,109.22,0.0,0,0,0
2015-04-16,102.15965,102.39371,101.85913,102.14092,382648.72,39093800.0,109.1,0.0,0,0,0
2015-04-17,101.55111,101.55111,100.43701,100.80214,414378.66,41756830.0,107.67,0.0,0,0,0
2015-04-20,101.43877,101.7758,101.24581,101.69154,107388.93,10913056.0,108.62,0.0,0,0,0
2015-04-21,102.0473,102.15965,101.84133,101.972404,235467.58,24023784.0,108.92,0.0,0,0,0
2015-04-22,102.10348,102.34689,101.55111,102.34689,123567.93,12616310.0,109.32,0.0,0,0,0
2015-04-23,102.10348,103.0865,102.10348,102.79628,141355.53,14517363.0,109.8,0.0,0,0,0
2015-04-24,103.04905,103.04905,102.13156,102.271996,256798.19,26263214.0,109.24,0.0,0,0,0
2015-04-27,102.534134,102.79534,101.49494,101.63537,146662.02,14959241.0,108.56,0.0,0,0,0
2015-04-28,101.56983,101.59315,100.55769,101.38259,163541.7,16564573.0,108.29,0.0,0,0,0
2015-04-29,100.83022,101.30769,100.52128,101.05492,201921.83,20382056.0,107.94,0.0,0,0,0
2015-04-30,100.78342,100.94257,99.60378,100.04381,222859.36,22363028.0,106.86,0.0,0,0,0
2015-05-01,100.53063,101.33578,100.53063,101.29833,175861.55,17770256.0,108.2,0.0,0,0,0
2015-05-04,101.57919,101.9256,101.39196,101.523026,239047.97,24287582.0,108.44,0.0,0,0,0
2015-05-05,101.44813,101.504295,99.90337,100.03257,215770.16,21629252.0,106.848,0.0,0,0,0
2015-05-06,100.4651,100.62426,99.57804,100.02508,138419.23,13839901.0,106.84,0.0,0,0,0
2015-05-07,99.98763,100.62426,99.85657,100.4183,122111.0,12254964.0,107.26,0.0,0,0,0
2015-05-08,101.16726,101.710266,101.16726,101.37323,91755.75,9310708.0,108.28,0.0,0,0,0
2015-05-11,101.26089,101.57919,100.99874,101.05492,469229.38,47545640.0,107.94,0.0,0,0,0
2015-05-12,100.80214,101.24029,100.17487,100.94257,112282.05,11318596.0,107.82,0.0,0,0,0
2015-05-13,101.26089,101.40328,100.63362,100.79278,108108.85,10905498.0,107.66,0.0,0,0,0
2015-05-14,101.29833,101.64473,100.89576,101.63537,102124.11,10353062.0,108.56,0.0,0,0,0
2015-05-15,101.74772,101.8507,101.40131,101.8507,123220.79,12528205.0,108.79,0.0,0,0,0
2015-05-18,101.66345,102.47796,101.607376,102.34689,123889.44,12660445.0,109.32,0.0,0,0,0
2015-05-19,102.43115,102.51541,101.96305,102.16901,114516.58,11707990.0,109.13,0.0,0,0,0
2015-05-20,102.28136,102.51541,101.84133,102.15028,155611.89,15906143.0,109.11,0.0,0,0,0
2015-05-21,102.13156,102.55258,102.04871,102.44051,120053.77,12288850.0,109.42,0.0,0,0,0
2015-05-22,102.30944,102.449875,102.14092,102.28136,133209.95,13633650.0,109.25,0.0,0,0,0
2015-05-26,102.066025,102.066025,100.99874,101.27961,158652.86,16070988.0,108.18,0.0,0,0,0
2015-05-27,101.47621,102.21582,101.22353,102.14092,126173.1,12850122.0,109.1,0.0,0,0,0
2015-05-28,102.0473,102.15965,101.523026,101.794525,74095.26,7539515.0,108.73,0.0,0,0,0
2015-05-29,101.7758,101.80389,100.92385,101.01747,138640.34,14030900.0,107.9,0.0,0,0,0
2015-06-01,101.27961,101.512726,100.62042,101.26089,92749.12,9388323.0,108.16,0.0,0,0,0
2015-06-02,101.11109,101.68218,100.736694,101.33578,293019.62,29699352.0,108.24,0.0,0,0,0
2015-06-03,101.56983,101.83197,101.18608,101.46685,165365.0,16787024.0,108.38,0.0,0,0,0
2015-06-04,101.05492,101.26089,100.50264,100.60553,144857.94,14596999.0,107.46,0.0,0,0,0
2015-06-05,100.54936,101.129814,100.045586,100.96129,98024.62,9885037.0,107.84,0.0,0,0,0
2015-06-08,100.89576,101.036194,100.12806,100.17487,112420.91,11293146.0,107.0,0.0,0,0,0
2015-06-09,100.20296,100.35744,99.51016,99.95954,85610.79,8562048.0,106.77,0.0,0,0,0
2015-06-10,100.362114,101.129814,100.32468,100.96129,130602.65,13177192.0,107.84,0.0,0,0,0
2015-06-11,101.26089,101.47621,101.14854,101.39196,102397.555,10373717.0,108.3,0.0,0,0,0
2015-06-12,101.045555,101.24029,100.774055,101.0081,85384.34,8624431.0,107.89,0.0,0,0,0
2015-06-15,100.35276,100.55807,99.89401,100.474464,166570.92,16720359.0,107.32,0.0,0,0,0
2015-06-16,100.18424,101.045555,100.18424,100.97066,80873.625,8148744.0,107.85,0.0,0,0,0
2015-06-17,101.27961,101.66345,100.7366,101.49494,188935.48,19154272.0,108.41,0.0,0,0,0
2015-06-18,101.84133,102.94607,101.84133,102.637115,158990.39,16313597.0,109.63,0.0,0,0,0
2015-06-19,102.52477,102.59022,102.28136,102.34689,85922.68,8801393.0,109.32,0.0,0,0,0
2015-06-22,102.93671,102.95187,102.59031,102.749466,107376.12,11037070.0,109.75,0.0,0,0,0
2015-06-23,102.8899,102.917984,102.459236,102.73074,126600.36,12997191.0,109.73,0.0,0,0,0
2015-06-24,102.60903,102.70265,101.57919,101.710266,176835.67,18027128.0,108.64,0.0,0,0,0
2015-06-25,102.00986,102.00986,101.33578,101.513664,112029.97,11390444.0,108.43,0.0,0,0,0
2015-06-26,101.62601,101.80389,101.00829,101.36386,112612.1,11413659.0,108.27,0.0,0,0,0
2015-06-29,100.43701,100.88547,98.98026,99.05142,168473.27,16831758.0,105.8,0.0,0,0,0
2015-06-30,99.922104,100.22169,99.33771,99.7723,126570.445,12624528.0,106.57,0.0,0,0,0
2015-07-01,100.50255,100.50255,99.74422,100.099976,141137.64,14121519.0,106.92,0.0,0,0,0
2015-07-02,100.39957,100.39957,99.61315,100.05317,164989.03,16478326.0,106.87,0.0,0,0,0
2015-07-06,99.28548,100.31531,99.070145,99.63187,231663.97,23070812.0,106.42,0.0,0,0,0
2015-07-07,99.93146,100.35276,98.35862,100.33403,209860.19,20874656.0,107.17,0.0,0,0,0
2015-07-08,99.59442,99.80975,98.24562,98.48033,167439.31,16530252.0,105.19,0.0,0,0,0
2015-07-09,99.46335,100.17487,98.75183,98.82673,188267.89,18680264.0,105.56,0.0,0,0,0
2015-07-10,99.81443,100.50255,99.497055,100.099976,76567.984,7653894.0,106.92,0.0,0,0,0
2015-07-13,100.87704,101.38259,100.86767,101.32642,113356.586,11457766.0,108.23,0.0,0,0,0
2015-07-14,101.39196,102.00986,101.317055,101.785164,138577.33,14103571.0,108.72,0.0,0,0,0
2015-07-15,101.888145,101.888145,101.13927,101.33578,94746.52,9621703.0,108.24,0.0,0,0,0
2015-07-16,101.9256,101.94432,101.58856,101.83197,94566.01,9629108.0,108.77,0.0,0,0,0
2015-07-17,101.93495,101.93495,101.24225,101.49494,139063.33,14105852.0,108.41,0.0,0,0,0
2015-07-20,101.71963,101.84133,101.38259,101.64473,81369.234,8273306.0,108.57,0.0,0,0,0
2015-07-21,101.607285,101.7964,100.97075,101.14854,108774.3,11006689.0,108.04,0.0,0,0,0
2015-07-22,100.67107,101.345146,100.67107,101.19534,120957.414,12232208.0,108.09,0.0,0,0,0
2015-07-23,101.48557,101.888054,100.79278,100.94257,131687.88,13359512.0,107.82,0.0,0,0,0
2015-07-24,100.80214,100.96129,99.60378,99.88465,242913.53,24316480.0,106.69,0.0,0,0,0
2015-07-27,99.27611,99.36973,98.67693,98.82673,116697.7,11543701.0,105.56,0.0,0,0,0
2015-07-28,99.3791,100.193596,98.78553,100.04381,132715.4,13232650.0,106.86,0.0,0,0,0
2015-07-29,100.09062,101.0081,99.8472,100.94257,106669.016,10720478.0,107.82,0.0,0,0,0
2015-07-30,100.60553,101.06428,100.12806,101.036194,87301.64,8798271.0,107.92,0.0,0,0,0
2015-07-31,101.18599,101.60915,101.08301,101.223434,102456.3,10386067.0,108.12,0.0,0,0,0
2015-08-03,101.30769,101.30769,100.297615,100.75533,156166.25,15710780.0,107.62,0.0,0,0,0
2015-08-04,100.89576,101.27961,100.604034,100.91448,115947.875,11705130.0,107.79,0.0,0,0,0
2015-08-05,101.251526,101.86942,101.14854,101.29833,210367.55,21383344.0,108.2,0.0,0,0,0
2015-08-06,101.27024,101.27024,99.322914,99.73663,91919.17,9191246.0,106.5319,0.0,0,0,0
2015-08-07,99.79102,99.81855,99.060776,99.63187,64867.664,6444382.0,106.42,0.0,0,0,0
2015-08-10,100.33403,100.98002,100.33403,100.87236,89877.98,9056493.0,107.745,0.0,0,0,0
2015-08-11,100.16551,100.474464,99.66932,100.118706,199404.23,19932880.0,106.94,0.0,0,0,0
2015-08-12,99.36973,100.22169,98.44288,100.14679,153242.78,15232428.0,106.97,0.0,0,0,0
2015-08-13,100.16551,100.6898,99.85657,100.24977,100490.94,10087497.0,107.08,0.0,0,0,0
2015-08-14,100.16551,100.72714,100.07667,100.64298,152501.48,15302474.0,107.5,0.0,0,0,0
2015-08-17,100.45574,101.47621,100.109344,101.47621,96758.88,9765967.0,108.39,0.0,0,0,0
2015-08-18,101.43877,101.67281,101.14854,101.29833,146056.39,14810870.0,108.2,0.0,0,0,0
2015-08-19,100.8864,101.25611,99.96254,100.55872,162224.7,16313306.0,107.41,0.0,0,0,0
2015-08-20,99.60378,99.79581,97.89988,97.96541,183092.8,18089164.0,104.64,0.0,0,0,0
2015-08-21,96.94494,97.366234,95.06315,95.06315,1764495.5,169036930.0,101.54,0.0,0,0,0
2015-08-24,90.97189,94.32363,79.07262,91.44936,975541.06,89457560.0,97.68,0.0,0,0,0
2015-08-25,92.35749,95.25039,90.887634,90.887634,298301.53,27750340.0,97.08,0.0,0,0,0
2015-08-26,92.9473,93.85543,91.04679,93.77118,190646.62,17632578.0,100.16,0.0,0,0,0
2015-08-27,94.641846,96.42056,94.463974,96.167885,804127.25,77012840.0,102.72,0.0,0,0,0
2015-08-28,95.9151,96.65471,95.73722,96.44874,266686.94,25640028.0,103.02,0.0,0,0,0
2015-08-31,95.89638,96.45811,95.25048,95.306564,207952.5,19935700.0,101.8,0.0,0,0,0
2015-09-01,94.36099,94.36099,92.21706,92.685165,261150.83,24320916.0,99.0,0.0,0,0,0
2015-09-02,93.612015,94.53887,92.9473,94.53887,241073.14,22600046.0,100.98,0.0,0,0,0
2015-09-03,94.88527,95.80837,94.445244,94.72611,141431.38,13437271.0,101.18,0.0,0,0,0
2015-09-04,93.78053,94.22056,93.0222,93.49967,178858.72,16743912.0,99.87,0.0,0,0,0
2015-09-08,95.00698,95.98064,94.53887,95.92446,73482.15,6996087.0,102.46,0.0,0,0,0
2015-09-09,96.74833,96.82323,94.49252,94.651215,176877.33,16888240.0,101.1,0.0,0,0,0
2015-09-10,94.42652,95.63424,94.42652,94.93208,153548.27,14594222.0,101.4,0.0,0,0,0
2015-09-11,94.62313,95.45636,94.295456,95.45636,106962.75,10159954.0,101.96,0.0,0,0,0
2015-09-14,95.62488,95.62488,94.76356,95.04442,88255.484,8383027.0,101.52,0.0,0,0,0
2015-09-15,95.306564,96.27087,94.97177,96.11171,147136.27,14107865.0,102.66,0.0,0,0,0
2015-09-16,96.04617,97.01984,95.93383,96.96366,137369.27,13269284.0,103.57,0.0,0,0,0
2015-09-17,96.898125,98.396065,96.87004,97.010475,130260.84,12680886.0,103.62,0.0,0,0,0
2015-09-18,95.9151,96.71032,95.44699,95.61551,234608.81,22517046.0,102.13,0.0,0,0,0
2015-09-21,95.94319,96.97302,95.36274,95.82148,101591.11,9751056.0,102.35,0.0,0,0,0
2015-09-22,94.70739,94.76076,93.65883,94.30482,122935.59,11567062.0,100.73,0.0,0,0,0
2015-09-23,94.491,94.64088,93.72372,93.99264,65643.766,6173759.0,99.96,0.0,0,0,0
2015-09-24,93.46607,93.503685,92.253075,93.249794,182878.39,16991570.0,99.17,0.0,0,0,0
2015-09-25,94.03966,94.10829,92.356514,92.98651,119077.64,11130290.0,98.89,0.0,0,0,0
2015-09-28,92.582184,92.582184,89.62963,89.91173,619865.44,56128524.0,95.62,0.0,0,0,0
2015-09-29,90.033966,90.730354,89.10316,89.62023,1673852.9,150606180.0,95.31,0.0,0,0,0
2015-09-30,90.66396,91.52904,90.167114,91.46322,160374.98,14587463.0,97.27,0.0,0,0,0
2015-10-01,91.52904,91.745316,90.62635,91.7171,291471.1,26566416.0,97.54,0.0,0,0,0
2015-10-02,90.61695,93.2404,90.34427,93.20279,150955.67,13912002.0,99.12,0.0,0,0,0
2015-10-05,93.84219,94.70727,93.84219,94.59443,114107.96,10768184.0,100.6,0.0,0,0,0
2015-10-06,94.443985,94.650856,93.04293,93.55069,139940.08,13119269.0,99.49,0.0,0,0,0
2015-10-07,94.15249,94.64145,93.43786,94.622635,123062.52,11603075.0,100.63,0.0,0,0,0
2015-10-08,94.349945,95.46703,94.03025,95.30906,83122.19,7872463.0,101.36,0.0,0,0,0
2015-10-09,95.374886,95.72279,95.111694,95.70399,96226.484,9188483.0,101.78,0.0,0,0,0
2015-10-12,95.77921,95.84428,95.33257,95.666374,99645.59,9532761.0,101.74,0.0,0,0,0
2015-10-13,95.18682,96.0141,94.58502,94.63204,104748.2,9973042.0,100.64,0.0,0,0,0
2015-10-14,94.83891,95.189926,94.02084,94.21831,110323.01,10417259.0,100.2,0.0,0,0,0
2015-10-15,94.42517,95.69458,94.25601,95.69458,92924.35,8824719.0,101.77,0.0,0,0,0
2015-10-16,95.92966,95.92966,95.08339,95.62876,97099.6,9269044.0,101.7,0.0,0,0,0
2015-10-19,95.19622,96.02604,95.17854,95.75101,99479.69,9523690.0,101.83,0.0,0,0,0
2015-10-20,95.656975,96.145454,95.37498,95.69458,288669.88,27577944.0,101.77,0.0,0,0,0
2015-10-21,95.939064,96.00488,94.61606,94.726074,60805.965,5786800.0,100.74,0.0,0,0,0
2015-10-22,95.121,95.94066,94.85771,95.77921,131054.63,12527553.0,101.86,0.0,0,0,0
2015-10-23,96.47504,96.47504,95.168015,95.73219,154808.69,14792271.0,101.81,0.0,0,0,0
2015-10-26,95.67578,95.91461,95.46882,95.769806,83698.6,8008094.0,101.85,0.0,0,0,0
2015-10-27,95.45011,95.61927,94.876526,95.46891,95686.23,9112243.0,101.53,0.0,0,0,0
2015-10-28,95.57234,96.531456,95.1304,96.50324,372028.16,35705330.0,102.63,0.0,0,0,0
2015-10-29,96.39041,96.57838,96.0613,96.52205,145426.61,14014503.0,102.65,0.0,0,0,0
2015-10-30,96.606674,97.06743,96.28698,96.587875,181483.1,17548588.0,102.72,0.0,0,0,0
2015-11-02,96.71011,97.82898,96.710014,97.73505,127945.0,12456876.0,103.94,0.0,0,0,0
2015-11-03,97.6034,98.05568,97.12385,97.72564,183251.67,17894652.0,103.93,0.0,0,0,0
2015-11-04,97.9325,97.9325,97.18967,97.584595,155781.78,15193699.0,103.78,0.0,0,0,0
2015-11-05,97.57519,97.68098,96.74773,97.50937,276119.66,26841404.0,103.7,0.0,0,0,0
2015-11-06,97.321304,97.74444,96.73832,97.255486,90519.805,8797666.0,103.43,0.0,0,0,0
2015-11-09,97.17085,97.17085,95.7416,96.3528,126977.23,12222217.0,102.47,0.0,0,0,0
2015-11-10,96.11772,96.741516,96.0707,96.72892,90260.31,8703377.0,102.87,0.0,0,0,0
2015-11-11,96.9922,97.095634,96.0236,96.033,172870.97,16644621.0,102.1299,0.0,0,0,0
2015-11-12,95.4219,95.79924,94.46278,94.46278,122035.195,11597014.0,100.46,0.0,0,0,0
2015-11-13,94.04905,94.09607,93.03353,93.08994,108114.15,10102005.0,99.0,0.0,0,0,0
2015-11-16,92.83607,94.26533,92.83607,94.26533,155819.0,14556230.0,100.25,0.0,0,0,0
2015-11-17,94.47219,94.97055,94.114876,94.31234,185866.78,17551622.0,100.3,0.0,0,0,0
2015-11-18,94.59443,95.769806,94.396965,95.67578,95042.82,9036931.0,101.75,0.0,0,0,0
2015-11-19,95.64757,95.91085,95.506615,95.68518,130689.86,12504628.0,101.76,0.0,0,0,0
2015-11-20,96.098915,96.44682,95.868546,96.03309,137742.9,13243472.0,102.13,0.0,0,0,0
2015-11-23,96.13653,96.59539,95.97668,96.211754,152968.86,14730074.0,102.32,0.0,0,0,0
2015-11-24,95.85444,96.71951,95.49533,96.484436,138593.7,13337053.0,102.61,0.0,0,0,0
2015-11-25,96.531456,97.11444,96.5118,96.982796,149547.62,14490132.0,103.14,0.0,0,0,0
2015-11-27,97.01101,97.18026,96.76465,97.11538,56877.44,5519439.0,103.281,0.0,0,0,0
2015-11-30,97.34011,97.34011,96.480774,96.55966,114064.36,11032056.0,102.69,0.0,0,0,0
2015-12-01,97.039215,97.471756,96.78863,97.46236,389788.4,37900776.0,103.65,0.0,0,0,0
2015-12-02,97.38713,97.481155,96.28698,96.41862,255228.5,24671226.0,102.54,0.0,0,0,0
2015-12-03,96.76653,96.77593,94.32174,94.77309,177999.11,16981264.0,100.79,0.0,0,0,0
2015-12-04,94.95175,96.43742,94.88404,96.3716,159311.5,15288480.0,102.49,0.0,0,0,0
2015-12-07,96.23996,96.30578,95.28085,95.7416,380325.47,36346060.0,101.82,0.0,0,0,0
2015-12-08,94.91414,95.882645,94.8107,95.609955,124522.695,11890505.0,101.68,0.0,0,0,0
2015-12-09,95.25265,96.173195,94.13368,94.54742,129513.64,12281459.0,100.55,0.0,0,0,0
2015-12-10,94.57562,95.29025,94.38756,94.73547,142054.28,13466597.0,100.75,0.0,0,0,0
2015-12-11,93.81398,94.02084,92.61801,92.81726,189345.45,17676936.0,98.71,0.0,0,0,0
2015-12-14,92.93949,93.25798,91.67009,92.96771,272662.25,25186852.0,98.87,0.0,0,0,0
2015-12-15,93.456665,94.03025,93.28741,93.71055,228620.05,21422454.0,99.66,0.0,0,0,0
2015-12-16,94.29353,95.327866,93.71055,95.1304,184193.92,17411820.0,101.17,0.0,0,0,0
2015-12-17,95.34667,95.4219,93.625916,93.625916,247777.72,23348996.0,99.57,0.0,0,0,0
2015-12-18,93.33443,93.33443,92.28129,92.28129,258901.8,23995352.0,98.14,0.0,0,0,0
2015-12-21,92.88308,93.11816,92.3283,92.93949,379717.16,35205532.0,98.84,0.0,0,0,0
2015-12-22,93.400246,93.80081,92.80785,93.5695,243391.89,22722792.0,99.51,0.0,0,0,0
2015-12-23,94.14986,94.86704,93.85732,94.86704,215824.61,20395500.0,100.53,0.0,0,0,0
2015-12-24,94.77268,94.989624,94.51789,94.687744,57211.797,5419842.0,100.34,0.0,0,0,0
2015-12-28,94.23479,94.640564,93.8292,94.640564,144058.98,13581077.0,100.29,0.0,0,0,0
2015-12-29,95.1879,95.59367,95.04635,95.46156,199632.5,19039784.0,101.16,0.0,0,0,0
2015-12-30,95.329445,95.40485,94.69718,94.725494,210698.88,20029040.0,100.38,0.0,0,0,0
2015-12-31,94.281975,95.04625,94.09324,94.09324,270544.0,25565862.0,99.71,0.0,0,0,0
2016-01-04,92.639984,92.72492,91.69641,92.72492,435304.1,40160612.0,98.26,0.0,0,0,0
2016-01-05,92.86647,93.1255,92.36632,92.81928,180910.89,16784524.0,98.36,0.0,0,0,0
2016-01-06,91.50758,91.86429,90.58279,91.14899,205089.92,18720660.0,96.59,0.0,0,0,0
2016-01-07,89.55419,90.612045,88.90306,89.06348,272654.9,24405580.0,94.38,0.0,0,0,0
2016-01-08,89.676865,89.82786,88.01601,88.148125,224675.17,19965788.0,93.41,0.0,0,0,0
2016-01-11,88.57278,88.70489,86.66656,87.58192,294502.62,25764480.0,92.81,0.0,0,0,0
2016-01-12,88.50672,88.996956,86.883606,88.21418,175566.86,15424313.0,93.48,0.0,0,0,0
2016-01-13,88.48784,88.63883,85.11894,85.40205,197054.27,17042238.0,90.5,0.0,0,0,0
2016-01-14,85.86444,86.9591,84.24133,86.34572,228669.16,19684072.0,91.5,0.0,0,0,0
2016-01-15,83.94879,85.05194,83.4864,84.883026,298072.72,25168944.0,89.95,0.0,0,0,0
2016-01-19,85.713455,85.81726,83.53358,84.36401,431882.34,36564030.0,89.4,0.0,0,0,0
2016-01-20,83.052315,84.81697,80.966896,83.99598,541979.25,44815004.0,89.01,0.0,0,0,0
2016-01-21,84.09035,85.28871,83.437325,84.279076,284581.78,24075060.0,89.31,0.0,0,0,0
2016-01-22,85.590775,86.47783,85.449234,86.30797,611934.9,52612456.0,91.46,0.0,0,0,0
2016-01-25,85.85501,86.09017,84.78866,84.84528,207516.61,17727572.0,89.91,0.0,0,0,0
2016-01-26,85.25105,86.279655,84.96796,86.25399,180253.88,15505108.0,91.4028,0.0,0,0,0
2016-01-27,85.84557,86.59484,84.411194,84.91134,145583.88,12485092.0,89.98,0.0,0,0,0
2016-01-28,85.53416,85.53416,83.78196,84.184715,269954.8,22765402.0,89.21,0.0,0,0,0
2016-01-29,84.59993,86.64769,84.59993,86.64769,329945.12,28387378.0,91.82,0.0,0,0,0
2016-02-01,85.98712,87.19502,85.70487,86.83642,283070.66,24485532.0,92.02,0.0,0,0,0
2016-02-02,86.062614,86.062614,84.43951,84.703735,310145.8,26370192.0,89.76,0.0,0,0,0
2016-02-03,85.37374,85.4681,83.28823,85.12838,230401.75,19466424.0,90.21,0.0,0,0,0
2016-02-04,84.98683,86.29853,84.91134,85.760635,165618.45,14200434.0,90.88,0.0,0,0,0
2016-02-05,85.16613,85.16613,82.90132,83.13724,212958.14,17784956.0,88.1,0.0,0,0,0
2016-02-08,82.08034,82.08977,79.50411,80.70257,426388.9,34256132.0,85.52,0.0,0,0,0
2016-02-09,79.76834,81.46695,79.51356,80.53271,255823.81,20581472.0,85.34,0.0,0,0,0
2016-02-10,81.183846,82.588776,81.1327,81.25934,367008.97,29985372.0,86.11,0.0,0,0,0
2016-02-11,79.928764,80.83997,79.42862,80.362854,322753.0,25849360.0,85.16,0.0,0,0,0
2016-02-12,81.12723,82.231316,80.51384,82.18413,234105.39,19151336.0,87.09,0.0,0,0,0
2016-02-16,83.24104,84.231895,82.8447,84.11865,200003.39,16739405.0,89.14,0.0,0,0,0
2016-02-17,84.713165,86.2136,84.713165,86.04374,191715.52,16442352.0,91.18,0.0,0,0,0
2016-02-18,86.10036,86.10036,85.12838,85.39261,183358.78,15678525.0,90.49,0.0,0,0,0
2016-02-19,84.883026,85.69308,84.51499,85.65684,212108.27,18131854.0,90.77,0.0,0,0,0
2016-02-22,86.48727,87.2421,86.48727,87.02516,164132.77,14258711.0,92.22,0.0,0,0,0
2016-02-23,86.64769,86.9206,85.86539,85.95881,156057.89,13455918.0,91.09,0.0,0,0,0
2016-02-24,85.15669,86.68544,84.60937,86.5722,133007.44,11409828.0,91.74,0.0,0,0,0
2016-02-25,86.78924,87.57249,86.40536,87.55361,91401.75,7954588.0,92.78,0.0,0,0,0
2016-02-26,88.233055,88.402916,87.78519,88.20484,145861.52,12864426.0,93.4701,0.0,0,0,0
2016-02-29,88.25192,88.67658,87.55361,87.55361,123620.67,10910591.0,92.78,0.0,0,0,0
2016-03-01,88.29911,89.95997,87.95977,89.95997,143445.42,12812771.0,95.33,0.0,0,0,0
2016-03-02,89.74292,90.2525,89.37225,90.2242,137434.84,12342338.0,95.61,0.0,0,0,0
2016-03-03,90.1487,90.931946,89.946,90.931946,81520.11,7374741.0,96.36,0.0,0,0,0
2016-03-04,91.00745,91.64914,90.65828,91.10181,176902.06,16143643.0,96.54,0.0,0,0,0
2016-03-07,90.68659,91.724625,90.524284,91.44153,126072.805,11499677.0,96.9,0.0,0,0,0
2016-03-08,90.969696,90.969696,89.838234,89.93166,89793.13,8113605.0,95.3,0.0,0,0,0
2016-03-09,90.365746,90.365746,89.714615,90.30912,108622.83,9793991.0,95.7,0.0,0,0,0
2016-03-10,90.64884,91.233925,89.318275,90.31856,101026.945,9103844.0,95.71,0.0,0,0,0
2016-03-11,91.26223,92.319145,91.26223,92.27196,83237.87,7646242.0,97.78,0.0,0,0,0
2016-03-14,91.94167,92.22478,91.70576,92.1021,99757.44,9182522.0,97.6,0.0,0,0,0
2016-03-15,91.54723,91.60395,91.16403,91.54723,95313.65,8713358.0,96.85,0.0,0,0,0
2016-03-16,91.2353,92.39796,91.0368,92.265625,78072.664,7163778.0,97.61,0.0,0,0,0
2016-03-17,92.199455,93.025604,91.860115,92.73825,205203.36,19020424.0,98.11,0.0,0,0,0
2016-03-18,93.07854,93.51269,92.89894,93.3243,88209.69,8229531.0,98.73,0.0,0,0,0
2016-03-21,93.14471,93.37156,92.880035,93.267586,217162.14,20231012.0,98.67,0.0,0,0,0
2016-03-22,92.80441,93.606926,92.80441,93.39992,116087.04,10837352.0,98.81,0.0,0,0,0
2016-03-23,93.17306,93.19196,92.520836,92.53975,299747.9,27787158.0,97.9,0.0,0,0,0
2016-03-24,92.01986,92.51139,91.73629,92.49248,94657.734,8721316.0,97.85,0.0,0,0,0
2016-03-28,92.71934,92.95565,92.29398,92.75715,99460.71,9220286.0,98.13,0.0,0,0,0
2016-03-29,92.53029,94.0805,92.426315,94.0805,117123.805,10945532.0,99.53,0.0,0,0,0
2016-03-30,94.524765,94.813065,94.09165,94.32626,105705.63,9977702.0,99.79,0.0,0,0,0
2016-03-31,94.364075,94.91714,94.23174,94.77053,307063.44,29080160.0,100.26,0.0,0,0,0
2016-04-01,94.11831,95.34383,93.749664,95.262054,106787.89,10115409.0,100.78,0.0,0,0,0
2016-04-04,95.366035,95.51728,94.74217,94.82725,90465.18,8595837.0,100.32,0.0,0,0,0
2016-04-05,94.11831,94.35462,93.79693,93.910355,114323.48,10751633.0,99.35,0.0,0,0,0
2016-04-06,93.98598,95.18643,93.81583,95.167534,96161.05,9097608.0,100.68,0.0,0,0,0
2016-04-07,94.647644,94.8556,93.51761,93.97652,142852.52,13433937.0,99.42,0.0,0,0,0
2016-04-08,94.67601,94.789154,94.01443,94.297905,86858.72,8196556.0,99.76,0.0,0,0,0
2016-04-11,94.78944,94.95013,93.655136,93.683495,82771.96,7798689.0,99.11,0.0,0,0,0
2016-04-12,93.82529,94.39243,93.25813,94.269554,108578.95,10196708.0,99.73,0.0,0,0,0
2016-04-13,94.79889,95.64961,94.69491,95.64961,124455.22,11857872.0,101.19,0.0,0,0,0
2016-04-14,95.54563,95.621254,95.15808,95.35658,110126.695,10508394.0,100.88,0.0,0,0,0
2016-04-15,95.2337,95.57399,95.12027,95.53618,104181.164,9934458.0,101.07,0.0,0,0,0
2016-04-18,95.044655,96.09766,95.02574,96.03716,65299.29,6252357.0,101.6,0.0,0,0,0
2016-04-19,96.39636,96.40581,95.54375,96.008804,72032.98,6915357.0,101.57,0.0,0,0,0
2016-04-20,96.09388,96.55705,95.60121,96.1884,104867.76,10083563.0,101.76,0.0,0,0,0
2016-04-21,96.41526,96.5215,95.768715,95.91428,112609.64,10827399.0,101.47,0.0,0,0,0
2016-04-22,95.9899,96.32546,95.54563,96.141136,108700.62,10437377.0,101.71,0.0,0,0,0
2016-04-25,95.92374,96.03716,95.6118,95.89537,91307.29,8746927.0,101.45,0.0,0,0,0
2016-04-26,96.1884,96.53814,95.96154,96.50033,86028.25,8284271.0,102.09,0.0,0,0,0
2016-04-27,96.45307,97.00132,96.112404,96.906784,109048.67,10535963.0,102.52,0.0,0,0,0
2016-04-28,96.368,97.03912,95.43343,95.621254,91837.305,8870439.0,101.16,0.0,0,0,0
2016-04-29,95.101364,95.25091,93.94826,94.779976,122004.01,11524593.0,100.27,0.0,0,0,0
2016-05-02,95.0352,95.65906,94.779976,95.60235,92101.79,8776130.0,101.14,0.0,0,0,0
2016-05-03,94.80834,94.93122,94.05214,94.50587,265337.88,25087572.0,99.98,0.0,0,0,0
2016-05-04,94.004875,94.37343,93.626785,93.89145,91307.29,8576642.0,99.33,0.0,0,0,0
2016-05-05,94.17502,94.420784,93.910355,93.97652,79189.83,7453931.0,99.42,0.0,0,0,0
2016-05-06,93.64568,94.4397,93.35502,94.38297,73246.414,6886524.0,99.85,0.0,0,0,0
2016-05-09,94.297905,95.15798,94.297905,94.81779,75572.79,7167166.0,100.31,0.0,0,0,0
2016-05-10,95.17699,95.97099,95.01629,95.96154,80608.51,7705951.0,101.52,0.0,0,0,0
2016-05-11,95.73468,95.80085,94.779976,94.78944,65847.3,6269724.0,100.28,0.0,0,0,0
2016-05-12,95.17699,95.17699,94.004875,94.628746,98255.734,9291863.0,100.11,0.0,0,0,0
2016-05-13,94.39243,94.73272,93.66374,93.82529,67348.484,6342482.0,99.26,0.0,0,0,0
2016-05-16,94.04269,95.00684,93.96707,94.79889,102322.39,9667715.0,100.29,0.0,0,0,0
2016-05-17,94.49641,94.92526,93.69295,94.03324,63929.277,6031612.0,99.48,0.0,0,0,0
2016-05-18,93.73076,94.4397,93.07003,93.844185,81284.516,7628902.0,99.28,0.0,0,0,0
2016-05-19,93.229774,93.76856,92.780594,93.34321,135444.92,12625593.0,98.75,0.0,0,0,0
2016-05-20,93.82529,94.36398,93.74021,94.30736,57390.25,5403410.0,99.77,0.0,0,0,0
2016-05-23,94.32626,94.65266,94.24119,94.297905,200741.05,18954508.0,99.76,0.0,0,0,0
2016-05-24,94.74217,95.91428,94.74217,95.8103,76817.96,7338488.0,101.36,0.0,0,0,0
2016-05-25,96.01826,96.3869,95.8103,96.21676,85757.42,8247896.0,101.79,0.0,0,0,0
2016-05-26,96.40581,96.54759,96.181786,96.27347,86477.87,8331287.0,101.85,0.0,0,0,0
2016-05-27,96.41526,96.83117,96.34909,96.83117,55704.977,5384511.0,102.44,0.0,0,0,0
2016-05-31,97.13365,97.13365,96.59486,96.96351,93381.875,9041208.0,102.58,0.0,0,0,0
2016-06-01,96.5854,97.14877,96.43445,97.1431,78878.8,7640148.0,102.77,0.0,0,0,0
2016-06-02,96.9257,97.77642,96.81226,97.77642,63151.703,6149843.0,103.44,0.0,0,0,0
2016-06-03,97.54011,97.54011,96.6374,97.19036,53165.96,5158545.0,102.82,0.0,0,0,0
2016-06-06,97.33215,97.75024,97.04782,97.587364,201113.44,19565432.0,103.24,0.0,0,0,0
2016-06-07,97.64409,98.28686,97.5212,98.145065,64072.098,6279857.0,103.83,0.0,0,0,0
2016-06-08,98.13561,98.494804,98.03655,98.40974,52714.227,5182376.0,104.11,0.0,0,0,0
2016-06-09,98.03163,98.24337,97.9148,98.145065,62446.07,6125043.0,103.83,0.0,0,0,0
2016-06-10,97.35105,97.35105,96.28293,96.54759,88802.125,8591108.0,102.14,0.0,0,0,0
2016-06-13,96.21676,96.81226,95.66379,95.67797,59938.79,5766544.0,101.22,0.0,0,0,0
2016-06-14,95.47064,95.68838,94.921585,95.49905,65124.766,6204489.0,100.88,0.0,0,0,0
2016-06-15,95.68838,96.23744,95.54638,95.60318,70736.07,6786928.0,100.99,0.0,0,0,0
2016-06-16,95.16772,95.641045,94.476654,95.56531,82447.77,7843604.0,100.95,0.0,0,0,0
2016-06-17,95.63158,95.65051,95.09198,95.49905,78192.81,7462587.0,100.88,0.0,0,0,0
2016-06-20,96.72024,97.240906,96.39847,96.50251,173010.39,16780104.0,101.94,0.0,0,0,0
2016-06-21,96.66344,96.75214,96.32264,96.549835,70874.45,6841481.0,101.99,0.0,0,0,0
2016-06-22,96.66344,97.08943,96.29424,96.351036,93951.38,9076683.0,101.78,0.0,0,0,0
2016-06-23,97.184105,97.82783,97.08792,97.82783,77206.19,7525162.0,103.34,0.0,0,0,0
2016-06-24,94.022255,95.752846,93.81399,93.97492,193299.62,18282486.0,99.27,0.0,0,0,0
2016-06-27,92.94306,92.983955,91.00241,91.52308,167494.16,15347577.0,96.68,0.0,0,0,0
2016-06-28,92.57387,93.47319,92.33456,93.45426,106735.27,9919788.0,98.72,0.0,0,0,0
2016-06-29,94.42932,95.39491,94.3888,95.23398,122550.88,11634638.0,100.6,0.0,0,0,0
2016-06-30,95.39491,96.45517,94.94052,96.45517,130285.445,12514978.0,101.89,0.0,0,0,0
2016-07-01,96.38891,97.13677,96.07651,96.84331,128903.74,12480292.0,102.3,0.0,0,0,0
2016-07-05,96.37944,96.38891,95.275635,95.83038,405335.66,38799304.0,101.23,0.0,0,0,0
2016-07-06,95.461174,96.483574,95.34579,96.43624,73201.586,7023286.0,101.87,0.0,0,0,0
2016-07-07,96.616104,97.03264,96.297745,96.672905,96030.266,9279725.0,102.12,0.0,0,0,0
2016-07-08,97.4397,98.83602,97.4113,98.65142,112716.305,11078308.0,104.21,0.0,0,0,0
2016-07-11,99.11529,99.37089,98.95435,99.03956,505427.56,50052536.0,104.62,0.0,0,0,0
2016-07-12,99.59808,100.1941,99.461006,99.92941,352986.34,35305732.0,105.56,0.0,0,0,0
2016-07-13,100.32702,100.33648,99.50342,99.721146,259883.2,25944636.0,105.34,0.0,0,0,0
2016-07-14,100.431145,100.54475,99.93888,100.12821,112141.65,11239924.0,105.77,0.0,0,0,0
2016-07-15,100.364876,100.53528,99.78742,99.93888,280202.0,28028752.0,105.57,0.0,0,0,0
2016-07-18,99.93888,100.27968,99.90102,100.09035,213822.31,21404808.0,105.73,0.0,0,0,0
2016-07-19,99.844215,99.98044,99.65962,99.91995,141756.3,14146072.0,105.55,0.0,0,0,0
2016-07-20,100.10928,100.79845,99.95781,100.65835,205021.89,20624200.0,106.33,0.0,0,0,0
2016-07-21,100.60154,100.79088,99.86552,100.16608,245667.97,24654296.0,105.81,0.0,0,0,0
2016-07-22,100.175545,100.98684,100.08088,100.87721,86169.28,8667833.0,106.5612,0.0,0,0,0
2016-07-25,100.72461,100.80035,100.384094,100.70567,101353.195,10196556.0,106.38,0.0,0,0,0
2016-07-26,100.71514,101.396736,100.554214,101.396736,94851.38,9588259.0,107.11,0.0,0,0,0
2016-07-27,101.31154,101.34921,100.29861,100.67728,150650.73,15168546.0,106.35,0.0,0,0,0
2016-07-28,100.639404,101.44408,100.40274,101.31154,113016.305,11419450.0,107.02,0.0,0,0,0
2016-07-29,101.084335,101.5198,100.639404,101.41567,194453.16,19691218.0,107.13,0.0,0,0,0
2016-08-01,101.406204,101.559,100.80981,101.04647,130157.625,13159880.0,106.74,0.0,0,0,0
2016-08-02,100.93288,100.93288,99.34097,99.78742,146160.2,14594801.0,105.41,0.0,0,0,0
2016-08-03,99.588615,100.34595,99.23836,100.34595,143351.38,14317000.0,106.0,0.0,0,0,0
2016-08-04,100.40274,100.60372,100.03355,100.31754,109257.83,10966993.0,105.97,0.0,0,0,0
2016-08-05,100.77194,101.16954,100.67728,101.079605,99090.5,10013008.0,106.775,0.0,0,0,0
2016-08-08,101.22634,101.43461,100.84767,100.91394,74085.74,7484729.0,106.6,0.0,0,0,0
2016-08-09,100.999146,101.179,100.753006,100.89501,107470.49,10849432.0,106.58,0.0,0,0,0
2016-08-10,100.98021,100.999146,100.3839,100.554214,57918.375,5826459.0,106.22,0.0,0,0,0
2016-08-11,100.92341,101.150604,100.67255,101.05594,89751.35,9064019.0,106.75,0.0,0,0,0
2016-08-12,100.94234,101.16434,100.80035,101.04647,87615.42,8850426.0,106.74,0.0,0,0,0
2016-08-15,101.25474,101.8038,101.11274,101.61068,80147.055,8143577.0,107.336,0.0,0,0,0
2016-08-16,101.32101,101.32101,100.64888,100.64888,95991.18,9680560.0,106.32,0.0,0,0,0
2016-08-17,100.69621,100.753006,99.94153,100.53528,87705.21,8800472.0,106.2,0.0,0,0,0
2016-08-18,100.554214,101.0904,100.47942,101.07487,76163.58,7688267.0,106.77,0.0,0,0,0
2016-08-19,100.80035,101.31144,100.686745,101.264206,80137.55,8099809.0,106.97,0.0,0,0,0
2016-08-22,101.24527,101.5482,101.16954,101.51034,63388.133,6427746.0,107.23,0.0,0,0,0
2016-08-23,101.889,102.12311,101.889,101.96473,199876.44,20389108.0,107.71,0.0,0,0,0
2016-08-24,101.95526,101.99882,101.09381,101.264206,74282.23,7552909.0,106.97,0.0,0,0,0
2016-08-25,100.93288,101.4914,100.89501,101.11274,60794.805,6149592.0,106.81,0.0,0,0,0
2016-08-26,101.19794,101.81327,100.487946,100.98968,81626.99,8244511.0,106.68,0.0,0,0,0
2016-08-29,101.084335,101.622986,101.084335,101.396736,66367.02,6731813.0,107.11,0.0,0,0,0
2016-08-30,101.42514,101.51034,100.79088,101.09381,67113.86,6783385.0,106.79,0.0,0,0,0
2016-08-31,100.92341,100.951805,100.222885,100.64888,78111.48,7859303.0,106.32,0.0,0,0,0
2016-09-01,100.65835,101.02754,100.25128,101.008606,91011.57,9169138.0,106.7,0.0,0,0,0
2016-09-02,101.529274,101.81327,101.131676,101.48193,104507.44,10604846.0,107.2,0.0,0,0,0
2016-09-06,101.642876,101.661804,101.09153,101.605,60584.59,6143183.0,107.33,0.0,0,0,0
2016-09-07,101.605,101.85113,101.42609,101.84167,76641.05,7792533.0,107.58,0.0,0,0,0
2016-09-08,101.463005,101.49396,101.141136,101.23581,65271.598,6612815.0,106.94,0.0,0,0,0
2016-09-09,100.45008,100.46901,98.348495,98.348495,117894.51,11684568.0,103.89,0.0,0,0,0
2016-09-12,97.85623,99.92941,97.73316,99.79688,73708.625,7310746.0,105.42,0.0,0,0,0
2016-09-13,98.98275,99.124756,97.72862,98.1497,81280.516,7987745.0,103.68,0.0,0,0,0
2016-09-14,98.225426,98.83129,97.960365,98.17809,85589.34,8420662.0,103.71,0.0,0,0,0
2016-09-15,98.17809,99.49395,98.1213,99.35195,59278.945,5867784.0,104.95,0.0,0,0,0
2016-09-16,98.944885,98.95435,98.44315,98.77449,59857.824,5909247.0,104.34,0.0,0,0,0
2016-09-19,99.200485,99.59808,98.82182,99.03009,56544.066,5608113.0,104.61,0.0,0,0,0
2016-09-20,99.542366,99.542366,98.688576,98.78344,59563.28,5897382.0,104.13,0.0,0,0,0
2016-09-21,99.0206,100.05274,98.60196,99.95029,195769.81,19381698.0,105.36,0.0,0,0,0
2016-09-22,100.66177,100.91791,100.51948,100.832535,76914.164,7745403.0,106.29,0.0,0,0,0
2016-09-23,100.794586,100.87997,100.434105,100.46256,79737.11,8027931.0,105.9,0.0,0,0,0
2016-09-26,99.99772,100.25376,99.7985,99.978745,102033.94,10204894.0,105.39,0.0,0,0,0
2016-09-27,99.86491,100.53845,99.66569,100.53845,106946.16,10719674.0,105.98,0.0,0,0,0
2016-09-28,100.7187,101.164566,100.13053,101.11713,79798.24,8033201.0,106.59,0.0,0,0,0
2016-09-29,100.993805,101.041245,99.90285,100.17796,112250.51,11294629.0,105.6,0.0,0,0,0
2016-09-30,100.60486,101.24995,100.16847,100.9274,63650.117,6419555.0,106.39,0.0,0,0,0
2016-10-03,100.65229,100.86099,100.310776,100.55743,277375.88,27890100.0,106.0,0.0,0,0,0
2016-10-04,100.73767,100.75664,99.66569,99.988235,120130.086,12018455.0,105.4,0.0,0,0,0
2016-10-05,100.3677,100.5376,100.27283,100.30129,77422.25,7773755.0,105.73,0.0,0,0,0
2016-10-06,99.817474,100.11156,99.47131,100.0831,68290.375,6819080.0,105.5,0.0,0,0,0
2016-10-07,100.19694,100.19694,99.05855,99.46647,82532.64,8207837.0,104.85,0.0,0,0,0
2016-10-10,99.91234,100.33923,99.868515,99.95029,98514.22,9858234.0,105.36,0.0,0,0,0
2016-10-11,99.66569,99.66569,97.93913,98.29014,92183.15,9085207.0,103.61,0.0,0,0,0
2016-10-12,98.32809,98.679085,97.910675,98.39449,83098.71,8173254.0,103.72,0.0,0,0,0
2016-10-13,97.758896,98.26642,97.066376,98.09092,81516.47,7973476.0,103.4,0.0,0,0,0
2016-10-14,98.58422,98.903824,97.92966,97.96759,75853.71,7453787.0,103.27,0.0,0,0,0
2016-10-17,97.94862,98.06246,97.5407,97.59762,73260.57,7161657.0,102.88,0.0,0,0,0
2016-10-18,98.49885,98.603195,98.06256,98.29963,70395.46,6924909.0,103.62,0.0,0,0,0
2016-10-19,98.366035,98.75953,98.10989,98.603195,161352.66,15905250.0,103.94,0.0,0,0,0
2016-10-20,98.527306,98.688576,98.00554,98.43244,92468.81,9100405.0,103.76,0.0,0,0,0
2016-10-21,98.01503,98.43244,97.758896,98.366035,86453.984,8492743.0,103.69,0.0,0,0,0
2016-10-24,98.91625,99.19136,98.75498,98.95419,60377.062,5972531.0,104.31,0.0,0,0,0
2016-10-25,98.66012,98.66012,97.79684,97.85376,113625.086,11139036.0,103.15,0.0,0,0,0
2016-10-26,97.27508,97.79674,97.100624,97.27508,119653.625,11651609.0,102.54,0.0,0,0,0
2016-10-27,97.588135,97.588135,96.335915,96.459236,131193.12,12677053.0,101.68,0.0,0,0,0
2016-10-28,96.449745,97.47866,96.449745,96.77229,99486.12,9642723.0,102.01,0.0,0,0,0
2016-10-31,96.99997,97.265594,96.81403,97.19919,72427.81,7034421.0,102.46,0.0,0,0,0
2016-11-01,97.350975,97.44584,95.65089,96.26951,117914.32,11362112.0,101.48,0.0,0,0,0
2016-11-02,96.01337,96.27899,95.13112,95.235466,157292.17,15040182.0,100.39,0.0,0,0,0
2016-11-03,95.37777,95.52481,94.70518,94.80858,94845.87,9025834.0,99.94,0.0,0,0,0
2016-11-04,94.81806,95.890045,94.68525,95.15958,88448.39,8442999.0,100.31,0.0,0,0,0
2016-11-07,96.79601,97.28447,96.59205,97.1897,268957.66,26100492.0,102.45,0.0,0,0,0
2016-11-08,97.056885,98.01503,96.772385,97.60711,96855.02,9451277.0,102.89,0.0,0,0,0
2016-11-09,96.11772,98.58422,96.11772,98.26168,272240.2,26555040.0,103.58,0.0,0,0,0
2016-11-10,98.925735,99.3903,97.74666,98.09092,150596.38,14813511.0,103.4,0.0,0,0,0
2016-11-11,97.996056,98.4609,97.70197,98.29963,145130.75,14242810.0,103.62,0.0,0,0,0
2016-11-14,98.925735,98.925735,98.280655,98.6696,139851.69,13792756.0,104.01,0.0,0,0,0
2016-11-15,99.00163,99.68457,98.9781,99.5898,143593.83,14272337.0,104.98,0.0,0,0,0
2016-11-16,99.32417,99.72261,99.24828,99.66569,158294.64,15761603.0,105.06,0.0,0,0,0
2016-11-17,100.12105,100.46256,99.80798,100.41512,266585.88,26740700.0,105.85,0.0,0,0,0
2016-11-18,100.65229,100.65229,100.02125,100.13053,123907.016,12415491.0,105.55,0.0,0,0,0
2016-11-21,100.48153,100.94637,100.44131,100.94637,133022.02,13402739.0,106.41,0.0,0,0,0
2016-11-22,101.155075,101.22148,100.671265,101.17405,385644.97,38943870.0,106.65,0.0,0,0,0
2016-11-23,100.91791,101.45864,100.832535,101.449165,137855.19,13947105.0,106.94,0.0,0,0,0
2016-11-25,101.69581,101.69581,101.48711,101.676834,48338.965,4912798.0,107.18,0.0,0,0,0
2016-11-28,101.6294,101.63889,100.798004,100.89894,125835.01,12729542.0,106.36,0.0,0,0,0
2016-11-29,100.89894,101.392235,100.81688,101.06021,149485.33,15126859.0,106.53,0.0,0,0,0
2016-11-30,101.449165,101.47762,100.2918,100.310776,123769.98,12468170.0,105.74,0.0,0,0,0
2016-12-01,100.56691,100.56691,98.613625,98.85933,415319.6,41121970.0,104.21,0.0,0,0,0
2016-12-02,98.802414,99.26801,98.57474,98.94472,138768.05,13731063.0,104.3,0.0,0,0,0
2016-12-05,99.5898,100.3677,99.57082,100.102066,140024.56,14014159.0,105.52,0.0,0,0,0
2016-12-06,100.25385,100.62383,99.95029,100.62383,121336.0,12174267.0,106.07,0.0,0,0,0
2016-12-07,100.547935,101.847595,100.299774,101.762215,182189.53,18436224.0,107.27,0.0,0,0,0
2016-12-08,102.046814,102.70423,101.87605,102.51165,128730.68,13176062.0,108.06,0.0,0,0,0
2016-12-09,102.71087,102.93798,102.208084,102.36936,137515.75,14083517.0,107.91,0.0,0,0,0
2016-12-12,102.03732,102.39782,101.50608,101.75273,172045.69,17503656.0,107.26,0.0,0,0,0
2016-12-13,102.14168,102.53053,102.02424,102.22706,188931.7,19323144.0,107.76,0.0,0,0,0
2016-12-14,102.208084,102.445244,101.19568,101.354294,99202.56,10114911.0,106.84,0.0,0,0,0
2016-12-15,101.53454,102.28397,101.24995,101.71478,151136.1,15391844.0,107.22,0.0,0,0,0
2016-12-16,101.847595,102.07527,101.17993,101.47762,133780.98,13585536.0,106.97,0.0,0,0,0
2016-12-19,101.6294,102.06578,101.45864,101.64838,133130.6,13543358.0,107.15,0.0,0,0,0
2016-12-20,101.999374,102.108475,101.75273,101.98041,140896.33,14359870.0,107.5,0.0,0,0,0
2016-12-21,102.01836,102.11322,101.78119,101.78119,106491.83,10860141.0,107.29,0.0,0,0,0
2016-12-22,101.749794,101.749794,100.93145,101.16934,131369.16,13286294.0,106.32,0.0,0,0,0
2016-12-23,101.13128,101.523224,101.13128,101.521416,89516.62,9075886.0,106.69,0.0,0,0,0
2016-12-27,101.66415,102.120895,101.65464,101.778336,161198.23,16420998.0,106.96,0.0,0,0,0
2016-12-28,101.9401,101.9401,100.72211,100.750656,117986.86,11920912.0,105.88,0.0,0,0,0
2016-12-29,100.84582,101.15982,100.60602,100.84582,136118.23,13726941.0,105.98,0.0,0,0,0
2016-12-30,101.05515,101.05515,100.23711,100.55083,98959.055,9957026.0,105.67,0.0,0,0,0
2017-01-03,101.34062,101.82592,100.68881,101.31207,180178.73,18219460.0,106.47,0.0,0,0,0
2017-01-04,101.53093,102.720375,101.53093,102.6728,274852.2,28167508.0,107.9,0.0,0,0,0
2017-01-05,102.463455,102.71476,101.93059,102.47298,111289.4,11389870.0,107.69,0.0,0,0,0
2017-01-06,102.53958,103.19615,102.31578,102.92972,102388.18,10537881.0,108.17,0.0,0,0,0
2017-01-09,102.81554,103.08197,102.50152,102.59667,151309.16,15538358.0,107.82,0.0,0,0,0
2017-01-10,102.7965,103.210236,102.577644,102.85359,121723.9,12530269.0,108.09,0.0,0,0,0
2017-01-11,102.87263,103.101,102.55538,103.04391,125667.97,12931537.0,108.29,0.0,0,0,0
2017-01-12,102.88214,103.1581,102.00728,103.09148,185112.77,18988360.0,108.34,0.0,0,0,0
2017-01-13,103.234215,103.66242,103.2247,103.43404,103889.94,10751687.0,108.7,0.0,0,0,0
2017-01-17,103.18664,103.44356,102.876816,103.13906,126385.74,13039504.0,108.39,0.0,0,0,0
2017-01-18,103.29131,103.6529,102.9694,103.6529,101442.36,10492507.0,108.93,0.0,0,0,0
2017-01-19,103.6529,103.748055,103.028206,103.234215,240285.61,24827052.0,108.49,0.0,0,0,0
2017-01-20,103.68145,103.96692,103.376945,103.70999,96275.03,9976392.0,108.99,0.0,0,0,0
2017-01-23,103.61484,103.748055,103.101,103.50065,114164.695,11805952.0,108.77,0.0,0,0,0
2017-01-24,103.8337,104.52833,103.71951,104.46172,163884.36,17069786.0,109.78,0.0,0,0,0
2017-01-25,104.956535,105.3657,104.956535,105.3086,147031.94,15465303.0,110.67,0.0,0,0,0
2017-01-26,105.47037,105.54649,104.94711,105.0612,181627.94,19094268.0,110.41,0.0,0,0,0
2017-01-27,105.20393,105.242,104.78535,104.98508,131921.94,13840747.0,110.33,0.0,0,0,0
2017-01-30,104.46172,104.53785,103.586296,104.40463,408425.1,42524800.0,109.72,0.0,0,0,0
2017-01-31,104.01449,104.40463,103.73854,104.36657,160887.16,16732636.0,109.68,0.0,0,0,0
2017-02-01,104.785255,104.861374,103.79564,104.16674,203028.7,21141324.0,109.47,0.0,0,0,0
2017-02-02,104.06207,104.48065,103.67193,104.433174,217738.3,22705640.0,109.75,0.0,0,0,0
2017-02-03,104.90895,105.18015,104.74719,105.175385,124751.57,13105019.0,110.53,0.0,0,0,0
2017-02-06,104.96604,105.10878,104.66431,104.91847,156155.95,16372915.0,110.26,0.0,0,0,0
2017-02-07,105.03265,105.19432,104.71864,104.85186,190707.81,20028044.0,110.19,0.0,0,0,0
2017-02-08,104.80428,105.356186,104.57591,105.3086,130118.58,13673930.0,110.67,0.0,0,0,0
2017-02-09,105.42279,106.43153,105.403755,106.288704,207043.17,21967738.0,111.7,0.0,0,0,0
2017-02-10,106.57417,106.70739,106.33391,106.5932,158830.53,16920840.0,112.02,0.0,0,0,0
2017-02-13,106.96432,106.99933,106.6503,106.76448,133841.95,14298113.0,112.2,0.0,0,0,0
2017-02-14,106.60272,107.05947,106.440956,107.00237,209741.92,22406460.0,112.45,0.0,0,0,0
2017-02-15,106.84061,107.60147,106.74545,107.45912,137354.1,14731315.0,112.93,0.0,0,0,0
2017-02-16,107.40203,107.52573,106.61481,106.90722,122055.984,13042348.0,112.35,0.0,0,0,0
2017-02-17,106.66933,107.34493,106.57417,107.34493,106185.125,11362434.0,112.81,0.0,0,0,0
2017-02-21,107.497185,108.096565,107.42106,108.03005,138144.39,14896548.0,113.53,0.0,0,0,0
2017-02-22,107.953926,108.011024,107.63421,107.73508,119708.25,12904136.0,113.22,0.0,0,0,0
2017-02-23,108.0586,108.10618,107.00047,107.39251,123345.45,13248585.0,112.86,0.0,0,0,0
2017-02-24,106.85013,107.71604,106.79304,107.71604,123726.94,13273889.0,113.2,0.0,0,0,0
2017-02-27,107.668465,108.135956,107.554276,108.068115,121398.12,13104676.0,113.57,0.0,0,0,0
2017-02-28,107.82071,107.82071,107.13559,107.27832,91138.18,9791599.0,112.74,0.0,0,0,0
2017-03-01,108.17279,108.45826,107.71604,108.28698,177663.9,19220444.0,113.8,0.0,0,0,0
2017-03-02,108.239395,108.239395,107.42106,107.48766,327323.12,35244530.0,112.96,0.0,0,0,0
2017-03-03,107.41154,107.59025,107.097534,107.51621,107413.64,11528940.0,112.99,0.0,0,0,0
2017-03-06,107.1451,107.1926,106.755066,107.08801,110345.68,11810222.0,112.54,0.0,0,0,0
2017-03-07,106.93576,107.06898,106.47902,106.583694,101008.336,10778230.0,112.01,0.0,0,0,0
2017-03-08,106.70739,106.94518,106.32677,106.43144,89795.11,9579470.0,111.85,0.0,0,0,0
2017-03-09,106.469505,106.774,105.78248,106.40289,150003.92,15955242.0,111.82,0.0,0,0,0
2017-03-10,106.96432,107.097534,106.42203,107.05947,120382.94,12859037.0,112.51,0.0,0,0,0
2017-03-13,107.0785,107.57321,106.97382,107.497185,141610.3,15190583.0,112.97,0.0,0,0,0
2017-03-14,107.268814,107.268814,106.60272,107.02141,150341.27,16073997.0,112.47,0.0,0,0,0
2017-03-15,107.47815,108.34645,107.23075,108.16327,104686.52,11265281.0,113.67,0.0,0,0,0
2017-03-16,108.325035,108.325035,107.745544,107.91587,96718.516,10441871.0,113.41,0.0,0,0,0
2017-03-17,108.21085,108.28698,107.925385,107.99199,77736.95,8402699.0,113.49,0.0,0,0,0
2017-03-20,107.97296,108.03957,107.46331,107.73298,104582.484,11269341.0,113.2178,0.0,0,0,0
2017-03-21,108.13473,108.13473,106.012566,106.07937,175941.45,18801812.0,111.48,0.0,0,0,0
2017-03-22,106.07937,106.56466,105.74632,106.50757,105035.43,11158493.0,111.93,0.0,0,0,0
2017-03-23,106.383865,107.17365,106.32677,106.51708,105214.086,11238674.0,111.94,0.0,0,0,0
2017-03-24,106.891685,107.215775,106.35122,106.739174,87156.03,9319237.0,111.98,0.0,0,0,0
2017-03-27,105.871765,106.7487,105.604866,106.60572,108469.53,11530946.0,111.84,0.0,0,0,0
2017-03-28,106.44368,107.435005,106.38649,107.3111,78561.805,8408290.0,112.58,0.0,0,0,0
2017-03-29,107.215775,107.79722,107.05373,107.7591,99640.31,10719988.0,113.05,0.0,0,0,0
2017-03-30,107.68284,107.89255,107.55892,107.68284,101110.1,10890733.0,112.97,0.0,0,0,0
2017-03-31,107.62565,107.95927,107.44463,107.66377,98547.15,10616581.0,112.95,0.0,0,0,0
2017-04-03,107.7591,107.8385,106.689896,107.17765,115037.945,12333005.0,112.44,0.0,0,0,0
2017-04-04,106.97748,107.206245,106.681984,106.86309,102642.836,10969151.0,112.11,0.0,0,0,0
2017-04-05,107.272964,107.76862,106.40565,106.49134,87714.15,9410971.0,111.72,0.0,0,0,0
2017-04-06,106.64385,107.357796,106.43425,107.215775,106417.49,11380197.0,112.48,0.0,0,0,0
2017-04-07,107.206245,107.51117,106.97748,107.2253,97809.63,10498455.0,112.49,0.0,0,0,0
2017-04-10,107.30156,107.7877,107.14495,107.492195,108976.25,11715935.0,112.77,0.0,0,0,0
2017-04-11,107.23484,107.5208,106.5962,107.5208,74040.19,7931049.0,112.8,0.0,0,0,0
2017-04-12,107.33969,107.45408,106.67255,106.8059,80026.35,8557981.0,112.05,0.0,0,0,0
2017-04-13,106.61526,107.05678,106.23398,106.23398,114168.24,12174525.0,111.45,0.0,0,0,0
2017-04-17,106.49134,107.149055,106.310234,107.149055,85152.25,9086370.0,112.41,0.0,0,0,0
2017-04-18,106.739174,107.13666,106.56789,107.00607,112803.36,12057956.0,112.26,0.0,0,0,0
2017-04-19,107.33969,107.81629,107.2825,107.368286,82466.555,8870360.0,112.64,0.0,0,0,0
2017-04-20,107.7877,108.63604,107.60658,108.46446,126952.56,13745022.0,113.79,0.0,0,0,0
2017-04-21,108.37867,108.6265,107.94926,108.14991,64823.85,7014271.0,113.46,0.0,0,0,0
2017-04-24,109.46532,109.50841,109.04591,109.37953,213419.33,23310264.0,114.75,0.0,0,0,0
2017-04-25,109.818,110.14181,109.75118,109.999115,118865.055,13067358.0,115.4,0.0,0,0,0
2017-04-26,110.15162,110.59,110.15162,110.20882,99545.89,10984802.0,115.62,0.0,0,0,0
2017-04-27,110.33273,110.68542,110.123024,110.42805,142860.06,15774287.0,115.85,0.0,0,0,0
2017-04-28,110.485245,110.485245,109.72269,109.91332,82288.21,9048320.0,115.31,0.0,0,0,0
2017-05-01,110.1421,110.437584,109.94192,110.28507,231494.27,25527140.0,115.7,0.0,0,0,0
2017-05-02,110.494774,110.60916,110.180214,110.60916,198441.34,21936076.0,116.04,0.0,0,0,0
2017-05-03,110.18975,110.370865,109.66759,109.98005,158909.19,17462524.0,115.38,0.0,0,0,0
2017-05-04,110.103966,110.25648,109.617836,110.19929,170933.95,18820050.0,115.61,0.0,0,0,0
2017-05-05,110.485245,110.99997,110.28507,110.99997,138452.8,15316522.0,116.45,0.0,0,0,0
2017-05-08,110.93324,111.00941,110.23741,110.55197,110802.73,12245552.0,115.98,0.0,0,0,0
2017-05-09,110.62822,110.761665,110.43854,110.599625,114203.91,12632390.0,116.03,0.0,0,0,0
2017-05-10,110.752144,111.23637,110.752144,111.17155,174464.17,19375080.0,116.63,0.0,0,0,0
2017-05-11,110.84746,110.95107,109.999115,110.656815,118210.42,13060034.0,116.09,0.0,0,0,0
2017-05-12,110.45664,110.45664,110.18784,110.28507,110834.2,12224921.0,115.7,0.0,0,0,0
2017-05-15,110.532906,111.290695,110.532906,111.19061,64834.34,7202839.0,116.65,0.0,0,0,0
2017-05-16,111.35265,111.37171,110.66625,110.93324,126766.875,14060329.0,116.38,0.0,0,0,0
2017-05-17,109.90379,110.22778,109.00779,109.084045,157678.6,17280236.0,114.44,0.0,0,0,0
2017-05-18,108.931526,110.02762,108.70277,109.6655,125056.84,13691760.0,115.05,0.0,0,0,0
2017-05-19,110.15162,111.09529,110.01817,110.761665,94427.336,10460577.0,116.2,0.0,0,0,0
2017-05-22,110.99044,111.66721,110.80933,111.59096,81028.24,9026363.0,117.07,0.0,0,0,0
2017-05-23,111.73393,111.79504,111.2642,111.38125,89276.26,9947352.0,116.85,0.0,0,0,0
2017-05-24,111.457504,111.65768,111.25734,111.54329,59637.1,6644968.0,117.02,0.0,0,0,0
2017-05-25,111.9627,112.42967,111.876915,112.2296,99450.42,11163575.0,117.74,0.0,0,0,0
2017-05-26,112.143814,112.2296,111.94364,112.05802,87673.234,9821957.0,117.56,0.0,0,0,0
2017-05-30,111.867386,112.096146,111.65768,111.89598,82387.875,9217725.0,117.39,0.0,0,0,0
2017-05-31,112.07709,112.11436,111.29546,111.924576,58433.785,6526647.0,117.42,0.0,0,0,0
2017-06-01,112.28679,113.33531,112.258194,113.33531,283765.66,32090394.0,118.9,0.0,0,0,0
2017-06-02,113.65939,113.95489,113.30566,113.77378,250372.81,28478796.0,119.36,0.0,0,0,0
2017-06-05,113.764244,113.764244,113.40203,113.53548,185345.44,21051764.0,119.11,0.0,0,0,0
2017-06-06,113.13514,113.421,112.954025,113.05888,118194.68,13381401.0,118.61,0.0,0,0,0
2017-06-07,113.268585,113.49735,113.00169,113.36391,93451.67,10582653.0,118.93,0.0,0,0,0
2017-06-08,113.4211,113.522514,112.86824,113.44969,93298.51,10571480.0,119.02,0.0,0,0,0
2017-06-09,113.56407,114.059746,112.201004,112.80151,115555.15,13099265.0,118.34,0.0,0,0,0
2017-06-12,112.68713,112.68713,111.69581,112.61088,187859.08,21104586.0,118.14,0.0,0,0,0
2017-06-13,112.83012,113.55454,112.83012,113.55454,124643.49,14127269.0,119.13,0.0,0,0,0
2017-06-14,113.68799,113.78341,112.752144,113.23999,133395.08,15119047.0,118.8,0.0,0,0,0
2017-06-15,112.50603,113.17326,112.22007,113.05888,87452.92,9866665.0,118.61,0.0,0,0,0
2017-06-16,113.07794,113.1256,112.44884,112.80151,83641.55,9427909.0,118.34,0.0,0,0,0
2017-06-19,113.23999,113.72612,113.05068,113.67846,82968.02,9411186.0,119.26,0.0,0,0,0
2017-06-20,113.44016,113.51641,112.48696,112.56322,141069.25,15938871.0,118.09,0.0,0,0,0
2017-06-21,112.927925,113.0806,112.479195,112.71788,176948.78,19943958.0,118.06,0.0,0,0,0
2017-06-22,112.736984,113.34802,112.48875,113.03295,75893.1,8578117.0,118.39,0.0,0,0,0
2017-06-23,113.128426,113.79675,112.92201,113.61535,66123.01,7507589.0,119.0,0.0,0,0,0
2017-06-26,114.01634,114.1882,113.47223,113.6249,97350.01,11076023.0,119.01,0.0,0,0,0
2017-06-27,113.519875,113.634346,112.316986,112.34553,105121.664,11864478.0,117.67,0.0,0,0,0
2017-06-28,113.03295,113.491234,112.43146,113.35757,159311.72,18037500.0,118.73,0.0,0,0,0
2017-06-29,113.33847,113.33847,111.34305,112.145035,103300.25,11583032.0,117.46,0.0,0,0,0
2017-06-30,112.479195,112.770874,112.10684,112.35508,112023.99,12606797.0,117.68,0.0,0,0,0
2017-07-03,112.81336,113.03286,112.39327,112.41236,376962.22,42475590.0,117.74,0.0,0,0,0
2017-07-05,112.36463,112.78471,112.0973,112.6606,180731.97,20336264.0,118.0,0.0,0,0,0
2017-07-06,112.15458,112.15458,111.190285,111.3144,147860.56,16513022.0,116.59,0.0,0,0,0
2017-07-07,111.5149,112.593765,111.5149,112.41236,340319.16,38183784.0,117.74,0.0,0,0,0
2017-07-10,112.278694,112.48875,112.02846,112.307335,137418.05,15438829.0,117.63,0.0,0,0,0
2017-07-11,112.33598,112.60322,111.77268,112.39327,100456.58,11280515.0,117.72,0.0,0,0,0
2017-07-12,113.09023,113.56761,113.0425,113.405304,212686.9,24111010.0,118.78,0.0,0,0,0
2017-07-13,113.59626,113.64399,113.099785,113.56761,89433.805,10149406.0,118.95,0.0,0,0,0
2017-07-14,113.56761,114.2073,113.56761,114.03544,219098.0,24967930.0,119.44,0.0,0,0,0
2017-07-17,114.07363,114.2558,113.90178,114.09273,74392.19,8489688.0,119.5,0.0,0,0,0
2017-07-18,113.89223,114.03544,113.6058,114.03544,79265.7,9026113.0,119.44,0.0,0,0,0
2017-07-19,114.32186,114.846886,114.26458,114.79924,80896.5,9267833.0,120.24,0.0,0,0,0
2017-07-20,114.980644,114.980644,114.48418,114.72286,141153.06,16203253.0,120.16,0.0,0,0,0
2017-07-21,114.5701,114.85653,114.53754,114.84698,94326.18,10821838.0,120.29,0.0,0,0,0
2017-07-24,114.82788,114.9902,114.646576,114.9902,58010.945,6662731.0,120.44,0.0,0,0,0
2017-07-25,115.27661,115.371994,114.81834,115.22888,99936.02,11515000.0,120.69,0.0,0,0,0
2017-07-26,115.38164,115.38164,115.09588,115.19069,81165.68,9350631.0,120.65,0.0,0,0,0
2017-07-27,115.486664,115.486664,113.834946,114.59874,89275.65,10235787.0,120.03,0.0,0,0,0
2017-07-28,114.369606,114.77451,114.3505,114.703766,86705.34,9936481.0,120.14,0.0,0,0,0
2017-07-31,114.91381,114.92336,114.13091,114.369606,197892.47,22636718.0,119.79,0.0,0,0,0
2017-08-01,114.54146,114.5701,114.15001,114.39825,75527.56,8636059.0,119.82,0.0,0,0,0
2017-08-02,114.33141,114.33141,113.10924,113.52943,520502.28,59092772.0,118.91,0.0,0,0,0
2017-08-03,113.519875,113.519875,112.93748,113.185715,82222.5,9302503.0,118.55,0.0,0,0,0
2017-08-04,113.4435,113.50078,113.08069,113.4435,86340.85,9789087.0,118.82,0.0,0,0,0
2017-08-07,113.577156,113.691635,113.36711,113.58671,82794.375,9401993.0,118.97,0.0,0,0,0
2017-08-08,113.519875,113.720276,112.6606,112.90884,94008.82,10643318.0,118.26,0.0,0,0,0
2017-08-09,112.37417,112.794266,112.31545,112.71788,92195.78,10377766.0,118.06,0.0,0,0,0
2017-08-10,112.40282,112.794266,110.703354,110.703354,120820.01,13457162.0,115.95,0.0,0,0,0
2017-08-11,110.67471,111.498665,110.67471,111.276215,86692.77,9642258.0,116.55,0.0,0,0,0
2017-08-14,112.02092,112.69879,111.933846,112.52693,102165.92,11492565.0,117.86,0.0,0,0,0
2017-08-15,112.565125,112.565125,111.99228,112.20232,76647.23,8601555.0,117.52,0.0,0,0,0
2017-08-16,112.53648,113.045456,112.47833,112.880196,85766.88,9675715.0,118.23,0.0,0,0,0
2017-08-17,112.57468,112.880196,111.16164,111.17119,160399.97,17948840.0,116.44,0.0,0,0,0
2017-08-18,111.047066,111.5256,110.7321,111.06617,81397.16,9048630.0,116.33,0.0,0,0,0
2017-08-21,110.970695,111.34686,110.703354,111.22847,152909.0,16991996.0,116.5,0.0,0,0,0
2017-08-22,111.553085,112.736984,111.45761,112.60332,73065.13,8208018.0,117.94,0.0,0,0,0
2017-08-23,112.16413,112.450554,112.09472,112.278694,58691.754,6590708.0,117.6,0.0,0,0,0
2017-08-24,112.65105,112.799324,112.25015,112.32644,89907.23,10112444.0,117.65,0.0,0,0,0
2017-08-25,112.80381,112.899284,112.42191,112.48875,85498.75,9634634.0,117.82,0.0,0,0,0
2017-08-28,112.65105,112.6606,112.22523,112.4601,63963.285,7188346.0,117.79,0.0,0,0,0
2017-08-29,111.81087,112.57181,111.81087,112.46965,49909.355,5604029.0,117.8,0.0,0,0,0
2017-08-30,112.450554,113.56761,112.34553,113.51032,198248.58,22449524.0,118.89,0.0,0,0,0
2017-08-31,113.92087,114.63693,113.834946,114.55101,90747.234,10373059.0,119.98,0.0,0,0,0
2017-09-01,114.90426,114.9329,114.59521,114.73241,97266.22,11166766.0,120.17,0.0,0,0,0
2017-09-05,114.675125,114.74196,113.462585,114.17865,306146.9,34990864.0,119.59,0.0,0,0,0
2017-09-06,114.48418,114.589195,114.025894,114.42689,63488.816,7259748.0,119.85,0.0,0,0,0
2017-09-07,114.54146,114.80115,114.312325,114.74196,64099.445,7347870.0,120.18,0.0,0,0,0
2017-09-08,114.42689,114.74577,114.24549,114.55101,65620.266,7518490.0,119.98,0.0,0,0,0
2017-09-11,115.123856,115.5196,115.10476,115.49621,61423.355,7088470.0,120.97,0.0,0,0,0
2017-09-12,115.648964,115.83992,115.39119,115.83992,75487.76,8727458.0,121.33,0.0,0,0,0
2017-09-13,115.83992,115.84851,115.458015,115.515305,63078.24,7289146.0,120.99,0.0,0,0,0
2017-09-14,115.38164,115.39119,115.037926,115.314804,59408.17,6846320.0,120.78,0.0,0,0,0
2017-09-15,115.30525,115.400734,114.95945,115.400734,87837.58,10120880.0,120.87,0.0,0,0,0
2017-09-18,115.59168,115.85901,115.30525,115.56304,149535.34,17269310.0,121.04,0.0,0,0,0
2017-09-19,115.66807,115.66807,115.037926,115.22888,98313.61,11327675.0,120.69,0.0,0,0,0
2017-09-20,115.30449,115.43321,114.60585,115.21835,61869.766,7120249.0,120.39,0.0,0,0,0
2017-09-21,115.22793,115.23941,114.79726,115.036514,62164.42,7149971.0,120.2,0.0,0,0,0
2017-09-22,114.96952,115.45762,114.84511,115.40019,336198.22,38785692.0,120.58,0.0,0,0,0
2017-09-25,115.333206,115.38105,114.491,114.88339,94363.62,10839097.0,120.04,0.0,0,0,0
2017-09-26,115.189644,115.333206,114.720795,114.96952,104179.27,11985368.0,120.13,0.0,0,0,0
2017-09-27,115.495895,115.93518,115.09394,115.70645,75924.52,8775881.0,120.9,0.0,0,0,0
2017-09-28,115.61075,115.907425,115.43254,115.89786,75193.1,8697398.0,121.1,0.0,0,0,0
2017-09-29,115.907425,116.55821,115.907425,116.519936,86893.734,10114748.0,121.75,0.0,0,0,0
2017-10-02,116.5295,117.06449,116.43476,116.931465,442874.75,51734580.0,122.18,0.0,0,0,0
2017-10-03,117.15159,117.15159,116.76877,117.13244,147294.39,17237092.0,122.39,0.0,0,0,0
2017-10-04,117.13244,117.63967,116.94113,117.63967,124103.15,14568467.0,122.92,0.0,0,0,0
2017-10-05,117.84065,118.08815,117.60139,118.03206,112336.695,13249376.0,123.33,0.0,0,0,0
2017-10-06,117.72581,118.05752,117.69231,118.041626,62568.793,7377219.0,123.34,0.0,0,0,0
2017-10-09,118.146904,118.146904,117.65881,117.7928,70464.99,8307660.0,123.08,0.0,0,0,0
2017-10-10,118.28089,118.30003,117.6971,117.888504,83037.055,9787962.0,123.18,0.0,0,0,0
2017-10-11,117.859795,118.03684,117.706665,118.02249,70132.72,8267083.0,123.32,0.0,0,0,0
2017-10-12,117.81194,118.33353,117.6972,118.223465,92451.48,10920529.0,123.53,0.0,0,0,0
2017-10-13,118.52015,118.52015,118.194756,118.271324,58765.41,6955122.0,123.58,0.0,0,0,0
2017-10-16,118.38616,118.489525,117.97463,118.12776,80586.805,9521035.0,123.43,0.0,0,0,0
2017-10-17,118.118195,118.35745,118.09905,118.29046,65011.74,7685614.0,123.6,0.0,0,0,0
2017-10-18,118.52015,118.55843,118.166046,118.31917,297416.25,35232680.0,123.63,0.0,0,0,0
2017-10-19,117.87893,118.568,117.47822,118.568,94766.945,11196920.0,123.89,0.0,0,0,0
2017-10-20,119.08481,119.480545,118.99963,119.36235,114171.516,13618744.0,124.72,0.0,0,0,0
2017-10-23,119.60161,119.60161,118.79769,118.81683,122902.58,14644087.0,124.15,0.0,0,0,0
2017-10-24,118.99867,119.056,118.70199,118.90297,72190.1,8583389.0,124.24,0.0,0,0,0
2017-10-25,118.577576,118.672325,117.50578,117.94592,80179.3,9461495.0,123.24,0.0,0,0,0
2017-10-26,118.166046,118.54887,117.91721,118.4723,111025.37,13141487.0,123.79,0.0,0,0,0
2017-10-27,118.25218,119.065674,118.18519,119.02739,67673.06,8027921.0,124.37,0.0,0,0,0
2017-10-30,118.70199,118.88383,118.2139,118.4723,81924.26,9711463.0,123.79,0.0,0,0,0
2017-10-31,118.77856,119.2187,118.74563,119.11352,68621.82,8168250.0,124.46,0.0,0,0,0
2017-11-01,119.62075,119.73215,118.40531,118.61586,103878.34,12339047.0,123.94,0.0,0,0,0
2017-11-02,118.529724,118.92116,118.38616,118.67328,82062.18,9735030.0,124.0,0.0,0,0,0
2017-11-03,118.788124,119.127686,118.54887,119.10394,98343.586,11698709.0,124.45,0.0,0,0,0
2017-11-06,119.247505,119.65253,119.247505,119.59204,89075.45,10644463.0,124.96,0.0,0,0,0
2017-11-07,119.54419,119.69349,118.955605,119.247505,57052.844,6804419.0,124.6,0.0,0,0,0
2017-11-08,119.1518,119.74421,119.03695,119.64946,84497.805,10098577.0,125.02,0.0,0,0,0
2017-11-09,118.92211,119.218796,118.166046,118.989105,71874.55,8538737.0,124.33,0.0,0,0,0
2017-11-10,118.81683,119.26722,118.663704,119.218796,51567.195,6137484.0,124.57,0.0,0,0,0
2017-11-13,118.864685,119.44848,118.682945,119.381485,85956.47,10245002.0,124.74,0.0,0,0,0
2017-11-14,118.99867,119.39106,118.864685,119.381485,73295.586,8739033.0,124.74,0.0,0,0,0
2017-11-15,118.95082,119.17094,118.118195,118.80727,105775.86,12580010.0,124.14,0.0,0,0,0
2017-11-16,119.218796,120.33853,119.218796,120.13755,73316.484,8803503.0,125.53,0.0,0,0,0
2017-11-17,120.19498,120.51559,120.147125,120.42467,93167.23,11218553.0,125.83,0.0,0,0,0
2017-11-20,120.56823,120.85533,120.49166,120.75006,78101.016,9427481.0,126.17,0.0,0,0,0
2017-11-21,121.40085,121.54441,121.14245,121.49655,120296.63,14610319.0,126.95,0.0,0,0,0
2017-11-22,121.66882,121.745384,121.41999,121.41999,68912.3,8375014.0,126.87,0.0,0,0,0
2017-11-24,121.67839,121.83142,121.62365,121.8028,50564.105,6154524.0,127.27,0.0,0,0,0
2017-11-27,121.81238,121.88885,121.25825,121.29557,76287.09,9266451.0,126.74,0.0,0,0,0
2017-11-28,121.534836,122.31961,121.32429,122.27176,78023.695,9510861.0,127.76,0.0,0,0,0
2017-11-29,122.176056,122.30047,121.24773,121.66882,73168.12,8907628.0,127.13,0.0,0,0,0
2017-11-30,122.01336,123.01825,122.01336,122.47274,79935.836,9787712.0,127.97,0.0,0,0,0
2017-12-01,122.37704,122.53973,120.070564,121.86023,140819.23,17120628.0,127.33,0.0,0,0,0
2017-12-04,122.78857,122.97997,121.0946,121.0946,162574.8,19834352.0,126.53,0.0,0,0,0
2017-12-05,121.31472,121.523926,120.59694,120.62565,113055.58,13684404.0,126.04,0.0,0,0,0
2017-12-06,120.45338,120.65436,120.147125,120.35767,149008.0,17942044.0,125.76,0.0,0,0,0
2017-12-07,120.45338,121.34343,120.35767,121.24773,96128.43,11643531.0,126.69,0.0,0,0,0
2017-12-08,121.8698,121.98464,121.63054,121.85066,63105.867,7685306.0,127.32,0.0,0,0,0
2017-12-11,122.04207,122.065994,121.67839,121.87937,92799.42,11305726.0,127.35,0.0,0,0,0
2017-12-12,121.975075,121.975075,121.472824,121.486984,75474.18,9185989.0,126.94,0.0,0,0,0
2017-12-13,121.66882,121.96551,121.47742,121.49655,68084.74,8290489.0,126.95,0.0,0,0,0
2017-12-14,121.7071,121.83152,120.922424,120.9319,94503.63,11470009.0,126.36,0.0,0,0,0
2017-12-15,121.44871,122.204765,121.381714,121.90808,103909.695,12671499.0,127.38,0.0,0,0,0
2017-12-18,122.83642,123.19052,122.82684,122.999115,102029.945,12552932.0,128.52,0.0,0,0,0
2017-12-19,123.16181,123.20009,122.434456,122.52059,79861.65,9802696.0,128.02,0.0,0,0,0
2017-12-20,122.874695,122.874695,122.099495,122.2909,87049.42,10657873.0,127.78,0.0,0,0,0
2017-12-21,122.7757,122.7757,122.23874,122.27709,92098.58,11274396.0,127.52,0.0,0,0,0
2017-12-22,122.363396,122.39753,122.008606,122.30586,84061.125,10273704.0,127.55,0.0,0,0,0
2017-12-26,122.181206,122.55939,122.181206,122.44011,75989.25,9304154.0,127.69,0.0,0,0,0
2017-12-27,122.51681,122.90372,122.44011,122.718185,93590.94,11483460.0,127.98,0.0,0,0,0
2017-12-28,122.91955,123.32228,122.507225,123.207214,291859.62,35887148.0,128.49,0.0,0,0,0
2017-12-29,123.48529,123.48529,122.44969,122.46887,180568.98,22170508.0,127.72,0.0,0,0,0
2018-01-02,122.99626,123.44694,122.66036,123.42776,367814.47,45316124.0,128.72,0.0,0,0,0
2018-01-03,123.725006,124.5113,123.69624,124.444176,182011.28,22608620.0,129.78,0.0,0,0,0
2018-01-04,125.03868,125.2017,124.68389,124.741425,222054.64,27721748.0,130.09,0.0,0,0,0
2018-01-05,125.16334,125.59483,124.96773,125.55648,112412.78,14090860.0,130.94,0.0,0,0,0
2018-01-08,125.58525,126.2277,125.335945,126.12222,100241.36,12618826.0,131.53,0.0,0,0,0
2018-01-09,126.32359,126.43866,125.97839,126.12222,133526.88,16855916.0,131.53,0.0,0,0,0
2018-01-10,125.815384,125.815384,125.101006,125.37429,153176.77,19204370.0,130.75,0.0,0,0,0
2018-01-11,125.54688,126.46934,125.54688,126.45784,158240.98,19944472.0,131.88,0.0,0,0,0
2018-01-12,126.75509,127.2633,126.46742,127.12906,417709.88,52930790.0,132.58,0.0,0,0,0
2018-01-16,127.68521,127.97288,125.93822,126.2277,198884.0,25262288.0,131.64,0.0,0,0,0
2018-01-17,126.889336,127.55,126.42908,127.27288,120807.945,15354099.0,132.73,0.0,0,0,0
2018-01-18,127.205765,127.48384,126.85097,127.13864,107915.9,13728838.0,132.59,0.0,0,0,0
2018-01-19,127.35919,128.05917,127.35919,128.05917,92970.42,11877313.0,133.55,0.0,0,0,0
2018-01-22,128.05917,128.75916,127.78109,128.75916,110566.89,14186712.0,134.28,0.0,0,0,0
2018-01-23,128.86464,129.43105,128.68245,129.36327,127549.1,16478825.0,134.91,0.0,0,0,0
2018-01-24,129.56462,130.08232,128.76971,129.19066,125822.1,16267587.0,134.73,0.0,0,0,0
2018-01-25,129.80434,129.80434,128.96053,129.28654,80201.43,10372435.0,134.83,0.0,0,0,0
2018-01-26,129.54546,130.62898,129.53586,130.62898,102283.31,13310911.0,136.23,0.0,0,0,0
2018-01-29,130.2742,130.45639,129.25873,129.42079,106668.62,13839207.0,134.97,0.0,0,0,0
2018-01-30,128.58656,128.8934,128.05054,128.36601,115787.53,14883702.0,133.87,0.0,0,0,0
2018-01-31,128.85506,129.07559,127.99205,128.5482,113898.88,14646838.0,134.06,0.0,0,0,0
2018-02-01,128.25095,129.0659,128.04767,128.49068,489095.88,62861704.0,134.0,0.0,0,0,0
2018-02-02,127.68521,127.69479,125.806755,125.93045,213524.95,27030792.0,131.33,0.0,0,0,0
2018-02-05,124.88527,126.38016,121.3278,121.33739,297255.47,36856636.0,126.54,0.0,0,0,0
2018-02-06,119.04565,123.16885,118.39361,122.80449,489455.66,59383590.0,128.07,0.0,0,0,0
2018-02-07,122.488045,124.15881,122.11753,122.45928,205720.05,25361740.0,127.71,0.0,0,0,0
2018-02-08,122.93873,123.03691,118.163475,118.163475,250490.78,30155600.0,123.23,0.0,0,0,0
2018-02-09,119.22784,120.48398,115.881325,119.67851,334358.97,39490744.0,124.81,0.0,0,0,0
2018-02-12,120.34014,122.017815,119.67841,121.40451,194791.75,23602610.0,126.61,0.0,0,0,0
2018-02-13,120.934654,122.12271,120.35932,121.92231,172440.8,20951278.0,127.15,0.0,0,0,0
2018-02-14,121.12643,123.93262,120.915474,123.78254,125109.81,15386959.0,129.09,0.0,0,0,0
2018-02-15,124.56883,125.46059,123.53122,125.46059,108662.59,13539817.0,130.84,0.0,0,0,0
2018-02-16,124.990746,126.09356,124.9332,125.268814,124032.52,15568829.0,130.64,0.0,0,0,0
2018-02-20,124.70308,125.92087,124.45376,124.81814,248415.45,31086624.0,130.17,0.0,0,0,0
2018-02-21,125.134575,126.313995,124.233215,124.233215,94943.55,11905219.0,129.56,0.0,0,0,0
2018-02-22,124.626366,125.25961,123.8113,124.08939,164306.36,20471358.0,129.41,0.0,0,0,0
2018-02-23,124.81814,125.76744,124.24665,125.76744,61791.52,7723463.0,131.16,0.0,0,0,0
2018-02-26,126.313995,126.60167,125.595985,126.56332,112872.695,14240560.0,131.99,0.0,0,0,0
2018-02-27,126.659195,127.06193,125.16334,125.16334,111572.23,14053443.0,130.53,0.0,0,0,0
2018-02-28,125.642784,126.25043,124.33869,124.33869,101116.336,12682140.0,129.67,0.0,0,0,0
2018-03-01,124.18527,124.86609,122.25791,123.005844,212616.61,26220528.0,128.28,0.0,0,0,0
2018-03-02,122.22915,124.63595,121.88395,124.48254,129344.94,15946672.0,129.82,0.0,0,0,0
2018-03-05,123.84007,126.20852,123.78254,125.92087,73858.66,9258645.0,131.32,0.0,0,0,0
2018-03-06,126.43866,126.97563,125.815384,126.97563,112419.04,14221432.0,132.42,0.0,0,0,0
2018-03-07,125.89208,127.597946,125.89208,127.48384,133271.38,16917706.0,132.95,0.0,0,0,0
2018-03-08,127.905754,128.08794,127.330414,127.91534,97190.945,12410005.0,133.4,0.0,0,0,0
2018-03-09,128.70163,130.1016,128.58656,130.1016,118980.82,15397520.0,135.68,0.0,0,0,0
2018-03-12,130.31255,130.50386,129.88202,130.21667,91455.125,11912085.0,135.8,0.0,0,0,0
2018-03-13,130.83994,130.83994,129.18108,129.41121,91162.07,11843723.0,134.96,0.0,0,0,0
2018-03-14,129.97694,129.97694,128.89821,129.13312,96283.64,12447912.0,134.67,0.0,0,0,0
2018-03-15,129.3153,129.42079,128.42163,128.76874,203167.1,26192586.0,134.29,0.0,0,0,0
2018-03-16,128.93176,129.51093,128.90865,129.22902,59870.54,7736460.0,134.77,0.0,0,0,0
2018-03-19,128.57697,128.85889,126.95645,127.87698,130795.58,16717906.0,133.36,0.0,0,0,0
2018-03-20,128.08794,128.62491,128.01123,128.36601,91082.81,11688567.0,133.87,0.0,0,0,0
2018-03-21,128.44272,129.39107,128.1359,128.30849,115662.39,14897405.0,133.81,0.0,0,0,0
2018-03-22,127.230286,127.84765,125.20374,125.24215,183064.95,23132708.0,130.4,0.0,0,0,0
2018-03-23,125.270966,125.828026,122.658554,122.81223,222433.12,27572332.0,127.87,0.0,0,0,0
2018-03-26,124.72352,125.9721,123.43652,125.84724,248448.11,30983124.0,131.03,0.0,0,0,0
2018-03-27,126.557976,126.55855,122.850655,123.46534,208560.39,26009844.0,128.55,0.0,0,0,0
2018-03-28,123.503746,123.926346,122.24557,122.71618,170409.38,20961188.0,127.77,0.0,0,0,0
2018-03-29,123.27325,125.24215,123.02352,124.483406,121826.734,15147633.0,129.61,0.0,0,0,0
2018-04-02,123.926346,124.14725,120.27666,121.400375,261345.25,31716492.0,126.4,0.0,0,0,0
2018-04-03,122.16873,122.73472,121.198685,122.50489,218037.25,26627868.0,127.55,0.0,0,0,0
2018-04-04,120.61281,124.099236,120.45914,123.87832,178205.75,21873436.0,128.98,0.0,0,0,0
2018-04-05,124.55063,125.136505,124.20489,124.627464,96415.625,12016832.0,129.76,0.0,0,0,0
2018-04-06,123.44612,124.13764,120.843315,121.6693,166380.0,20409272.0,126.68,0.0,0,0,0
2018-04-09,122.46647,123.72466,121.957436,122.024666,120188.95,14784395.0,127.05,0.0,0,0,0
2018-04-10,123.657425,124.51222,123.09076,124.10883,308860.7,38313736.0,129.22,0.0,0,0,0
2018-04-11,123.254036,124.43538,123.254036,123.52296,139980.8,17319828.0,128.61,0.0,0,0,0
2018-04-12,124.18567,124.80995,123.93594,124.39697,129550.23,16126145.0,129.52,0.0,0,0,0
2018-04-13,125.09809,125.09809,123.27325,123.772675,142039.22,17599796.0,128.87,0.0,0,0,0
2018-04-16,124.61787,125.3795,124.35528,124.96363,131795.02,16476508.0,130.11,0.0,0,0,0
2018-04-17,125.78961,127.09582,125.621346,126.75966,110615.27,14006034.0,131.98,0.0,0,0,0
2018-04-18,127.09582,127.62359,126.605995,127.17266,88900.37,11319143.0,132.41,0.0,0,0,0
2018-04-19,126.66362,126.88355,125.419846,125.84724,126874.39,15966048.0,131.03,0.0,0,0,0
2018-04-20,125.87605,126.000916,124.685104,125.04047,106654.62,13356579.0,130.19,0.0,0,0,0
2018-04-23,125.38623,125.780014,124.29132,124.84838,109533.484,13683957.0,129.99,0.0,0,0,0
2018-04-24,125.28058,125.5399,122.04388,122.92748,170727.97,21055816.0,127.99,0.0,0,0,0
2018-04-25,122.764206,122.92748,121.57326,122.78342,264032.53,32339242.0,127.84,0.0,0,0,0
2018-04-26,123.42691,124.20489,122.851036,123.84951,72024.875,8915071.0,128.95,0.0,0,0,0
2018-04-27,124.08962,124.36816,123.69583,124.176056,70833.76,8791796.0,129.29,0.0,0,0,0
2018-04-30,124.43538,124.78114,123.43652,123.43652,97067.41,12034914.0,128.52,0.0,0,0,0
2018-05-01,123.20601,124.041595,122.745,123.964775,90586.04,11187437.0,129.07,0.0,0,0,0
2018-05-02,123.85912,124.50262,123.19641,123.33087,127552.2,15783385.0,128.41,0.0,0,0,0
2018-05-03,122.831436,123.8303,121.82297,123.542175,161022.06,19822572.0,128.63,0.0,0,0,0
2018-05-04,122.985115,125.32821,122.93709,124.87719,64151.445,7984189.0,130.02,0.0,0,0,0
2018-05-07,125.31899,126.10675,125.31899,125.722374,87565.57,11007202.0,130.9,0.0,0,0,0
2018-05-08,125.491875,126.37452,125.45586,126.34667,93752.28,11811630.0,131.55,0.0,0,0,0
2018-05-09,126.65401,127.76813,126.44271,127.53762,94393.65,12020410.0,132.79,0.0,0,0,0
2018-05-10,127.94102,128.80609,127.94102,128.51727,83424.78,10716671.0,133.81,0.0,0,0,0
2018-05-11,128.63252,129.11275,128.41354,128.71898,150942.38,19421680.0,134.02,0.0,0,0,0
2018-05-14,128.93988,129.30486,128.01967,128.25795,247290.33,31752128.0,133.54,0.0,0,0,0
2018-05-15,127.60486,127.74796,127.02858,127.566444,100986.414,12866852.0,132.82,0.0,0,0,0
2018-05-16,127.65288,128.27832,127.63367,128.00824,84952.2,10870518.0,133.28,0.0,0,0,0
2018-05-17,127.94102,128.3348,127.345535,127.84497,305939.12,39154770.0,133.11,0.0,0,0,0
2018-05-18,127.73932,128.32422,127.7278,128.24835,83037.46,10637072.0,133.53,0.0,0,0,0
2018-05-21,128.88225,129.42961,128.68056,129.10315,777200.4,100114030.0,134.42,0.0,0,0,0
2018-05-22,129.33366,129.45851,128.04666,128.1523,70852.5,9115903.0,133.43,0.0,0,0,0
2018-05-23,127.57604,128.68056,127.30712,128.68056,127106.57,16302637.0,133.98,0.0,0,0,0
2018-05-24,128.50768,128.85344,127.81097,128.64214,123882.03,15912676.0,133.94,0.0,0,0,0
2018-05-25,128.38281,128.81502,128.22914,128.45006,85164.6,10940002.0,133.74,0.0,0,0,0
2018-05-29,127.73932,128.18114,126.87492,127.57604,133274.55,16993884.0,132.83,0.0,0,0,0
2018-05-30,128.22914,129.49693,128.22914,129.18,180694.17,23283900.0,134.5,0.0,0,0,0
2018-05-31,128.90146,129.12236,127.938614,128.05627,85084.43,10930758.0,133.33,0.0,0,0,0
2018-06-01,128.72858,129.7745,128.69977,129.64099,232743.95,30101092.0,134.98,0.0,0,0,0
2018-06-04,129.90031,130.34213,129.50635,130.33252,118643.836,15431153.0,135.7,0.0,0,0,0
2018-06-05,130.45738,130.98218,130.35558,130.87036,114161.55,14925277.0,136.26,0.0,0,0,0
2018-06-06,131.02405,131.96527,130.87036,131.96527,101166.54,13290365.0,137.4,0.0,0,0,0
2018-06-07,132.12857,132.25014,130.63986,131.26416,115534.87,15159983.0,136.67,0.0,0,0,0
2018-06-08,130.99522,132.00371,130.99522,131.95567,255841.56,33728856.0,137.39,0.0,0,0,0
2018-06-11,131.98448,132.32065,131.87885,132.09013,89411.586,11817207.0,137.53,0.0,0,0,0
2018-06-12,132.30144,133.35793,132.30144,133.22346,95670.13,12724217.0,138.71,0.0,0,0,0
2018-06-13,133.32912,133.63934,132.59917,132.72403,98491.74,13113702.0,138.19,0.0,0,0,0
2018-06-14,133.24268,133.67487,133.10918,133.46358,89825.98,11988220.0,138.96,0.0,0,0,0
2018-06-15,132.91612,133.58842,132.54155,133.502,133100.66,17728500.0,139.0,0.0,0,0,0
2018-06-18,132.75285,133.86697,132.56076,133.80934,130299.88,17398398.0,139.32,0.0,0,0,0
2018-06-19,132.6184,133.06018,131.7636,132.98335,94247.88,12497843.0,138.46,0.0,0,0,0
2018-06-20,133.4924,134.0389,133.42612,133.73251,94003.2,12573766.0,139.24,0.0,0,0,0
2018-06-21,133.70369,133.75104,132.27982,132.39749,83026.01,11024435.0,137.85,0.0,0,0,0
2018-06-22,132.97061,132.97061,132.00371,132.07585,76095.71,10068409.0,137.28,0.0,0,0,0
2018-06-25,131.4986,131.4986,128.95868,129.57442,135114.03,17537416.0,134.68,0.0,0,0,0
2018-06-26,129.85342,130.30562,129.31465,129.81494,86776.61,11277766.0,134.93,0.0,0,0,0
2018-06-27,130.19978,130.64233,128.0928,128.0928,108550.02,14049202.0,133.14,0.0,0,0,0
2018-06-28,127.91963,129.38008,127.55403,129.04527,86204.94,11062626.0,134.13,0.0,0,0,0
2018-06-29,129.52632,130.26712,129.31465,129.31465,94607.47,12284576.0,134.41,0.0,0,0,0
2018-07-02,128.36218,129.53593,128.1409,129.48782,323764.6,41730760.0,134.59,0.0,0,0,0
2018-07-03,130.0266,130.21902,129.17033,129.34352,116843.414,15159826.0,134.44,0.0,0,0,0
2018-07-05,129.96887,130.52689,129.2858,130.50764,65869.02,8556640.0,135.65,0.0,0,0,0
2018-07-06,130.6712,131.98927,130.47685,131.8642,77992.62,10262494.0,137.06,0.0,0,0,0
2018-07-09,132.51842,132.79742,131.95078,132.79742,102669.08,13599568.0,138.03,0.0,0,0,0
2018-07-10,133.03795,133.21103,132.46617,132.90326,107730.97,14312656.0,138.14,0.0,0,0,0
2018-07-11,132.22017,132.7676,132.01813,132.36449,74868.17,9915304.0,137.58,0.0,0,0,0
2018-07-12,133.0668,133.98079,132.77818,133.96156,132175.64,17625158.0,139.24,0.0,0,0,0
2018-07-13,134.00003,134.2597,133.64407,133.85573,93065.0,12463031.0,139.13,0.0,0,0,0
2018-07-16,133.91345,134.0289,132.93558,133.1534,92082.766,12276867.0,138.4,0.0,0,0,0
2018-07-17,132.78781,134.00003,132.65599,133.90382,69665.97,9308264.0,139.18,0.0,0,0,0
2018-07-18,133.798,134.1251,133.47089,134.11548,87260.98,11683395.0,139.4,0.0,0,0,0
2018-07-19,133.80762,134.54843,133.49974,134.28867,80292.82,10773277.0,139.58,0.0,0,0,0
2018-07-20,134.19246,134.31483,133.89421,133.96156,224844.62,30130898.0,139.24,0.0,0,0,0
2018-07-23,133.87495,134.09615,133.36505,134.03853,82510.91,11050399.0,139.32,0.0,0,0,0
2018-07-24,134.49069,134.65427,132.78781,133.18225,75318.234,10051988.0,138.43,0.0,0,0,0
2018-07-25,133.16302,135.01985,133.16302,135.01985,78037.31,10477117.0,140.34,0.0,0,0,0
2018-07-26,135.01985,135.20747,134.46666,134.95251,96365.1,13002394.0,140.27,0.0,0,0,0
2018-07-27,134.88516,134.88516,132.04218,132.58577,114261.54,15226217.0,137.81,0.0,0,0,0
2018-07-30,132.56651,132.66081,130.575,130.73856,138928.64,18224104.0,135.89,0.0,0,0,0
2018-07-31,131.14262,132.12819,130.60483,131.66217,106549.17,14013712.0,136.85,0.0,0,0,0
2018-08-01,131.6814,131.94473,131.01755,131.39278,80618.15,10596350.0,136.57,0.0,0,0,0
2018-08-02,130.6712,132.82628,130.6712,132.75894,164573.83,21811864.0,137.99,0.0,0,0,0
2018-08-03,132.99947,133.0187,132.08546,132.65312,145036.17,19205034.0,137.88,0.0,0,0,0
2018-08-06,132.67235,133.46127,132.61366,133.42278,79156.75,10542831.0,138.68,0.0,0,0,0
2018-08-07,133.77876,134.05775,133.53708,133.94232,90173.38,12072913.0,139.22,0.0,0,0,0
2018-08-08,133.91345,133.91345,133.39037,133.54785,91651.414,12248129.0,138.81,0.0,0,0,0
2018-08-09,133.76913,134.46175,133.68831,133.9327,78737.875,10561370.0,139.21,0.0,0,0,0
2018-08-10,133.02834,133.85573,133.02834,133.30733,81905.97,10924017.0,138.56,0.0,0,0,0
2018-08-13,133.41316,133.91316,132.54729,132.73009,86271.46,11491986.0,137.96,0.0,0,0,0
2018-08-14,133.1053,133.84802,132.88268,133.6633,57692.047,7707330.0,138.93,0.0,0,0,0
2018-08-15,132.9225,132.98984,131.51784,132.25865,106749.77,14095052.0,137.47,0.0,0,0,0
2018-08-16,133.09567,133.73065,132.76279,133.21114,156606.8,20873204.0,138.46,0.0,0,0,0
2018-08-17,133.03795,133.92682,132.9225,133.81723,96550.12,12865163.0,139.09,0.0,0,0,0
2018-08-20,134.11548,134.49069,133.7018,134.29828,136592.06,18327470.0,139.59,0.0,0,0,0
2018-08-21,134.50995,135.26038,134.47531,134.88516,90616.164,12233003.0,140.2,0.0,0,0,0
2018-08-22,134.56767,135.19304,134.54843,135.0391,51612.58,6968028.0,140.36,0.0,0,0,0
2018-08-23,134.88516,135.4143,134.6254,134.8659,106836.05,14427320.0,140.18,0.0,0,0,0
2018-08-24,135.53938,136.46204,135.53938,136.39565,99955.195,13611086.0,141.77,0.0,0,0,0
2018-08-27,136.93442,137.45299,136.90518,137.2038,81866.48,11237062.0,142.61,0.0,0,0,0
2018-08-28,137.51166,137.8003,136.96327,137.5213,72783.13,10000618.0,142.94,0.0,0,0,0
2018-08-29,137.6656,138.36794,137.44432,138.25247,98983.36,13667106.0,143.7,0.0,0,0,0
2018-08-30,137.91576,138.14665,137.12683,137.35774,81059.9,11153342.0,142.77,0.0,0,0,0
2018-08-31,137.26152,137.80992,137.26152,137.78107,66294.14,9122450.0,143.21,0.0,0,0,0
2018-09-04,137.50204,137.94461,137.12683,137.81953,110046.76,15142084.0,143.25,0.0,0,0,0
2018-09-05,137.64638,137.64638,135.76549,136.66504,142152.88,19433632.0,142.05,0.0,0,0,0
2018-09-06,136.78049,137.1557,136.02043,136.44376,135289.69,18460760.0,141.82,0.0,0,0,0
2018-09-07,135.92422,136.95357,135.53938,136.0493,87842.0,11962496.0,141.41,0.0,0,0,0
2018-09-10,136.7901,137.14511,136.46742,136.93442,102043.36,13965865.0,142.33,0.0,0,0,0
2018-09-11,136.61693,137.63673,136.40526,137.35774,123737.77,16996816.0,142.77,0.0,0,0,0
2018-09-12,137.21342,137.64638,136.30713,137.54054,79799.1,10945592.0,142.96,0.0,0,0,0
2018-09-13,138.04082,138.43797,137.81897,138.10817,83595.0,11542233.0,143.55,0.0,0,0,0
2018-09-14,138.28134,138.51215,137.73296,138.214,253429.23,35019692.0,143.66,0.0,0,0,0
2018-09-17,138.214,138.214,136.5313,136.66504,128486.805,17613562.0,142.05,0.0,0,0,0
2018-09-18,136.84784,137.65501,136.84784,137.37697,70270.9,9652785.0,142.79,0.0,0,0,0
2018-09-19,137.3866,137.554,136.6606,136.8767,133095.52,18225268.0,142.27,0.0,0,0,0
2018-09-20,137.30963,137.72237,137.09798,137.60788,77502.02,10654569.0,143.03,0.0,0,0,0
2018-09-21,138.0312,138.12741,137.2038,137.29039,71261.445,9809496.0,142.7,0.0,0,0,0
2018-09-24,137.04987,137.28078,136.56882,137.17494,84697.805,11605093.0,142.58,0.0,0,0,0
2018-09-25,137.4828,137.78107,137.35245,137.59827,131882.53,18145512.0,143.02,0.0,0,0,0
2018-09-26,137.71371,138.15628,136.82858,136.98253,92176.31,12679690.0,142.38,0.0,0,0,0
2018-09-27,137.18456,137.5694,137.12683,137.19418,73394.305,10079729.0,142.6,0.0,0,0,0
2018-09-28,136.85928,137.70737,136.85928,137.33151,74404.664,10223476.0,142.5,0.0,0,0,0
2018-10-01,137.92902,137.96411,136.6328,136.90747,149415.31,20508314.0,142.06,0.0,0,0,0
2018-10-02,136.76291,136.76291,135.64981,135.75099,142663.4,19426976.0,140.86,0.0,0,0,0
2018-10-03,136.36778,136.53644,135.73172,136.04974,103490.61,14103191.0,141.17,0.0,0,0,0
2018-10-04,135.6257,135.6257,133.2591,133.98737,135650.03,18193746.0,139.03,0.0,0,0,0
2018-10-05,134.02592,134.5078,131.9828,133.04292,139037.92,18483994.0,138.05,0.0,0,0,0
2018-10-08,132.6767,132.73451,130.69142,131.76115,128958.33,16963300.0,136.72,0.0,0,0,0
2018-10-09,131.49132,132.32175,131.24431,131.42384,94735.05,12471407.0,136.37,0.0,0,0,0
2018-10-10,130.90344,131.11546,126.316086,126.43173,277795.66,35616880.0,131.19,0.0,0,0,0
2018-10-11,125.71857,127.23163,123.6851,124.25369,406703.16,51055668.0,128.93,0.0,0,0,0
2018-10-12,126.65338,127.154526,124.66916,126.33535,417684.44,52558830.0,131.09,0.0,0,0,0
2018-10-15,126.22934,127.048515,125.525826,126.00769,101500.43,12819307.0,130.75,0.0,0,0,0
2018-10-16,126.89432,129.57349,126.6823,129.41928,160915.42,20661594.0,134.29,0.0,0,0,0
2018-10-17,129.36147,129.41919,127.63639,128.86996,110873.39,14278601.0,133.72,0.0,0,0,0
2018-10-18,128.39774,128.57121,126.14299,126.78831,94649.96,12035554.0,131.56,0.0,0,0,0
2018-10-19,127.27017,127.97369,125.38127,125.53545,176673.98,22240928.0,130.26,0.0,0,0,0
2018-10-22,125.93059,126.12932,124.677734,125.43909,94609.49,11867209.0,130.16,0.0,0,0,0
2018-10-23,123.28033,125.034325,121.76727,124.36935,142068.84,17536748.0,129.05,0.0,0,0,0
2018-10-24,124.44645,124.889755,120.10966,120.11929,187956.19,22892600.0,124.64,0.0,0,0,0
2018-10-25,120.95774,122.769554,120.20604,122.03712,270373.47,32911436.0,126.63,0.0,0,0,0
2018-10-26,119.7338,121.42997,118.02801,119.80126,191427.08,22944736.0,124.31,0.0,0,0,0
2018-10-29,122.20096,122.58163,117.68106,119.30977,417331.66,50232424.0,123.8,0.0,0,0,0
2018-10-30,119.37723,122.12839,119.37723,122.04675,218666.03,26475902.0,126.64,0.0,0,0,0
2018-10-31,123.45381,125.19816,123.45381,124.02241,218009.22,27165054.0,128.69,0.0,0,0,0
2018-11-01,124.16696,126.311646,123.84892,126.1137,175702.75,21964540.0,130.86,0.0,0,0,0
2018-11-02,127.18344,127.453285,124.73556,125.66074,226662.05,28520204.0,130.39,0.0,0,0,0
2018-11-05,125.747475,126.14261,124.70664,125.766754,91651.195,11499062.0,130.5,0.0,0,0,0
2018-11-06,125.67037,126.44735,125.57882,126.316086,70601.734,8900756.0,131.07,0.0,0,0,0
2018-11-07,127.36655,128.73505,127.36655,128.65794,106551.63,13657843.0,133.5,0.0,0,0,0
2018-11-08,128.10861,128.67722,127.77132,128.29172,180372.11,23136582.0,133.12,0.0,0,0,0
2018-11-09,127.3569,127.3569,125.77639,126.79795,115701.5,14644308.0,131.57,0.0,0,0,0
2018-11-12,126.58593,126.62871,123.72365,123.88748,120741.3,15044478.0,128.55,0.0,0,0,0
2018-11-13,124.23443,125.44872,123.49235,123.820015,101049.055,12549808.0,128.48,0.0,0,0,0
2018-11-14,124.995766,125.21742,122.41297,123.049034,105190.26,12994683.0,127.68,0.0,0,0,0
2018-11-15,122.1335,125.14091,121.911835,124.909035,141498.16,17478752.0,129.61,0.0,0,0,0
2018-11-16,124.25369,125.69929,124.18624,125.36199,115090.336,14396209.0,130.08,0.0,0,0,0
2018-11-19,125.11143,125.30417,122.00821,122.25878,128943.805,15830497.0,126.86,0.0,0,0,0
2018-11-20,120.08075,121.748,119.56033,120.456604,230757.6,27823696.0,124.99,0.0,0,0,0
2018-11-21,121.5167,122.83692,121.46524,121.94074,159126.53,19459736.0,126.53,0.0,0,0,0
2018-11-23,120.99629,122.53816,120.99629,121.738365,69807.94,8514215.0,126.32,0.0,0,0,0
2018-11-26,123.11649,124.01276,122.86593,123.93568,186548.11,23078776.0,128.6,0.0,0,0,0
2018-11-27,123.34779,123.77877,122.871414,123.41525,103215.64,12728517.0,128.06,0.0,0,0,0
2018-11-28,124.051315,126.54737,123.83987,126.54737,111588.32,14006151.0,131.31,0.0,0,0,0
2018-11-29,125.93059,127.154526,125.48728,126.35463,115757.54,14640378.0,131.11,0.0,0,0,0
2018-11-30,126.27753,127.23163,126.14271,127.10634,107191.86,13587513.0,131.89,0.0,0,0,0
2018-12-03,129.37111,129.94934,128.09898,129.07234,939214.4,121030370.0,133.93,0.0,0,0,0
2018-12-04,128.65794,128.97598,124.34044,124.50427,203899.45,25695864.0,129.19,0.0,0,0,0
2018-12-06,122.3937,124.61991,120.95774,124.61991,266135.78,32670522.0,129.31,0.0,0,0,0
2018-12-07,124.27297,125.2367,120.63007,121.16977,241658.98,29585270.0,125.73,0.0,0,0,0
2018-12-10,121.06375,121.98894,119.3194,121.60344,496030.06,59921184.0,126.18,0.0,0,0,0
2018-12-11,123.65618,123.714005,120.93847,121.545616,730058.25,89723560.0,126.12,0.0,0,0,0
2018-12-12,123.20323,124.18624,122.53826,122.55753,548101.7,67753710.0,127.17,0.0,0,0,0
2018-12-13,122.94302,123.37671,121.36251,121.78655,162708.45,19838532.0,126.37,0.0,0,0,0
2018-12-14,120.58189,121.49743,119.62779,119.9651,165215.38,19888784.0,124.48,0.0,0,0,0
2018-12-17,119.37723,119.74335,116.236145,116.82334,336976.16,39691890.0,121.22,0.0,0,0,0
2018-12-18,117.864174,118.18933,116.11981,116.86189,422793.75,49585396.0,121.26,0.0,0,0,0
2018-12-19,117.08354,118.77971,114.50075,115.22355,288389.94,33702150.0,119.56,0.0,0,0,0
2018-12-20,114.57785,115.09827,111.49392,112.87205,409417.62,46345404.0,117.12,0.0,0,0,0
2018-12-21,113.29609,114.25018,110.28925,110.6362,413549.47,46267070.0,114.8,0.0,0,0,0
2018-12-24,109.76543,110.27759,108.01637,108.045364,262261.3,28592618.0,111.81,0.0,0,0,0
2018-12-26,108.69281,113.64041,108.17099,113.57277,893550.8,99209624.0,117.53,0.0,0,0,0
2018-12-27,111.872025,114.74203,110.57715,114.74203,648399.56,72799250.0,118.74,0.0,0,0,0
2018-12-28,115.341156,115.93062,113.59915,114.39415,488673.62,56014216.0,118.38,0.0,0,0,0
2018-12-31,115.2252,115.66005,114.36516,115.66005,482451.1,55532060.0,119.69,0.0,0,0,0
